deal_id,date,manager,region,product,negotiations_held,sale,sale_amount,gm,discount,client_type,source,demo_data
1000,2026-05-16,Менеджер 4,Гродно,офисные столы,1,0,0.0,0.0,0.0,повторный,партнёр,True
1001,2026-05-16,Менеджер 1,Брест,офисные столы,1,0,0.0,0.0,0.0,новый,сайт,True
1002,2026-05-16,Менеджер 3,Брест,офисные кресла,1,0,0.0,0.0,0.0,повторный,партнёр,True
1003,2026-05-16,Менеджер 4,Гродно,офисные кресла,1,1,717.51,251.76,0.097,повторный,звонок,True
1004,2026-05-16,Менеджер 2,Брест,офисные столы,1,1,896.73,239.53,0.075,новый,реклама,True
1005,2026-05-16,Менеджер 3,Витебск,шкафы,1,1,1439.94,381.26,0.053,новый,сайт,True
1006,2026-05-16,Менеджер 4,Гродно,офисные кресла,1,1,712.6,247.78,0.092,повторный,партнёр,True
1007,2026-05-16,Менеджер 3,Гомель,офисные столы,1,1,908.31,272.78,0.045,повторный,партнёр,True
1008,2026-05-16,Менеджер 4,Гомель,офисные столы,1,1,880.75,235.22,0.066,новый,реклама,True
1009,2026-05-16,Менеджер 5,Витебск,офисные кресла,1,0,0.0,0.0,0.0,повторный,реклама,True
1010,2026-05-16,Менеджер 4,Гомель,офисные столы,1,1,699.94,218.12,0.065,новый,партнёр,True
1011,2026-05-16,Менеджер 1,Брест,офисные столы,1,0,0.0,0.0,0.0,новый,партнёр,True
1012,2026-05-16,Менеджер 2,Брест,офисные кресла,1,0,0.0,0.0,0.0,повторный,звонок,True
1013,2026-05-16,Менеджер 4,Могилёв,шкафы,1,1,1517.33,412.17,0.042,новый,партнёр,True
1014,2026-05-16,Менеджер 2,Брест,офисные столы,1,0,0.0,0.0,0.0,новый,сайт,True
1015,2026-05-16,Менеджер 3,Витебск,офисные столы,1,0,0.0,0.0,0.0,новый,партнёр,True
1016,2026-05-16,Менеджер 1,Витебск,офисные столы,1,0,0.0,0.0,0.0,новый,сайт,True
1017,2026-05-16,Менеджер 5,Гомель,офисные столы,1,1,864.84,274.76,0.16,новый,партнёр,True
1018,2026-05-16,Менеджер 3,Брест,офисные кресла,1,0,0.0,0.0,0.0,повторный,партнёр,True
1019,2026-05-16,Менеджер 1,Могилёв,офисные столы,1,0,0.0,0.0,0.0,новый,партнёр,True
1020,2026-05-16,Менеджер 5,Брест,офисные кресла,1,0,0.0,0.0,0.0,новый,сайт,True
1021,2026-05-16,Менеджер 5,Гродно,офисные кресла,1,1,536.85,154.22,0.054,новый,реклама,True
1022,2026-05-16,Менеджер 5,Витебск,шкафы,1,0,0.0,0.0,0.0,повторный,звонок,True
1023,2026-05-16,Менеджер 4,Гомель,офисные столы,1,0,0.0,0.0,0.0,новый,сайт,True
1024,2026-05-16,Менеджер 5,Брест,офисные кресла,1,0,0.0,0.0,0.0,повторный,звонок,True
1025,2026-05-16,Менеджер 3,Гомель,офисные кресла,1,1,720.35,209.87,0.084,новый,реклама,True
1026,2026-05-16,Менеджер 4,Гродно,офисные столы,1,0,0.0,0.0,0.0,новый,партнёр,True
1027,2026-05-16,Менеджер 5,Витебск,офисные столы,1,0,0.0,0.0,0.0,повторный,звонок,True
1028,2026-05-16,Менеджер 1,Гомель,офисные столы,1,1,863.64,285.45,0.084,новый,сайт,True
1029,2026-05-16,Менеджер 5,Гродно,шкафы,1,0,0.0,0.0,0.0,повторный,звонок,True
1030,2026-05-16,Менеджер 2,Могилёв,офисные столы,1,0,0.0,0.0,0.0,новый,сайт,True
1031,2026-05-16,Менеджер 4,Брест,шкафы,1,1,1416.65,429.38,0.029,новый,реклама,True
1032,2026-05-16,Менеджер 1,Гомель,офисные столы,1,0,0.0,0.0,0.0,новый,сайт,True
1033,2026-05-16,Менеджер 2,Гомель,офисные кресла,1,1,536.35,153.55,0.069,новый,партнёр,True
1034,2026-05-16,Менеджер 4,Брест,офисные столы,1,0,0.0,0.0,0.0,новый,реклама,True
1035,2026-05-16,Менеджер 2,Могилёв,офисные кресла,1,0,0.0,0.0,0.0,новый,сайт,True
1036,2026-05-16,Менеджер 5,Витебск,офисные кресла,1,1,790.38,292.99,0.117,повторный,партнёр,True
1037,2026-05-16,Менеджер 4,Гродно,офисные столы,1,1,919.37,296.86,0.07,новый,реклама,True
1038,2026-05-16,Менеджер 2,Гродно,офисные столы,1,1,895.74,246.2,0.01,новый,партнёр,True
1039,2026-05-16,Менеджер 2,Гродно,офисные кресла,1,0,0.0,0.0,0.0,новый,реклама,True
1040,2026-05-16,Менеджер 2,Гомель,офисные столы,1,0,0.0,0.0,0.0,новый,сайт,True
1041,2026-05-16,Менеджер 4,Витебск,офисные кресла,1,0,0.0,0.0,0.0,повторный,партнёр,True
1042,2026-05-16,Менеджер 1,Гомель,шкафы,1,0,0.0,0.0,0.0,повторный,реклама,True
1043,2026-05-17,Менеджер 1,Могилёв,шкафы,1,0,0.0,0.0,0.0,новый,партнёр,True
1044,2026-05-17,Менеджер 4,Гомель,шкафы,1,0,0.0,0.0,0.0,новый,реклама,True
1045,2026-05-17,Менеджер 4,Витебск,офисные столы,1,0,0.0,0.0,0.0,повторный,партнёр,True
1046,2026-05-17,Менеджер 4,Могилёв,шкафы,1,1,1498.98,396.19,0.095,новый,звонок,True
1047,2026-05-17,Менеджер 1,Гродно,офисные кресла,1,0,0.0,0.0,0.0,повторный,партнёр,True
1048,2026-05-17,Менеджер 5,Брест,офисные столы,1,0,0.0,0.0,0.0,новый,сайт,True
1049,2026-05-17,Менеджер 1,Гомель,шкафы,1,0,0.0,0.0,0.0,повторный,реклама,True
1050,2026-05-17,Менеджер 3,Витебск,офисные столы,1,0,0.0,0.0,0.0,новый,реклама,True
1051,2026-05-17,Менеджер 1,Гродно,офисные столы,1,1,732.74,233.14,0.052,новый,сайт,True
1052,2026-05-17,Менеджер 1,Брест,офисные кресла,1,1,682.85,241.71,0.113,новый,партнёр,True
1053,2026-05-17,Менеджер 2,Брест,офисные кресла,1,0,0.0,0.0,0.0,новый,сайт,True
1054,2026-05-17,Менеджер 3,Могилёв,офисные кресла,1,0,0.0,0.0,0.0,повторный,сайт,True
1055,2026-05-17,Менеджер 1,Витебск,офисные кресла,1,0,0.0,0.0,0.0,новый,звонок,True
1056,2026-05-17,Менеджер 2,Брест,офисные столы,1,1,1168.9,338.19,0.059,повторный,партнёр,True
1057,2026-05-17,Менеджер 2,Гродно,шкафы,1,0,0.0,0.0,0.0,новый,партнёр,True
1058,2026-05-17,Менеджер 3,Брест,офисные кресла,1,0,0.0,0.0,0.0,новый,сайт,True
1059,2026-05-17,Менеджер 1,Могилёв,офисные столы,1,0,0.0,0.0,0.0,новый,звонок,True
1060,2026-05-17,Менеджер 4,Могилёв,шкафы,1,0,0.0,0.0,0.0,повторный,сайт,True
1061,2026-05-17,Менеджер 3,Гродно,офисные столы,1,0,0.0,0.0,0.0,новый,партнёр,True
1062,2026-05-17,Менеджер 5,Гомель,шкафы,1,0,0.0,0.0,0.0,новый,партнёр,True
1063,2026-05-17,Менеджер 3,Брест,офисные столы,1,1,661.5,176.24,0.123,новый,звонок,True
1064,2026-05-17,Менеджер 3,Витебск,шкафы,1,1,1516.44,408.27,0.0,новый,звонок,True
1065,2026-05-17,Менеджер 2,Гродно,шкафы,1,0,0.0,0.0,0.0,новый,сайт,True
1066,2026-05-17,Менеджер 1,Гродно,шкафы,1,1,1206.73,290.23,0.112,новый,звонок,True
1067,2026-05-17,Менеджер 3,Брест,шкафы,1,0,0.0,0.0,0.0,новый,реклама,True
1068,2026-05-17,Менеджер 2,Витебск,шкафы,1,0,0.0,0.0,0.0,новый,реклама,True
1069,2026-05-17,Менеджер 4,Могилёв,офисные кресла,1,0,0.0,0.0,0.0,повторный,звонок,True
1070,2026-05-17,Менеджер 5,Гродно,офисные столы,1,0,0.0,0.0,0.0,новый,партнёр,True
1071,2026-05-17,Менеджер 5,Брест,офисные кресла,1,0,0.0,0.0,0.0,повторный,звонок,True
1072,2026-05-17,Менеджер 2,Могилёв,офисные столы,1,1,1125.2,339.98,0.077,новый,звонок,True
1073,2026-05-17,Менеджер 1,Могилёв,офисные кресла,1,0,0.0,0.0,0.0,новый,сайт,True
1074,2026-05-17,Менеджер 3,Могилёв,офисные кресла,1,0,0.0,0.0,0.0,повторный,партнёр,True
1075,2026-05-17,Менеджер 3,Гродно,офисные кресла,1,0,0.0,0.0,0.0,новый,реклама,True
1076,2026-05-17,Менеджер 5,Гродно,офисные столы,1,0,0.0,0.0,0.0,новый,реклама,True
1077,2026-05-17,Менеджер 2,Витебск,офисные столы,1,0,0.0,0.0,0.0,повторный,реклама,True
1078,2026-05-17,Менеджер 4,Витебск,офисные кресла,1,0,0.0,0.0,0.0,новый,партнёр,True
1079,2026-05-17,Менеджер 2,Витебск,шкафы,1,0,0.0,0.0,0.0,новый,партнёр,True
1080,2026-05-17,Менеджер 5,Могилёв,офисные кресла,1,1,717.53,201.93,0.091,новый,партнёр,True
1081,2026-05-17,Менеджер 4,Брест,офисные столы,1,0,0.0,0.0,0.0,новый,партнёр,True
1082,2026-05-17,Менеджер 3,Могилёв,офисные кресла,1,1,588.82,204.47,0.103,повторный,звонок,True
1083,2026-05-17,Менеджер 3,Брест,офисные столы,1,1,1150.21,350.55,0.105,новый,звонок,True
1084,2026-05-17,Менеджер 1,Могилёв,офисные столы,1,1,659.09,169.48,0.147,новый,реклама,True
1085,2026-05-17,Менеджер 2,Гомель,шкафы,1,0,0.0,0.0,0.0,новый,партнёр,True
1086,2026-05-17,Менеджер 2,Брест,офисные столы,1,0,0.0,0.0,0.0,новый,сайт,True
1087,2026-05-17,Менеджер 1,Могилёв,шкафы,1,1,1189.95,336.96,0.175,повторный,сайт,True
1088,2026-05-17,Менеджер 4,Гомель,шкафы,1,0,0.0,0.0,0.0,новый,звонок,True
1089,2026-05-17,Менеджер 3,Гродно,офисные кресла,1,0,0.0,0.0,0.0,новый,реклама,True
1090,2026-05-17,Менеджер 1,Могилёв,офисные столы,1,0,0.0,0.0,0.0,новый,сайт,True
1091,2026-05-17,Менеджер 4,Витебск,шкафы,1,0,0.0,0.0,0.0,новый,партнёр,True
1092,2026-05-17,Менеджер 3,Брест,офисные кресла,1,0,0.0,0.0,0.0,повторный,сайт,True
1093,2026-05-17,Менеджер 3,Могилёв,офисные кресла,1,0,0.0,0.0,0.0,повторный,звонок,True
1094,2026-05-17,Менеджер 3,Витебск,офисные столы,1,1,711.42,230.45,0.102,новый,звонок,True
1095,2026-05-17,Менеджер 5,Витебск,шкафы,1,0,0.0,0.0,0.0,повторный,сайт,True
1096,2026-05-18,Менеджер 1,Могилёв,шкафы,1,1,1466.59,370.46,0.065,повторный,партнёр,True
1097,2026-05-18,Менеджер 3,Брест,офисные столы,1,0,0.0,0.0,0.0,новый,звонок,True
1098,2026-05-18,Менеджер 2,Гомель,офисные столы,1,1,821.74,203.05,0.094,новый,партнёр,True
1099,2026-05-18,Менеджер 4,Брест,шкафы,1,1,1267.68,303.76,0.09,новый,партнёр,True
1100,2026-05-18,Менеджер 4,Витебск,офисные кресла,1,0,0.0,0.0,0.0,новый,звонок,True
1101,2026-05-18,Менеджер 1,Гомель,шкафы,1,0,0.0,0.0,0.0,новый,сайт,True
1102,2026-05-18,Менеджер 2,Могилёв,офисные столы,1,1,751.97,238.87,0.12,новый,партнёр,True
1103,2026-05-18,Менеджер 4,Витебск,офисные столы,1,0,0.0,0.0,0.0,повторный,сайт,True
1104,2026-05-18,Менеджер 3,Брест,офисные столы,1,0,0.0,0.0,0.0,повторный,партнёр,True
1105,2026-05-18,Менеджер 2,Витебск,шкафы,1,0,0.0,0.0,0.0,повторный,сайт,True
1106,2026-05-18,Менеджер 2,Могилёв,офисные столы,1,0,0.0,0.0,0.0,повторный,партнёр,True
1107,2026-05-18,Менеджер 4,Брест,офисные столы,1,0,0.0,0.0,0.0,новый,звонок,True
1108,2026-05-18,Менеджер 4,Гомель,офисные кресла,1,0,0.0,0.0,0.0,новый,звонок,True
1109,2026-05-18,Менеджер 4,Гомель,офисные столы,1,0,0.0,0.0,0.0,новый,звонок,True
1110,2026-05-18,Менеджер 2,Гродно,офисные кресла,1,0,0.0,0.0,0.0,новый,звонок,True
1111,2026-05-18,Менеджер 4,Гомель,шкафы,1,1,1259.06,345.52,0.026,новый,сайт,True
1112,2026-05-18,Менеджер 1,Витебск,офисные столы,1,0,0.0,0.0,0.0,новый,звонок,True
1113,2026-05-18,Менеджер 4,Могилёв,шкафы,1,0,0.0,0.0,0.0,новый,реклама,True
1114,2026-05-18,Менеджер 2,Могилёв,офисные столы,1,0,0.0,0.0,0.0,новый,звонок,True
1115,2026-05-18,Менеджер 1,Витебск,шкафы,1,0,0.0,0.0,0.0,повторный,сайт,True
1116,2026-05-18,Менеджер 4,Витебск,офисные кресла,1,1,507.96,155.95,0.071,повторный,партнёр,True
1117,2026-05-18,Менеджер 1,Гродно,офисные столы,1,1,1066.92,339.03,0.119,новый,партнёр,True
1118,2026-05-18,Менеджер 3,Гродно,офисные кресла,1,1,814.92,294.69,0.045,новый,звонок,True
1119,2026-05-18,Менеджер 3,Гомель,офисные столы,1,0,0.0,0.0,0.0,новый,реклама,True
1120,2026-05-18,Менеджер 5,Витебск,офисные кресла,1,1,480.13,140.16,0.076,повторный,сайт,True
1121,2026-05-18,Менеджер 2,Брест,офисные столы,1,0,0.0,0.0,0.0,повторный,реклама,True
1122,2026-05-18,Менеджер 4,Могилёв,офисные столы,1,0,0.0,0.0,0.0,повторный,партнёр,True
1123,2026-05-18,Менеджер 4,Витебск,шкафы,1,1,1163.55,327.81,0.085,новый,партнёр,True
1124,2026-05-18,Менеджер 5,Могилёв,офисные кресла,1,0,0.0,0.0,0.0,новый,сайт,True
1125,2026-05-18,Менеджер 5,Гродно,офисные кресла,1,0,0.0,0.0,0.0,повторный,партнёр,True
1126,2026-05-18,Менеджер 2,Гомель,офисные кресла,1,0,0.0,0.0,0.0,повторный,звонок,True
1127,2026-05-18,Менеджер 5,Гомель,офисные столы,1,0,0.0,0.0,0.0,новый,реклама,True
1128,2026-05-18,Менеджер 3,Витебск,шкафы,1,0,0.0,0.0,0.0,новый,звонок,True
1129,2026-05-18,Менеджер 3,Могилёв,офисные кресла,1,0,0.0,0.0,0.0,новый,реклама,True
1130,2026-05-18,Менеджер 1,Витебск,шкафы,1,0,0.0,0.0,0.0,новый,звонок,True
1131,2026-05-18,Менеджер 2,Могилёв,шкафы,1,1,1331.49,405.75,0.105,новый,партнёр,True
1132,2026-05-18,Менеджер 2,Могилёв,офисные столы,1,0,0.0,0.0,0.0,новый,партнёр,True
1133,2026-05-18,Менеджер 5,Брест,офисные столы,1,0,0.0,0.0,0.0,новый,звонок,True
1134,2026-05-18,Менеджер 4,Брест,офисные столы,1,0,0.0,0.0,0.0,повторный,реклама,True
1135,2026-05-18,Менеджер 4,Могилёв,шкафы,1,0,0.0,0.0,0.0,новый,звонок,True
1136,2026-05-18,Менеджер 3,Могилёв,офисные столы,1,0,0.0,0.0,0.0,новый,звонок,True
1137,2026-05-18,Менеджер 4,Витебск,шкафы,1,0,0.0,0.0,0.0,новый,реклама,True
1138,2026-05-18,Менеджер 1,Витебск,офисные столы,1,0,0.0,0.0,0.0,повторный,сайт,True
1139,2026-05-18,Менеджер 2,Гомель,шкафы,1,1,1017.6,276.36,0.018,новый,сайт,True
1140,2026-05-18,Менеджер 3,Могилёв,шкафы,1,0,0.0,0.0,0.0,повторный,звонок,True
1141,2026-05-18,Менеджер 2,Могилёв,офисные столы,1,1,822.17,257.12,0.101,повторный,реклама,True
1142,2026-05-18,Менеджер 5,Брест,офисные столы,1,0,0.0,0.0,0.0,новый,партнёр,True
1143,2026-05-18,Менеджер 5,Брест,офисные кресла,1,0,0.0,0.0,0.0,новый,реклама,True
1144,2026-05-19,Менеджер 1,Витебск,офисные столы,1,1,1099.8,351.75,0.07,новый,партнёр,True
1145,2026-05-19,Менеджер 3,Брест,офисные кресла,1,0,0.0,0.0,0.0,повторный,сайт,True
1146,2026-05-19,Менеджер 4,Гомель,офисные кресла,1,1,512.36,147.65,0.081,новый,звонок,True
1147,2026-05-19,Менеджер 1,Витебск,офисные кресла,1,0,0.0,0.0,0.0,новый,реклама,True
1148,2026-05-19,Менеджер 1,Брест,шкафы,1,1,1350.06,349.49,0.033,повторный,реклама,True
1149,2026-05-19,Менеджер 1,Гомель,шкафы,1,0,0.0,0.0,0.0,новый,партнёр,True
1150,2026-05-19,Менеджер 4,Могилёв,офисные кресла,1,0,0.0,0.0,0.0,новый,звонок,True
1151,2026-05-19,Менеджер 1,Могилёв,офисные столы,1,1,758.21,246.29,0.08,новый,партнёр,True
1152,2026-05-19,Менеджер 4,Витебск,шкафы,1,0,0.0,0.0,0.0,новый,реклама,True
1153,2026-05-19,Менеджер 3,Витебск,офисные кресла,1,1,643.53,195.4,0.027,новый,партнёр,True
1154,2026-05-19,Менеджер 4,Брест,офисные кресла,1,1,540.19,176.75,0.171,новый,звонок,True
1155,2026-05-19,Менеджер 5,Брест,офисные кресла,1,1,726.37,218.29,0.008,повторный,реклама,True
1156,2026-05-19,Менеджер 5,Гродно,офисные кресла,1,0,0.0,0.0,0.0,повторный,реклама,True
1157,2026-05-19,Менеджер 1,Гомель,шкафы,1,0,0.0,0.0,0.0,новый,реклама,True
1158,2026-05-19,Менеджер 5,Могилёв,шкафы,1,0,0.0,0.0,0.0,новый,партнёр,True
1159,2026-05-19,Менеджер 3,Могилёв,шкафы,1,0,0.0,0.0,0.0,новый,звонок,True
1160,2026-05-19,Менеджер 2,Гомель,шкафы,1,0,0.0,0.0,0.0,новый,партнёр,True
1161,2026-05-19,Менеджер 3,Витебск,офисные кресла,1,0,0.0,0.0,0.0,новый,сайт,True
1162,2026-05-19,Менеджер 3,Брест,шкафы,1,0,0.0,0.0,0.0,повторный,реклама,True
1163,2026-05-19,Менеджер 5,Гомель,шкафы,1,0,0.0,0.0,0.0,повторный,сайт,True
1164,2026-05-19,Менеджер 2,Гомель,офисные кресла,1,0,0.0,0.0,0.0,новый,звонок,True
1165,2026-05-19,Менеджер 1,Могилёв,шкафы,1,0,0.0,0.0,0.0,повторный,сайт,True
1166,2026-05-19,Менеджер 5,Витебск,шкафы,1,0,0.0,0.0,0.0,новый,партнёр,True
1167,2026-05-19,Менеджер 4,Брест,шкафы,1,0,0.0,0.0,0.0,повторный,партнёр,True
1168,2026-05-19,Менеджер 1,Могилёв,шкафы,1,1,1175.21,334.6,0.095,новый,звонок,True
1169,2026-05-19,Менеджер 4,Гродно,офисные кресла,1,1,650.16,192.51,0.119,новый,звонок,True
1170,2026-05-19,Менеджер 3,Витебск,офисные столы,1,0,0.0,0.0,0.0,новый,звонок,True
1171,2026-05-19,Менеджер 3,Гродно,шкафы,1,0,0.0,0.0,0.0,повторный,реклама,True
1172,2026-05-19,Менеджер 3,Брест,офисные столы,1,0,0.0,0.0,0.0,повторный,сайт,True
1173,2026-05-19,Менеджер 5,Витебск,офисные кресла,1,1,817.21,276.11,0.065,новый,сайт,True
1174,2026-05-19,Менеджер 4,Гомель,шкафы,1,0,0.0,0.0,0.0,новый,сайт,True
1175,2026-05-19,Менеджер 4,Брест,офисные кресла,1,0,0.0,0.0,0.0,повторный,партнёр,True
1176,2026-05-19,Менеджер 2,Гомель,офисные столы,1,0,0.0,0.0,0.0,новый,партнёр,True
1177,2026-05-19,Менеджер 2,Могилёв,офисные кресла,1,1,630.56,233.04,0.093,новый,звонок,True
1178,2026-05-19,Менеджер 1,Витебск,офисные кресла,1,0,0.0,0.0,0.0,повторный,сайт,True
1179,2026-05-19,Менеджер 1,Могилёв,офисные столы,1,1,954.15,314.36,0.057,новый,сайт,True
1180,2026-05-19,Менеджер 4,Гродно,шкафы,1,0,0.0,0.0,0.0,новый,сайт,True
1181,2026-05-19,Менеджер 3,Могилёв,офисные столы,1,0,0.0,0.0,0.0,новый,звонок,True
1182,2026-05-19,Менеджер 1,Гродно,офисные кресла,1,1,523.98,192.93,0.106,новый,партнёр,True
1183,2026-05-19,Менеджер 5,Витебск,офисные столы,1,0,0.0,0.0,0.0,новый,звонок,True
1184,2026-05-19,Менеджер 5,Гомель,шкафы,1,1,901.83,280.4,0.074,новый,сайт,True
1185,2026-05-19,Менеджер 3,Брест,офисные кресла,1,0,0.0,0.0,0.0,новый,звонок,True
1186,2026-05-19,Менеджер 1,Брест,шкафы,1,0,0.0,0.0,0.0,новый,партнёр,True
1187,2026-05-19,Менеджер 4,Брест,офисные столы,1,0,0.0,0.0,0.0,новый,партнёр,True
1188,2026-05-19,Менеджер 2,Гродно,офисные кресла,1,1,789.88,224.94,0.164,новый,партнёр,True
1189,2026-05-19,Менеджер 2,Могилёв,офисные кресла,1,0,0.0,0.0,0.0,новый,партнёр,True
1190,2026-05-19,Менеджер 5,Витебск,офисные столы,1,1,1026.63,262.34,0.055,новый,звонок,True
1191,2026-05-19,Менеджер 2,Гродно,офисные столы,1,0,0.0,0.0,0.0,новый,партнёр,True
1192,2026-05-19,Менеджер 2,Гомель,офисные столы,1,0,0.0,0.0,0.0,новый,звонок,True
1193,2026-05-19,Менеджер 4,Могилёв,шкафы,1,0,0.0,0.0,0.0,повторный,звонок,True
1194,2026-05-19,Менеджер 4,Брест,офисные столы,1,0,0.0,0.0,0.0,новый,партнёр,True
1195,2026-05-20,Менеджер 3,Гомель,офисные столы,1,0,0.0,0.0,0.0,новый,сайт,True
1196,2026-05-20,Менеджер 4,Витебск,шкафы,1,0,0.0,0.0,0.0,новый,реклама,True
1197,2026-05-20,Менеджер 4,Гродно,шкафы,1,0,0.0,0.0,0.0,новый,партнёр,True
1198,2026-05-20,Менеджер 5,Гродно,офисные столы,1,0,0.0,0.0,0.0,новый,реклама,True
1199,2026-05-20,Менеджер 5,Гродно,офисные кресла,1,0,0.0,0.0,0.0,новый,сайт,True
1200,2026-05-20,Менеджер 3,Брест,офисные столы,1,0,0.0,0.0,0.0,новый,партнёр,True
1201,2026-05-20,Менеджер 1,Гомель,офисные столы,1,1,894.28,278.26,0.128,новый,сайт,True
1202,2026-05-20,Менеджер 2,Могилёв,шкафы,1,1,1170.97,320.56,0.041,повторный,партнёр,True
1203,2026-05-20,Менеджер 4,Гродно,шкафы,1,0,0.0,0.0,0.0,повторный,сайт,True
1204,2026-05-20,Менеджер 4,Брест,офисные кресла,1,1,645.83,200.16,0.068,повторный,сайт,True
1205,2026-05-20,Менеджер 5,Гомель,шкафы,1,1,958.19,294.49,0.078,новый,реклама,True
1206,2026-05-20,Менеджер 2,Гомель,шкафы,1,1,1290.14,375.74,0.103,новый,звонок,True
1207,2026-05-20,Менеджер 5,Гродно,шкафы,1,1,1452.13,368.36,0.095,новый,партнёр,True
1208,2026-05-20,Менеджер 4,Гродно,офисные кресла,1,0,0.0,0.0,0.0,новый,реклама,True
1209,2026-05-20,Менеджер 4,Витебск,шкафы,1,1,1249.25,347.5,0.02,новый,реклама,True
1210,2026-05-20,Менеджер 2,Брест,шкафы,1,1,1317.73,356.44,0.101,новый,звонок,True
1211,2026-05-20,Менеджер 4,Гомель,шкафы,1,0,0.0,0.0,0.0,новый,сайт,True
1212,2026-05-20,Менеджер 5,Могилёв,офисные кресла,1,0,0.0,0.0,0.0,повторный,звонок,True
1213,2026-05-20,Менеджер 5,Гродно,офисные кресла,1,0,0.0,0.0,0.0,новый,звонок,True
1214,2026-05-20,Менеджер 2,Брест,шкафы,1,0,0.0,0.0,0.0,новый,реклама,True
1215,2026-05-20,Менеджер 2,Гомель,шкафы,1,0,0.0,0.0,0.0,повторный,звонок,True
1216,2026-05-20,Менеджер 2,Гомель,офисные столы,1,1,686.06,233.15,0.01,повторный,сайт,True
1217,2026-05-20,Менеджер 4,Могилёв,шкафы,1,0,0.0,0.0,0.0,повторный,реклама,True
1218,2026-05-20,Менеджер 5,Витебск,офисные столы,1,1,1139.61,379.07,0.039,новый,реклама,True
1219,2026-05-20,Менеджер 1,Могилёв,офисные кресла,1,1,850.17,246.73,0.053,новый,партнёр,True
1220,2026-05-20,Менеджер 5,Гродно,офисные столы,1,0,0.0,0.0,0.0,повторный,звонок,True
1221,2026-05-20,Менеджер 3,Гродно,офисные столы,1,1,796.52,210.08,0.047,новый,реклама,True
1222,2026-05-20,Менеджер 5,Гродно,офисные кресла,1,0,0.0,0.0,0.0,новый,звонок,True
1223,2026-05-20,Менеджер 4,Гродно,шкафы,1,0,0.0,0.0,0.0,новый,сайт,True
1224,2026-05-20,Менеджер 4,Брест,офисные кресла,1,0,0.0,0.0,0.0,новый,звонок,True
1225,2026-05-20,Менеджер 1,Брест,офисные кресла,1,0,0.0,0.0,0.0,новый,сайт,True
1226,2026-05-20,Менеджер 4,Гродно,шкафы,1,0,0.0,0.0,0.0,новый,партнёр,True
1227,2026-05-20,Менеджер 3,Гомель,шкафы,1,0,0.0,0.0,0.0,новый,сайт,True
1228,2026-05-20,Менеджер 1,Гомель,офисные кресла,1,0,0.0,0.0,0.0,новый,сайт,True
1229,2026-05-20,Менеджер 5,Брест,офисные кресла,1,0,0.0,0.0,0.0,новый,сайт,True
1230,2026-05-20,Менеджер 5,Брест,офисные столы,1,0,0.0,0.0,0.0,новый,партнёр,True
1231,2026-05-20,Менеджер 2,Гродно,офисные столы,1,0,0.0,0.0,0.0,повторный,звонок,True
1232,2026-05-20,Менеджер 2,Могилёв,офисные столы,1,1,1138.17,373.24,0.114,повторный,партнёр,True
1233,2026-05-20,Менеджер 4,Брест,офисные кресла,1,0,0.0,0.0,0.0,новый,партнёр,True
1234,2026-05-20,Менеджер 4,Брест,офисные столы,1,1,1068.97,300.99,0.115,новый,сайт,True
1235,2026-05-20,Менеджер 4,Брест,офисные столы,1,0,0.0,0.0,0.0,новый,сайт,True
1236,2026-05-20,Менеджер 1,Брест,офисные столы,1,0,0.0,0.0,0.0,новый,звонок,True
1237,2026-05-20,Менеджер 1,Гомель,шкафы,1,1,1495.26,412.71,0.072,новый,реклама,True
1238,2026-05-20,Менеджер 2,Брест,офисные столы,1,0,0.0,0.0,0.0,новый,реклама,True
1239,2026-05-20,Менеджер 2,Гродно,офисные кресла,1,0,0.0,0.0,0.0,новый,сайт,True
1240,2026-05-20,Менеджер 4,Гродно,шкафы,1,0,0.0,0.0,0.0,новый,сайт,True
1241,2026-05-20,Менеджер 1,Брест,офисные кресла,1,0,0.0,0.0,0.0,новый,партнёр,True
1242,2026-05-20,Менеджер 5,Гомель,офисные кресла,1,0,0.0,0.0,0.0,повторный,сайт,True
1243,2026-05-20,Менеджер 5,Витебск,офисные столы,1,0,0.0,0.0,0.0,новый,партнёр,True
1244,2026-05-21,Менеджер 4,Гродно,шкафы,1,0,0.0,0.0,0.0,повторный,сайт,True
1245,2026-05-21,Менеджер 1,Гродно,офисные кресла,1,1,827.8,293.53,0.064,новый,звонок,True
1246,2026-05-21,Менеджер 5,Брест,офисные столы,1,1,1147.23,313.05,0.048,новый,звонок,True
1247,2026-05-21,Менеджер 4,Брест,офисные столы,1,0,0.0,0.0,0.0,повторный,сайт,True
1248,2026-05-21,Менеджер 1,Могилёв,офисные столы,1,0,0.0,0.0,0.0,новый,звонок,True
1249,2026-05-21,Менеджер 1,Витебск,офисные столы,1,1,1009.36,254.3,0.071,новый,реклама,True
1250,2026-05-21,Менеджер 3,Витебск,офисные кресла,1,0,0.0,0.0,0.0,новый,звонок,True
1251,2026-05-21,Менеджер 2,Гродно,шкафы,1,1,1124.81,330.56,0.1,новый,сайт,True
1252,2026-05-21,Менеджер 5,Гомель,офисные кресла,1,0,0.0,0.0,0.0,повторный,партнёр,True
1253,2026-05-21,Менеджер 5,Брест,офисные кресла,1,0,0.0,0.0,0.0,повторный,сайт,True
1254,2026-05-21,Менеджер 5,Брест,шкафы,1,0,0.0,0.0,0.0,новый,сайт,True
1255,2026-05-21,Менеджер 1,Гомель,офисные кресла,1,0,0.0,0.0,0.0,новый,реклама,True
1256,2026-05-21,Менеджер 4,Брест,шкафы,1,1,1488.62,399.88,0.103,повторный,звонок,True
1257,2026-05-21,Менеджер 5,Могилёв,шкафы,1,0,0.0,0.0,0.0,новый,партнёр,True
1258,2026-05-21,Менеджер 5,Брест,офисные кресла,1,1,541.66,187.55,0.085,новый,сайт,True
1259,2026-05-21,Менеджер 3,Гродно,офисные столы,1,0,0.0,0.0,0.0,повторный,звонок,True
1260,2026-05-21,Менеджер 1,Гомель,офисные кресла,1,1,642.74,185.29,0.111,новый,сайт,True
1261,2026-05-21,Менеджер 4,Гродно,офисные столы,1,0,0.0,0.0,0.0,повторный,сайт,True
1262,2026-05-21,Менеджер 3,Могилёв,офисные столы,1,0,0.0,0.0,0.0,повторный,сайт,True
1263,2026-05-21,Менеджер 4,Могилёв,офисные кресла,1,1,482.9,149.05,0.07,новый,сайт,True
1264,2026-05-21,Менеджер 5,Могилёв,офисные столы,1,0,0.0,0.0,0.0,повторный,звонок,True
1265,2026-05-21,Менеджер 3,Брест,офисные столы,1,0,0.0,0.0,0.0,повторный,реклама,True
1266,2026-05-21,Менеджер 3,Брест,офисные кресла,1,0,0.0,0.0,0.0,повторный,звонок,True
1267,2026-05-21,Менеджер 3,Гродно,офисные кресла,1,1,771.7,263.0,0.069,повторный,сайт,True
1268,2026-05-21,Менеджер 2,Витебск,шкафы,1,1,1027.43,265.45,0.116,новый,звонок,True
1269,2026-05-21,Менеджер 1,Брест,офисные кресла,1,0,0.0,0.0,0.0,новый,звонок,True
1270,2026-05-21,Менеджер 2,Гомель,офисные кресла,1,0,0.0,0.0,0.0,повторный,сайт,True
1271,2026-05-21,Менеджер 1,Гродно,офисные столы,1,1,732.3,232.0,0.09,новый,реклама,True
1272,2026-05-21,Менеджер 2,Могилёв,офисные кресла,1,0,0.0,0.0,0.0,повторный,реклама,True
1273,2026-05-21,Менеджер 1,Витебск,офисные столы,1,0,0.0,0.0,0.0,новый,партнёр,True
1274,2026-05-21,Менеджер 2,Могилёв,офисные кресла,1,0,0.0,0.0,0.0,новый,партнёр,True
1275,2026-05-21,Менеджер 2,Брест,офисные кресла,1,1,768.24,273.45,0.193,новый,звонок,True
1276,2026-05-21,Менеджер 2,Могилёв,шкафы,1,1,1031.83,295.25,0.093,новый,звонок,True
1277,2026-05-21,Менеджер 3,Витебск,офисные кресла,1,0,0.0,0.0,0.0,повторный,партнёр,True
1278,2026-05-21,Менеджер 3,Витебск,шкафы,1,0,0.0,0.0,0.0,новый,звонок,True
1279,2026-05-21,Менеджер 4,Могилёв,офисные кресла,1,0,0.0,0.0,0.0,повторный,сайт,True
1280,2026-05-21,Менеджер 1,Могилёв,офисные кресла,1,0,0.0,0.0,0.0,новый,партнёр,True
1281,2026-05-21,Менеджер 5,Гродно,офисные столы,1,1,726.49,230.14,0.045,новый,реклама,True
1282,2026-05-21,Менеджер 1,Гродно,шкафы,1,0,0.0,0.0,0.0,новый,реклама,True
1283,2026-05-21,Менеджер 1,Гомель,шкафы,1,0,0.0,0.0,0.0,повторный,сайт,True
1284,2026-05-21,Менеджер 2,Могилёв,шкафы,1,0,0.0,0.0,0.0,повторный,сайт,True
1285,2026-05-21,Менеджер 3,Гродно,офисные кресла,1,1,500.12,143.81,0.017,повторный,звонок,True
1286,2026-05-21,Менеджер 5,Брест,офисные кресла,1,0,0.0,0.0,0.0,новый,реклама,True
1287,2026-05-21,Менеджер 2,Гомель,офисные столы,1,1,739.54,204.77,0.086,новый,реклама,True
1288,2026-05-22,Менеджер 1,Витебск,шкафы,1,0,0.0,0.0,0.0,новый,звонок,True
1289,2026-05-22,Менеджер 2,Могилёв,шкафы,1,1,1221.97,342.26,0.058,новый,звонок,True
1290,2026-05-22,Менеджер 5,Могилёв,офисные кресла,1,0,0.0,0.0,0.0,новый,звонок,True
1291,2026-05-22,Менеджер 1,Гродно,офисные кресла,1,1,480.9,172.11,0.127,повторный,сайт,True
1292,2026-05-22,Менеджер 1,Могилёв,офисные кресла,1,0,0.0,0.0,0.0,повторный,реклама,True
1293,2026-05-22,Менеджер 3,Витебск,офисные столы,1,1,663.21,188.69,0.113,повторный,сайт,True
1294,2026-05-22,Менеджер 4,Брест,шкафы,1,0,0.0,0.0,0.0,новый,партнёр,True
1295,2026-05-22,Менеджер 2,Гродно,офисные кресла,1,1,722.33,218.61,0.0,новый,реклама,True
1296,2026-05-22,Менеджер 5,Витебск,офисные кресла,1,1,761.1,289.44,0.06,новый,звонок,True
1297,2026-05-22,Менеджер 4,Витебск,офисные кресла,1,0,0.0,0.0,0.0,повторный,реклама,True
1298,2026-05-22,Менеджер 2,Могилёв,офисные кресла,1,0,0.0,0.0,0.0,повторный,звонок,True
1299,2026-05-22,Менеджер 5,Могилёв,офисные кресла,1,0,0.0,0.0,0.0,повторный,звонок,True
1300,2026-05-22,Менеджер 3,Витебск,офисные столы,1,1,900.04,223.24,0.125,повторный,реклама,True
1301,2026-05-22,Менеджер 1,Витебск,офисные кресла,1,1,745.17,214.76,0.066,новый,реклама,True
1302,2026-05-22,Менеджер 4,Могилёв,шкафы,1,0,0.0,0.0,0.0,повторный,сайт,True
1303,2026-05-22,Менеджер 3,Витебск,офисные столы,1,0,0.0,0.0,0.0,новый,звонок,True
1304,2026-05-22,Менеджер 3,Брест,офисные столы,1,0,0.0,0.0,0.0,повторный,сайт,True
1305,2026-05-22,Менеджер 4,Могилёв,шкафы,1,1,1221.1,366.23,0.092,новый,звонок,True
1306,2026-05-22,Менеджер 1,Могилёв,офисные столы,1,0,0.0,0.0,0.0,новый,партнёр,True
1307,2026-05-22,Менеджер 3,Брест,шкафы,1,0,0.0,0.0,0.0,новый,сайт,True
1308,2026-05-22,Менеджер 2,Брест,шкафы,1,1,1132.65,344.53,0.019,новый,реклама,True
1309,2026-05-22,Менеджер 4,Брест,шкафы,1,0,0.0,0.0,0.0,новый,реклама,True
1310,2026-05-22,Менеджер 3,Гродно,офисные кресла,1,0,0.0,0.0,0.0,повторный,партнёр,True
1311,2026-05-22,Менеджер 2,Брест,офисные кресла,1,0,0.0,0.0,0.0,новый,реклама,True
1312,2026-05-22,Менеджер 1,Могилёв,офисные кресла,1,0,0.0,0.0,0.0,новый,звонок,True
1313,2026-05-22,Менеджер 1,Могилёв,офисные столы,1,0,0.0,0.0,0.0,повторный,реклама,True
1314,2026-05-22,Менеджер 5,Могилёв,офисные столы,1,0,0.0,0.0,0.0,новый,сайт,True
1315,2026-05-22,Менеджер 4,Витебск,офисные столы,1,0,0.0,0.0,0.0,новый,сайт,True
1316,2026-05-22,Менеджер 3,Брест,офисные столы,1,1,787.62,228.76,0.111,новый,сайт,True
1317,2026-05-22,Менеджер 4,Гродно,шкафы,1,0,0.0,0.0,0.0,новый,реклама,True
1318,2026-05-22,Менеджер 4,Гродно,шкафы,1,0,0.0,0.0,0.0,новый,звонок,True
1319,2026-05-22,Менеджер 4,Витебск,шкафы,1,0,0.0,0.0,0.0,новый,звонок,True
1320,2026-05-22,Менеджер 4,Брест,шкафы,1,0,0.0,0.0,0.0,новый,реклама,True
1321,2026-05-22,Менеджер 2,Могилёв,офисные кресла,1,0,0.0,0.0,0.0,новый,реклама,True
1322,2026-05-22,Менеджер 2,Гродно,шкафы,1,0,0.0,0.0,0.0,новый,партнёр,True
1323,2026-05-22,Менеджер 3,Гродно,шкафы,1,1,981.6,269.98,0.161,новый,звонок,True
1324,2026-05-22,Менеджер 5,Брест,шкафы,1,0,0.0,0.0,0.0,повторный,партнёр,True
1325,2026-05-22,Менеджер 5,Брест,шкафы,1,0,0.0,0.0,0.0,новый,партнёр,True
1326,2026-05-22,Менеджер 3,Могилёв,офисные столы,1,1,893.35,286.54,0.106,новый,партнёр,True
1327,2026-05-22,Менеджер 3,Витебск,офисные столы,1,1,729.37,220.46,0.135,повторный,реклама,True
1328,2026-05-22,Менеджер 3,Могилёв,шкафы,1,0,0.0,0.0,0.0,повторный,сайт,True
1329,2026-05-22,Менеджер 5,Витебск,офисные столы,1,0,0.0,0.0,0.0,новый,партнёр,True
1330,2026-05-22,Менеджер 1,Гродно,офисные кресла,1,0,0.0,0.0,0.0,повторный,звонок,True
1331,2026-05-22,Менеджер 5,Гродно,офисные кресла,1,0,0.0,0.0,0.0,новый,звонок,True
1332,2026-05-22,Менеджер 3,Могилёв,офисные столы,1,0,0.0,0.0,0.0,повторный,звонок,True
1333,2026-05-22,Менеджер 1,Витебск,офисные столы,1,0,0.0,0.0,0.0,новый,сайт,True
1334,2026-05-23,Менеджер 2,Могилёв,офисные кресла,1,0,0.0,0.0,0.0,новый,реклама,True
1335,2026-05-23,Менеджер 5,Брест,шкафы,1,0,0.0,0.0,0.0,повторный,партнёр,True
1336,2026-05-23,Менеджер 2,Могилёв,офисные столы,1,0,0.0,0.0,0.0,повторный,сайт,True
1337,2026-05-23,Менеджер 5,Могилёв,офисные кресла,1,1,672.87,245.68,0.042,новый,партнёр,True
1338,2026-05-23,Менеджер 4,Гомель,офисные столы,1,0,0.0,0.0,0.0,новый,сайт,True
1339,2026-05-23,Менеджер 4,Могилёв,офисные кресла,1,1,530.54,174.75,0.099,повторный,партнёр,True
1340,2026-05-23,Менеджер 1,Гомель,шкафы,1,1,1118.36,330.04,0.071,новый,сайт,True
1341,2026-05-23,Менеджер 4,Витебск,шкафы,1,1,1500.2,366.7,0.004,повторный,звонок,True
1342,2026-05-23,Менеджер 3,Гродно,шкафы,1,0,0.0,0.0,0.0,новый,реклама,True
1343,2026-05-23,Менеджер 3,Могилёв,офисные кресла,1,0,0.0,0.0,0.0,новый,сайт,True
1344,2026-05-23,Менеджер 2,Гродно,офисные кресла,1,0,0.0,0.0,0.0,новый,реклама,True
1345,2026-05-23,Менеджер 3,Витебск,офисные столы,1,0,0.0,0.0,0.0,новый,сайт,True
1346,2026-05-23,Менеджер 4,Гомель,офисные столы,1,0,0.0,0.0,0.0,повторный,реклама,True
1347,2026-05-23,Менеджер 1,Гомель,офисные столы,1,0,0.0,0.0,0.0,новый,партнёр,True
1348,2026-05-23,Менеджер 3,Гомель,офисные столы,1,0,0.0,0.0,0.0,новый,сайт,True
1349,2026-05-23,Менеджер 2,Брест,офисные кресла,1,1,593.13,206.25,0.015,новый,партнёр,True
1350,2026-05-23,Менеджер 1,Брест,шкафы,1,1,1564.21,459.59,0.052,новый,звонок,True
1351,2026-05-23,Менеджер 2,Могилёв,шкафы,1,1,1163.52,341.52,0.113,новый,реклама,True
1352,2026-05-23,Менеджер 2,Гродно,шкафы,1,0,0.0,0.0,0.0,новый,партнёр,True
1353,2026-05-23,Менеджер 4,Могилёв,шкафы,1,1,1383.32,358.74,0.095,новый,сайт,True
1354,2026-05-23,Менеджер 2,Гомель,офисные кресла,1,0,0.0,0.0,0.0,повторный,реклама,True
1355,2026-05-23,Менеджер 1,Гомель,шкафы,1,0,0.0,0.0,0.0,новый,звонок,True
1356,2026-05-23,Менеджер 4,Гомель,офисные кресла,1,0,0.0,0.0,0.0,новый,реклама,True
1357,2026-05-23,Менеджер 5,Могилёв,офисные кресла,1,0,0.0,0.0,0.0,новый,звонок,True
1358,2026-05-23,Менеджер 2,Могилёв,офисные столы,1,1,694.23,177.04,0.107,новый,партнёр,True
1359,2026-05-23,Менеджер 5,Брест,офисные столы,1,0,0.0,0.0,0.0,новый,партнёр,True
1360,2026-05-23,Менеджер 3,Гомель,офисные кресла,1,1,594.74,200.43,0.128,повторный,звонок,True
1361,2026-05-23,Менеджер 3,Витебск,офисные столы,1,0,0.0,0.0,0.0,новый,реклама,True
1362,2026-05-23,Менеджер 2,Витебск,шкафы,1,1,1581.4,370.25,0.047,новый,сайт,True
1363,2026-05-23,Менеджер 1,Гродно,офисные столы,1,0,0.0,0.0,0.0,новый,сайт,True
1364,2026-05-23,Менеджер 3,Могилёв,шкафы,1,0,0.0,0.0,0.0,новый,партнёр,True
1365,2026-05-23,Менеджер 4,Витебск,офисные кресла,1,0,0.0,0.0,0.0,новый,реклама,True
1366,2026-05-23,Менеджер 3,Гродно,офисные кресла,1,1,517.81,189.94,0.1,новый,реклама,True
1367,2026-05-23,Менеджер 1,Могилёв,шкафы,1,1,1433.88,448.09,0.054,новый,сайт,True
1368,2026-05-23,Менеджер 4,Гомель,офисные кресла,1,0,0.0,0.0,0.0,новый,звонок,True
1369,2026-05-23,Менеджер 1,Гродно,офисные кресла,1,0,0.0,0.0,0.0,повторный,сайт,True
1370,2026-05-23,Менеджер 4,Брест,офисные кресла,1,1,476.66,140.93,0.143,новый,партнёр,True
1371,2026-05-23,Менеджер 5,Гомель,шкафы,1,0,0.0,0.0,0.0,новый,сайт,True
1372,2026-05-23,Менеджер 1,Гомель,шкафы,1,0,0.0,0.0,0.0,новый,партнёр,True
1373,2026-05-23,Менеджер 2,Гродно,офисные кресла,1,0,0.0,0.0,0.0,новый,сайт,True
1374,2026-05-23,Менеджер 2,Брест,офисные столы,1,1,1122.28,282.54,0.109,новый,реклама,True
1375,2026-05-23,Менеджер 3,Могилёв,офисные столы,1,0,0.0,0.0,0.0,новый,звонок,True
1376,2026-05-23,Менеджер 5,Брест,офисные кресла,1,0,0.0,0.0,0.0,повторный,партнёр,True
1377,2026-05-23,Менеджер 1,Гродно,шкафы,1,1,1127.71,344.86,0.078,повторный,партнёр,True
1378,2026-05-23,Менеджер 3,Гомель,офисные столы,1,0,0.0,0.0,0.0,повторный,партнёр,True
1379,2026-05-23,Менеджер 3,Витебск,шкафы,1,0,0.0,0.0,0.0,новый,партнёр,True
1380,2026-05-23,Менеджер 2,Гомель,шкафы,1,0,0.0,0.0,0.0,новый,звонок,True
1381,2026-05-23,Менеджер 1,Гродно,офисные кресла,1,0,0.0,0.0,0.0,повторный,звонок,True
1382,2026-05-23,Менеджер 4,Могилёв,офисные кресла,1,1,502.78,171.26,0.11,повторный,партнёр,True
1383,2026-05-23,Менеджер 5,Гродно,офисные столы,1,0,0.0,0.0,0.0,повторный,звонок,True
1384,2026-05-23,Менеджер 1,Брест,офисные столы,1,1,863.82,235.55,0.05,новый,реклама,True
1385,2026-05-23,Менеджер 5,Брест,офисные кресла,1,0,0.0,0.0,0.0,новый,сайт,True
1386,2026-05-23,Менеджер 3,Витебск,офисные кресла,1,1,726.19,238.76,0.047,новый,реклама,True
1387,2026-05-24,Менеджер 1,Гродно,шкафы,1,0,0.0,0.0,0.0,новый,сайт,True
1388,2026-05-24,Менеджер 1,Гродно,офисные кресла,1,1,829.13,268.88,0.062,повторный,партнёр,True
1389,2026-05-24,Менеджер 1,Гродно,офисные кресла,1,0,0.0,0.0,0.0,новый,сайт,True
1390,2026-05-24,Менеджер 2,Гомель,офисные кресла,1,1,694.77,241.31,0.114,повторный,сайт,True
1391,2026-05-24,Менеджер 5,Могилёв,офисные кресла,1,0,0.0,0.0,0.0,новый,сайт,True
1392,2026-05-24,Менеджер 1,Брест,офисные кресла,1,1,849.12,254.29,0.034,повторный,сайт,True
1393,2026-05-24,Менеджер 4,Витебск,шкафы,1,1,1232.82,371.36,0.153,новый,сайт,True
1394,2026-05-24,Менеджер 4,Гомель,шкафы,1,1,1097.9,250.06,0.111,новый,партнёр,True
1395,2026-05-24,Менеджер 5,Гродно,офисные кресла,1,1,495.72,173.59,0.089,повторный,сайт,True
1396,2026-05-24,Менеджер 1,Гомель,офисные кресла,1,1,742.59,258.72,0.047,новый,звонок,True
1397,2026-05-24,Менеджер 3,Гомель,офисные кресла,1,0,0.0,0.0,0.0,новый,партнёр,True
1398,2026-05-24,Менеджер 5,Брест,офисные столы,1,1,705.08,197.35,0.059,повторный,реклама,True
1399,2026-05-24,Менеджер 4,Брест,офисные столы,1,0,0.0,0.0,0.0,новый,реклама,True
1400,2026-05-24,Менеджер 2,Гомель,шкафы,1,0,0.0,0.0,0.0,новый,звонок,True
1401,2026-05-24,Менеджер 4,Могилёв,офисные столы,1,1,703.65,184.56,0.069,новый,звонок,True
1402,2026-05-24,Менеджер 5,Могилёв,офисные кресла,1,0,0.0,0.0,0.0,новый,сайт,True
1403,2026-05-24,Менеджер 1,Брест,офисные столы,1,0,0.0,0.0,0.0,новый,звонок,True
1404,2026-05-24,Менеджер 2,Брест,офисные столы,1,0,0.0,0.0,0.0,новый,сайт,True
1405,2026-05-24,Менеджер 1,Витебск,шкафы,1,0,0.0,0.0,0.0,повторный,звонок,True
1406,2026-05-24,Менеджер 5,Могилёв,офисные кресла,1,0,0.0,0.0,0.0,повторный,сайт,True
1407,2026-05-24,Менеджер 3,Гомель,офисные столы,1,1,670.18,182.55,0.066,новый,сайт,True
1408,2026-05-24,Менеджер 1,Брест,офисные столы,1,0,0.0,0.0,0.0,повторный,партнёр,True
1409,2026-05-24,Менеджер 3,Гомель,офисные столы,1,0,0.0,0.0,0.0,новый,сайт,True
1410,2026-05-24,Менеджер 5,Гомель,офисные кресла,1,0,0.0,0.0,0.0,новый,звонок,True
1411,2026-05-24,Менеджер 3,Могилёв,офисные кресла,1,0,0.0,0.0,0.0,новый,сайт,True
1412,2026-05-24,Менеджер 4,Брест,офисные кресла,1,0,0.0,0.0,0.0,повторный,партнёр,True
1413,2026-05-24,Менеджер 4,Могилёв,шкафы,1,0,0.0,0.0,0.0,новый,партнёр,True
1414,2026-05-24,Менеджер 1,Витебск,офисные кресла,1,1,804.26,249.59,0.067,новый,сайт,True
1415,2026-05-24,Менеджер 2,Гродно,шкафы,1,1,1329.49,392.54,0.078,новый,реклама,True
1416,2026-05-24,Менеджер 4,Могилёв,офисные столы,1,1,837.83,247.52,0.035,новый,партнёр,True
1417,2026-05-24,Менеджер 3,Брест,офисные столы,1,0,0.0,0.0,0.0,новый,сайт,True
1418,2026-05-24,Менеджер 2,Гродно,офисные кресла,1,0,0.0,0.0,0.0,новый,реклама,True
1419,2026-05-24,Менеджер 5,Витебск,офисные кресла,1,0,0.0,0.0,0.0,повторный,сайт,True
1420,2026-05-24,Менеджер 2,Витебск,шкафы,1,0,0.0,0.0,0.0,повторный,партнёр,True
1421,2026-05-24,Менеджер 3,Витебск,офисные кресла,1,0,0.0,0.0,0.0,повторный,реклама,True
1422,2026-05-24,Менеджер 1,Гродно,офисные кресла,1,0,0.0,0.0,0.0,повторный,сайт,True
1423,2026-05-24,Менеджер 5,Брест,шкафы,1,1,934.36,265.47,0.079,новый,партнёр,True
1424,2026-05-24,Менеджер 3,Гомель,офисные кресла,1,1,788.44,231.08,0.015,повторный,звонок,True
1425,2026-05-24,Менеджер 5,Гомель,офисные столы,1,0,0.0,0.0,0.0,повторный,партнёр,True
1426,2026-05-24,Менеджер 5,Гомель,шкафы,1,0,0.0,0.0,0.0,новый,реклама,True
1427,2026-05-24,Менеджер 2,Гомель,офисные кресла,1,0,0.0,0.0,0.0,новый,сайт,True
1428,2026-05-24,Менеджер 5,Витебск,офисные столы,1,0,0.0,0.0,0.0,новый,партнёр,True
1429,2026-05-24,Менеджер 1,Витебск,офисные кресла,1,0,0.0,0.0,0.0,повторный,звонок,True
1430,2026-05-24,Менеджер 3,Гомель,шкафы,1,1,1412.83,396.84,0.079,новый,звонок,True
1431,2026-05-25,Менеджер 4,Брест,шкафы,1,0,0.0,0.0,0.0,повторный,звонок,True
1432,2026-05-25,Менеджер 3,Брест,офисные кресла,1,0,0.0,0.0,0.0,новый,реклама,True
1433,2026-05-25,Менеджер 1,Гродно,офисные кресла,1,1,789.14,268.47,0.078,новый,партнёр,True
1434,2026-05-25,Менеджер 3,Брест,офисные кресла,1,0,0.0,0.0,0.0,новый,партнёр,True
1435,2026-05-25,Менеджер 4,Гродно,шкафы,1,0,0.0,0.0,0.0,повторный,партнёр,True
1436,2026-05-25,Менеджер 4,Гродно,офисные кресла,1,0,0.0,0.0,0.0,новый,реклама,True
1437,2026-05-25,Менеджер 5,Гродно,офисные столы,1,1,909.41,258.53,0.082,новый,партнёр,True
1438,2026-05-25,Менеджер 5,Витебск,офисные столы,1,1,894.15,233.66,0.078,повторный,реклама,True
1439,2026-05-25,Менеджер 2,Гродно,офисные столы,1,1,1130.54,337.84,0.042,повторный,сайт,True
1440,2026-05-25,Менеджер 3,Могилёв,офисные кресла,1,0,0.0,0.0,0.0,повторный,звонок,True
1441,2026-05-25,Менеджер 4,Гомель,офисные кресла,1,0,0.0,0.0,0.0,новый,звонок,True
1442,2026-05-25,Менеджер 3,Гомель,офисные столы,1,0,0.0,0.0,0.0,повторный,партнёр,True
1443,2026-05-25,Менеджер 1,Гомель,офисные столы,1,0,0.0,0.0,0.0,новый,реклама,True
1444,2026-05-25,Менеджер 3,Могилёв,офисные кресла,1,0,0.0,0.0,0.0,новый,реклама,True
1445,2026-05-25,Менеджер 3,Гродно,офисные столы,1,0,0.0,0.0,0.0,повторный,реклама,True
1446,2026-05-25,Менеджер 1,Могилёв,офисные кресла,1,1,775.74,279.57,0.123,повторный,реклама,True
1447,2026-05-25,Менеджер 2,Гомель,шкафы,1,0,0.0,0.0,0.0,новый,звонок,True
1448,2026-05-25,Менеджер 2,Могилёв,офисные столы,1,0,0.0,0.0,0.0,новый,сайт,True
1449,2026-05-25,Менеджер 3,Гродно,офисные столы,1,0,0.0,0.0,0.0,новый,звонок,True
1450,2026-05-25,Менеджер 1,Брест,офисные столы,1,0,0.0,0.0,0.0,новый,партнёр,True
1451,2026-05-25,Менеджер 4,Брест,офисные столы,1,0,0.0,0.0,0.0,повторный,партнёр,True
1452,2026-05-25,Менеджер 3,Гомель,офисные столы,1,0,0.0,0.0,0.0,новый,звонок,True
1453,2026-05-25,Менеджер 2,Могилёв,офисные кресла,1,1,598.26,182.89,0.032,новый,сайт,True
1454,2026-05-25,Менеджер 5,Витебск,офисные столы,1,1,1163.13,389.13,0.004,новый,сайт,True
1455,2026-05-25,Менеджер 2,Могилёв,офисные кресла,1,1,684.47,216.03,0.078,новый,звонок,True
1456,2026-05-25,Менеджер 4,Могилёв,офисные кресла,1,0,0.0,0.0,0.0,новый,звонок,True
1457,2026-05-25,Менеджер 1,Гродно,офисные кресла,1,0,0.0,0.0,0.0,повторный,сайт,True
1458,2026-05-25,Менеджер 4,Гродно,офисные столы,1,0,0.0,0.0,0.0,новый,звонок,True
1459,2026-05-25,Менеджер 2,Могилёв,офисные столы,1,0,0.0,0.0,0.0,новый,сайт,True
1460,2026-05-25,Менеджер 3,Витебск,офисные кресла,1,0,0.0,0.0,0.0,повторный,сайт,True
1461,2026-05-25,Менеджер 5,Брест,офисные столы,1,0,0.0,0.0,0.0,новый,реклама,True
1462,2026-05-25,Менеджер 1,Гродно,офисные столы,1,0,0.0,0.0,0.0,новый,партнёр,True
1463,2026-05-25,Менеджер 3,Гродно,офисные кресла,1,0,0.0,0.0,0.0,повторный,реклама,True
1464,2026-05-25,Менеджер 2,Могилёв,офисные столы,1,0,0.0,0.0,0.0,новый,партнёр,True
1465,2026-05-25,Менеджер 1,Витебск,офисные кресла,1,0,0.0,0.0,0.0,новый,партнёр,True
1466,2026-05-25,Менеджер 4,Гомель,офисные кресла,1,0,0.0,0.0,0.0,новый,реклама,True
1467,2026-05-25,Менеджер 1,Брест,офисные столы,1,1,1044.09,301.27,0.104,новый,звонок,True
1468,2026-05-25,Менеджер 2,Гродно,офисные кресла,1,0,0.0,0.0,0.0,новый,партнёр,True
1469,2026-05-25,Менеджер 3,Гродно,офисные столы,1,0,0.0,0.0,0.0,новый,сайт,True
1470,2026-05-25,Менеджер 2,Гомель,шкафы,1,1,1371.57,345.72,0.044,новый,реклама,True
1471,2026-05-25,Менеджер 1,Витебск,шкафы,1,0,0.0,0.0,0.0,новый,сайт,True
1472,2026-05-25,Менеджер 1,Витебск,офисные кресла,1,1,522.06,179.06,0.098,новый,сайт,True
1473,2026-05-25,Менеджер 4,Брест,офисные кресла,1,1,476.87,150.17,0.135,новый,реклама,True
1474,2026-05-25,Менеджер 5,Гомель,офисные кресла,1,0,0.0,0.0,0.0,новый,звонок,True
1475,2026-05-25,Менеджер 3,Гродно,офисные столы,1,0,0.0,0.0,0.0,новый,партнёр,True
1476,2026-05-25,Менеджер 4,Гомель,офисные столы,1,0,0.0,0.0,0.0,новый,звонок,True
1477,2026-05-26,Менеджер 4,Брест,офисные столы,1,0,0.0,0.0,0.0,новый,сайт,True
1478,2026-05-26,Менеджер 2,Гомель,офисные столы,1,0,0.0,0.0,0.0,повторный,сайт,True
1479,2026-05-26,Менеджер 3,Гродно,шкафы,1,0,0.0,0.0,0.0,повторный,партнёр,True
1480,2026-05-26,Менеджер 2,Могилёв,офисные столы,1,0,0.0,0.0,0.0,новый,реклама,True
1481,2026-05-26,Менеджер 1,Гомель,шкафы,1,1,845.24,216.92,0.151,повторный,партнёр,True
1482,2026-05-26,Менеджер 5,Гомель,шкафы,1,0,0.0,0.0,0.0,повторный,звонок,True
1483,2026-05-26,Менеджер 2,Гомель,офисные кресла,1,0,0.0,0.0,0.0,новый,сайт,True
1484,2026-05-26,Менеджер 3,Брест,офисные кресла,1,1,736.55,245.85,0.068,новый,партнёр,True
1485,2026-05-26,Менеджер 4,Витебск,шкафы,1,0,0.0,0.0,0.0,повторный,звонок,True
1486,2026-05-26,Менеджер 2,Гомель,офисные столы,1,0,0.0,0.0,0.0,новый,реклама,True
1487,2026-05-26,Менеджер 5,Витебск,офисные столы,1,1,898.57,279.89,0.137,новый,сайт,True
1488,2026-05-26,Менеджер 5,Гродно,офисные столы,1,0,0.0,0.0,0.0,новый,звонок,True
1489,2026-05-26,Менеджер 4,Гомель,офисные столы,1,1,737.76,219.05,0.104,новый,сайт,True
1490,2026-05-26,Менеджер 5,Могилёв,офисные кресла,1,0,0.0,0.0,0.0,повторный,реклама,True
1491,2026-05-26,Менеджер 4,Витебск,офисные кресла,1,0,0.0,0.0,0.0,новый,партнёр,True
1492,2026-05-26,Менеджер 1,Витебск,шкафы,1,0,0.0,0.0,0.0,новый,сайт,True
1493,2026-05-26,Менеджер 1,Гродно,шкафы,1,0,0.0,0.0,0.0,новый,партнёр,True
1494,2026-05-26,Менеджер 1,Гродно,офисные столы,1,1,963.67,260.63,0.051,новый,сайт,True
1495,2026-05-26,Менеджер 1,Гомель,офисные кресла,1,0,0.0,0.0,0.0,новый,реклама,True
1496,2026-05-26,Менеджер 2,Витебск,офисные кресла,1,1,564.84,161.28,0.178,повторный,звонок,True
1497,2026-05-26,Менеджер 2,Брест,шкафы,1,0,0.0,0.0,0.0,новый,сайт,True
1498,2026-05-26,Менеджер 4,Могилёв,офисные кресла,1,0,0.0,0.0,0.0,новый,реклама,True
1499,2026-05-26,Менеджер 3,Брест,офисные кресла,1,1,595.11,222.25,0.05,повторный,звонок,True
1500,2026-05-26,Менеджер 5,Гомель,офисные столы,1,0,0.0,0.0,0.0,новый,сайт,True
1501,2026-05-26,Менеджер 3,Брест,офисные кресла,1,0,0.0,0.0,0.0,новый,партнёр,True
1502,2026-05-26,Менеджер 4,Гродно,офисные кресла,1,0,0.0,0.0,0.0,новый,сайт,True
1503,2026-05-26,Менеджер 4,Гомель,шкафы,1,0,0.0,0.0,0.0,новый,звонок,True
1504,2026-05-26,Менеджер 5,Витебск,офисные столы,1,0,0.0,0.0,0.0,новый,сайт,True
1505,2026-05-26,Менеджер 4,Гродно,офисные кресла,1,0,0.0,0.0,0.0,новый,реклама,True
1506,2026-05-26,Менеджер 1,Витебск,офисные кресла,1,0,0.0,0.0,0.0,новый,звонок,True
1507,2026-05-26,Менеджер 2,Могилёв,шкафы,1,0,0.0,0.0,0.0,новый,партнёр,True
1508,2026-05-26,Менеджер 1,Гомель,офисные кресла,1,0,0.0,0.0,0.0,новый,сайт,True
1509,2026-05-26,Менеджер 4,Могилёв,шкафы,1,0,0.0,0.0,0.0,повторный,партнёр,True
1510,2026-05-26,Менеджер 1,Брест,шкафы,1,0,0.0,0.0,0.0,повторный,партнёр,True
1511,2026-05-26,Менеджер 3,Могилёв,шкафы,1,0,0.0,0.0,0.0,повторный,партнёр,True
1512,2026-05-26,Менеджер 4,Гомель,шкафы,1,0,0.0,0.0,0.0,повторный,партнёр,True
1513,2026-05-26,Менеджер 5,Гродно,шкафы,1,0,0.0,0.0,0.0,новый,сайт,True
1514,2026-05-26,Менеджер 5,Гродно,шкафы,1,0,0.0,0.0,0.0,новый,звонок,True
1515,2026-05-26,Менеджер 2,Витебск,офисные кресла,1,0,0.0,0.0,0.0,новый,звонок,True
1516,2026-05-26,Менеджер 3,Гродно,офисные столы,1,0,0.0,0.0,0.0,новый,партнёр,True
1517,2026-05-26,Менеджер 2,Гомель,шкафы,1,0,0.0,0.0,0.0,новый,партнёр,True
1518,2026-05-26,Менеджер 3,Брест,шкафы,1,0,0.0,0.0,0.0,новый,партнёр,True
1519,2026-05-26,Менеджер 5,Брест,офисные столы,1,0,0.0,0.0,0.0,повторный,реклама,True
1520,2026-05-26,Менеджер 5,Гродно,офисные кресла,1,1,510.54,182.82,0.033,новый,партнёр,True
1521,2026-05-26,Менеджер 5,Брест,офисные кресла,1,1,531.62,153.66,0.087,новый,сайт,True
1522,2026-05-26,Менеджер 5,Брест,офисные кресла,1,0,0.0,0.0,0.0,новый,партнёр,True
1523,2026-05-27,Менеджер 4,Гродно,офисные кресла,1,1,545.37,191.34,0.052,новый,звонок,True
1524,2026-05-27,Менеджер 1,Брест,офисные кресла,1,1,514.16,152.34,0.12,повторный,партнёр,True
1525,2026-05-27,Менеджер 4,Гродно,шкафы,1,1,906.09,267.27,0.038,повторный,сайт,True
1526,2026-05-27,Менеджер 4,Витебск,офисные столы,1,0,0.0,0.0,0.0,повторный,сайт,True
1527,2026-05-27,Менеджер 1,Гомель,офисные столы,1,1,682.56,185.29,0.011,повторный,партнёр,True
1528,2026-05-27,Менеджер 2,Могилёв,офисные кресла,1,0,0.0,0.0,0.0,новый,сайт,True
1529,2026-05-27,Менеджер 3,Брест,шкафы,1,0,0.0,0.0,0.0,новый,звонок,True
1530,2026-05-27,Менеджер 2,Гомель,офисные столы,1,0,0.0,0.0,0.0,новый,реклама,True
1531,2026-05-27,Менеджер 3,Гомель,шкафы,1,0,0.0,0.0,0.0,новый,реклама,True
1532,2026-05-27,Менеджер 1,Брест,шкафы,1,1,1225.34,280.51,0.165,новый,сайт,True
1533,2026-05-27,Менеджер 1,Витебск,шкафы,1,0,0.0,0.0,0.0,новый,партнёр,True
1534,2026-05-27,Менеджер 5,Гомель,офисные кресла,1,0,0.0,0.0,0.0,новый,партнёр,True
1535,2026-05-27,Менеджер 4,Брест,офисные кресла,1,0,0.0,0.0,0.0,новый,партнёр,True
1536,2026-05-27,Менеджер 3,Брест,шкафы,1,1,1202.65,328.5,0.145,новый,реклама,True
1537,2026-05-27,Менеджер 5,Могилёв,шкафы,1,0,0.0,0.0,0.0,повторный,партнёр,True
1538,2026-05-27,Менеджер 2,Витебск,шкафы,1,1,877.49,237.83,0.088,повторный,звонок,True
1539,2026-05-27,Менеджер 5,Витебск,офисные кресла,1,1,841.53,304.25,0.038,повторный,сайт,True
1540,2026-05-27,Менеджер 4,Гомель,офисные столы,1,1,678.7,221.28,0.069,новый,реклама,True
1541,2026-05-27,Менеджер 5,Брест,офисные столы,1,0,0.0,0.0,0.0,повторный,звонок,True
1542,2026-05-27,Менеджер 5,Гродно,офисные столы,1,0,0.0,0.0,0.0,новый,сайт,True
1543,2026-05-27,Менеджер 3,Гомель,офисные кресла,1,1,520.31,185.76,0.154,новый,сайт,True
1544,2026-05-27,Менеджер 5,Гомель,шкафы,1,0,0.0,0.0,0.0,новый,звонок,True
1545,2026-05-27,Менеджер 5,Гродно,офисные кресла,1,0,0.0,0.0,0.0,новый,партнёр,True
1546,2026-05-27,Менеджер 4,Витебск,офисные столы,1,0,0.0,0.0,0.0,новый,реклама,True
1547,2026-05-27,Менеджер 4,Гомель,шкафы,1,0,0.0,0.0,0.0,новый,партнёр,True
1548,2026-05-27,Менеджер 4,Гродно,офисные кресла,1,0,0.0,0.0,0.0,новый,сайт,True
1549,2026-05-27,Менеджер 2,Могилёв,офисные столы,1,1,857.21,228.21,0.051,новый,сайт,True
1550,2026-05-27,Менеджер 1,Могилёв,офисные кресла,1,0,0.0,0.0,0.0,новый,сайт,True
1551,2026-05-27,Менеджер 5,Брест,офисные столы,1,0,0.0,0.0,0.0,повторный,сайт,True
1552,2026-05-27,Менеджер 3,Витебск,шкафы,1,0,0.0,0.0,0.0,повторный,звонок,True
1553,2026-05-27,Менеджер 4,Гродно,шкафы,1,1,1265.36,295.71,0.084,повторный,партнёр,True
1554,2026-05-27,Менеджер 4,Гомель,офисные столы,1,0,0.0,0.0,0.0,новый,звонок,True
1555,2026-05-27,Менеджер 5,Брест,шкафы,1,1,894.54,242.69,0.075,новый,сайт,True
1556,2026-05-27,Менеджер 2,Гомель,шкафы,1,0,0.0,0.0,0.0,новый,сайт,True
1557,2026-05-27,Менеджер 2,Брест,офисные столы,1,1,910.72,263.27,0.109,повторный,звонок,True
1558,2026-05-27,Менеджер 2,Брест,шкафы,1,0,0.0,0.0,0.0,повторный,сайт,True
1559,2026-05-27,Менеджер 3,Витебск,шкафы,1,0,0.0,0.0,0.0,новый,звонок,True
1560,2026-05-27,Менеджер 2,Гродно,офисные кресла,1,0,0.0,0.0,0.0,новый,звонок,True
1561,2026-05-27,Менеджер 4,Гомель,шкафы,1,1,1120.41,321.87,0.129,повторный,звонок,True
1562,2026-05-27,Менеджер 3,Гродно,офисные кресла,1,0,0.0,0.0,0.0,новый,партнёр,True
1563,2026-05-27,Менеджер 4,Гродно,шкафы,1,1,1446.25,346.77,0.101,новый,звонок,True
1564,2026-05-27,Менеджер 5,Витебск,офисные кресла,1,0,0.0,0.0,0.0,новый,сайт,True
1565,2026-05-27,Менеджер 1,Гродно,офисные столы,1,0,0.0,0.0,0.0,повторный,звонок,True
1566,2026-05-27,Менеджер 5,Гродно,офисные столы,1,0,0.0,0.0,0.0,повторный,партнёр,True
1567,2026-05-27,Менеджер 1,Витебск,офисные столы,1,1,958.7,264.66,0.055,повторный,партнёр,True
1568,2026-05-28,Менеджер 1,Гродно,офисные столы,1,1,699.76,205.07,0.05,новый,партнёр,True
1569,2026-05-28,Менеджер 4,Гродно,шкафы,1,0,0.0,0.0,0.0,повторный,сайт,True
1570,2026-05-28,Менеджер 4,Витебск,шкафы,1,0,0.0,0.0,0.0,повторный,реклама,True
1571,2026-05-28,Менеджер 3,Могилёв,офисные кресла,1,0,0.0,0.0,0.0,новый,звонок,True
1572,2026-05-28,Менеджер 4,Гродно,офисные кресла,1,1,818.57,294.9,0.112,новый,сайт,True
1573,2026-05-28,Менеджер 4,Гродно,офисные столы,1,1,936.06,268.23,0.073,новый,звонок,True
1574,2026-05-28,Менеджер 2,Гродно,шкафы,1,0,0.0,0.0,0.0,новый,звонок,True
1575,2026-05-28,Менеджер 1,Витебск,офисные кресла,1,0,0.0,0.0,0.0,новый,реклама,True
1576,2026-05-28,Менеджер 2,Витебск,шкафы,1,1,891.64,245.71,0.02,новый,звонок,True
1577,2026-05-28,Менеджер 2,Гомель,шкафы,1,1,1177.79,350.63,0.091,повторный,звонок,True
1578,2026-05-28,Менеджер 1,Гродно,офисные кресла,1,0,0.0,0.0,0.0,новый,звонок,True
1579,2026-05-28,Менеджер 4,Брест,шкафы,1,1,1137.78,335.14,0.094,новый,звонок,True
1580,2026-05-28,Менеджер 5,Гродно,офисные кресла,1,0,0.0,0.0,0.0,новый,сайт,True
1581,2026-05-28,Менеджер 1,Гомель,офисные кресла,1,0,0.0,0.0,0.0,повторный,реклама,True
1582,2026-05-28,Менеджер 5,Могилёв,офисные столы,1,0,0.0,0.0,0.0,новый,звонок,True
1583,2026-05-28,Менеджер 4,Гродно,шкафы,1,0,0.0,0.0,0.0,повторный,звонок,True
1584,2026-05-28,Менеджер 5,Брест,офисные столы,1,0,0.0,0.0,0.0,новый,звонок,True
1585,2026-05-28,Менеджер 1,Витебск,офисные столы,1,1,1094.99,319.71,0.115,новый,реклама,True
1586,2026-05-28,Менеджер 2,Гомель,офисные столы,1,1,918.73,245.89,0.102,новый,реклама,True
1587,2026-05-28,Менеджер 1,Гродно,офисные столы,1,1,824.86,218.9,0.16,повторный,сайт,True
1588,2026-05-28,Менеджер 2,Гродно,офисные кресла,1,0,0.0,0.0,0.0,новый,партнёр,True
1589,2026-05-28,Менеджер 2,Витебск,офисные кресла,1,1,473.74,151.27,0.111,новый,звонок,True
1590,2026-05-28,Менеджер 5,Брест,офисные кресла,1,0,0.0,0.0,0.0,новый,звонок,True
1591,2026-05-28,Менеджер 3,Гродно,шкафы,1,0,0.0,0.0,0.0,новый,сайт,True
1592,2026-05-28,Менеджер 3,Гродно,офисные кресла,1,0,0.0,0.0,0.0,новый,партнёр,True
1593,2026-05-28,Менеджер 1,Витебск,офисные столы,1,1,704.06,193.68,0.042,новый,партнёр,True
1594,2026-05-28,Менеджер 2,Гродно,шкафы,1,0,0.0,0.0,0.0,повторный,звонок,True
1595,2026-05-28,Менеджер 1,Витебск,шкафы,1,1,1515.61,386.33,0.091,новый,реклама,True
1596,2026-05-28,Менеджер 1,Гомель,офисные столы,1,0,0.0,0.0,0.0,новый,звонок,True
1597,2026-05-28,Менеджер 5,Брест,шкафы,1,0,0.0,0.0,0.0,новый,реклама,True
1598,2026-05-28,Менеджер 3,Могилёв,шкафы,1,1,1182.82,318.71,0.123,новый,звонок,True
1599,2026-05-28,Менеджер 4,Гомель,офисные кресла,1,0,0.0,0.0,0.0,новый,реклама,True
1600,2026-05-28,Менеджер 4,Гродно,шкафы,1,1,1392.31,361.83,0.057,повторный,реклама,True
1601,2026-05-28,Менеджер 1,Гомель,офисные кресла,1,1,627.78,192.83,0.078,новый,звонок,True
1602,2026-05-28,Менеджер 2,Витебск,офисные кресла,1,0,0.0,0.0,0.0,повторный,сайт,True
1603,2026-05-28,Менеджер 5,Могилёв,офисные кресла,1,0,0.0,0.0,0.0,новый,реклама,True
1604,2026-05-28,Менеджер 3,Витебск,шкафы,1,0,0.0,0.0,0.0,новый,сайт,True
1605,2026-05-28,Менеджер 3,Брест,офисные столы,1,1,915.63,259.55,0.151,новый,реклама,True
1606,2026-05-28,Менеджер 2,Гомель,шкафы,1,0,0.0,0.0,0.0,новый,партнёр,True
1607,2026-05-28,Менеджер 5,Витебск,шкафы,1,0,0.0,0.0,0.0,новый,звонок,True
1608,2026-05-28,Менеджер 3,Гомель,офисные кресла,1,0,0.0,0.0,0.0,повторный,партнёр,True
1609,2026-05-28,Менеджер 3,Гродно,офисные кресла,1,0,0.0,0.0,0.0,новый,сайт,True
1610,2026-05-28,Менеджер 4,Гомель,офисные кресла,1,0,0.0,0.0,0.0,повторный,звонок,True
1611,2026-05-28,Менеджер 4,Витебск,шкафы,1,0,0.0,0.0,0.0,новый,сайт,True
1612,2026-05-28,Менеджер 2,Брест,офисные кресла,1,0,0.0,0.0,0.0,повторный,звонок,True
1613,2026-05-28,Менеджер 2,Гомель,офисные столы,1,0,0.0,0.0,0.0,повторный,звонок,True
1614,2026-05-28,Менеджер 1,Могилёв,офисные столы,1,0,0.0,0.0,0.0,новый,партнёр,True
1615,2026-05-28,Менеджер 4,Гомель,офисные кресла,1,1,565.82,174.6,0.036,повторный,партнёр,True
1616,2026-05-28,Менеджер 2,Витебск,офисные столы,1,1,896.61,239.61,0.087,новый,звонок,True
1617,2026-05-28,Менеджер 1,Витебск,офисные столы,1,1,987.81,252.97,0.05,новый,партнёр,True
1618,2026-05-28,Менеджер 5,Брест,офисные столы,1,0,0.0,0.0,0.0,повторный,реклама,True
1619,2026-05-28,Менеджер 2,Гродно,офисные кресла,1,0,0.0,0.0,0.0,повторный,звонок,True
1620,2026-05-29,Менеджер 3,Витебск,офисные столы,1,0,0.0,0.0,0.0,новый,реклама,True
1621,2026-05-29,Менеджер 5,Могилёв,офисные столы,1,0,0.0,0.0,0.0,новый,партнёр,True
1622,2026-05-29,Менеджер 4,Гродно,шкафы,1,1,1201.31,290.94,0.127,повторный,партнёр,True
1623,2026-05-29,Менеджер 4,Витебск,офисные кресла,1,0,0.0,0.0,0.0,повторный,звонок,True
1624,2026-05-29,Менеджер 3,Брест,офисные столы,1,0,0.0,0.0,0.0,новый,партнёр,True
1625,2026-05-29,Менеджер 1,Витебск,шкафы,1,0,0.0,0.0,0.0,новый,реклама,True
1626,2026-05-29,Менеджер 3,Брест,шкафы,1,1,1119.42,276.43,0.113,повторный,реклама,True
1627,2026-05-29,Менеджер 3,Могилёв,шкафы,1,0,0.0,0.0,0.0,новый,реклама,True
1628,2026-05-29,Менеджер 3,Брест,офисные столы,1,0,0.0,0.0,0.0,новый,звонок,True
1629,2026-05-29,Менеджер 5,Могилёв,офисные столы,1,0,0.0,0.0,0.0,новый,сайт,True
1630,2026-05-29,Менеджер 2,Могилёв,офисные столы,1,0,0.0,0.0,0.0,новый,звонок,True
1631,2026-05-29,Менеджер 1,Могилёв,шкафы,1,0,0.0,0.0,0.0,новый,партнёр,True
1632,2026-05-29,Менеджер 3,Гродно,шкафы,1,1,1378.7,354.16,0.094,новый,звонок,True
1633,2026-05-29,Менеджер 1,Брест,офисные кресла,1,0,0.0,0.0,0.0,новый,партнёр,True
1634,2026-05-29,Менеджер 4,Витебск,шкафы,1,0,0.0,0.0,0.0,повторный,партнёр,True
1635,2026-05-29,Менеджер 2,Витебск,офисные столы,1,0,0.0,0.0,0.0,повторный,партнёр,True
1636,2026-05-29,Менеджер 5,Витебск,офисные столы,1,0,0.0,0.0,0.0,новый,партнёр,True
1637,2026-05-29,Менеджер 4,Гомель,офисные кресла,1,0,0.0,0.0,0.0,новый,сайт,True
1638,2026-05-29,Менеджер 2,Брест,шкафы,1,1,1474.67,420.66,0.043,новый,партнёр,True
1639,2026-05-29,Менеджер 3,Могилёв,шкафы,1,0,0.0,0.0,0.0,новый,реклама,True
1640,2026-05-29,Менеджер 1,Гродно,офисные кресла,1,1,457.15,139.6,0.13,новый,сайт,True
1641,2026-05-29,Менеджер 2,Гомель,офисные кресла,1,0,0.0,0.0,0.0,повторный,звонок,True
1642,2026-05-29,Менеджер 3,Могилёв,офисные кресла,1,0,0.0,0.0,0.0,новый,партнёр,True
1643,2026-05-29,Менеджер 5,Витебск,офисные кресла,1,0,0.0,0.0,0.0,новый,сайт,True
1644,2026-05-29,Менеджер 2,Гродно,офисные столы,1,1,1118.77,333.58,0.068,новый,сайт,True
1645,2026-05-29,Менеджер 2,Гродно,шкафы,1,0,0.0,0.0,0.0,повторный,сайт,True
1646,2026-05-29,Менеджер 2,Гомель,шкафы,1,1,1001.71,236.16,0.041,новый,звонок,True
1647,2026-05-29,Менеджер 2,Брест,офисные кресла,1,0,0.0,0.0,0.0,новый,сайт,True
1648,2026-05-29,Менеджер 3,Гомель,офисные кресла,1,0,0.0,0.0,0.0,новый,звонок,True
1649,2026-05-29,Менеджер 3,Витебск,офисные столы,1,1,747.47,199.75,0.081,повторный,звонок,True
1650,2026-05-29,Менеджер 1,Брест,офисные кресла,1,0,0.0,0.0,0.0,новый,звонок,True
1651,2026-05-29,Менеджер 4,Гомель,офисные кресла,1,0,0.0,0.0,0.0,новый,сайт,True
1652,2026-05-29,Менеджер 3,Могилёв,офисные столы,1,0,0.0,0.0,0.0,повторный,сайт,True
1653,2026-05-29,Менеджер 3,Брест,шкафы,1,0,0.0,0.0,0.0,новый,партнёр,True
1654,2026-05-29,Менеджер 5,Брест,шкафы,1,0,0.0,0.0,0.0,повторный,звонок,True
1655,2026-05-29,Менеджер 4,Брест,офисные столы,1,0,0.0,0.0,0.0,новый,реклама,True
1656,2026-05-29,Менеджер 3,Гродно,шкафы,1,0,0.0,0.0,0.0,повторный,реклама,True
1657,2026-05-29,Менеджер 4,Гомель,шкафы,1,0,0.0,0.0,0.0,повторный,звонок,True
1658,2026-05-29,Менеджер 5,Гомель,офисные кресла,1,1,645.66,212.04,0.165,повторный,реклама,True
1659,2026-05-29,Менеджер 3,Могилёв,офисные кресла,1,0,0.0,0.0,0.0,новый,сайт,True
1660,2026-05-29,Менеджер 5,Могилёв,шкафы,1,0,0.0,0.0,0.0,новый,звонок,True
1661,2026-05-29,Менеджер 4,Могилёв,офисные столы,1,0,0.0,0.0,0.0,новый,сайт,True
1662,2026-05-29,Менеджер 2,Брест,шкафы,1,0,0.0,0.0,0.0,новый,звонок,True
1663,2026-05-29,Менеджер 2,Гродно,офисные кресла,1,0,0.0,0.0,0.0,повторный,партнёр,True
1664,2026-05-30,Менеджер 3,Брест,офисные кресла,1,0,0.0,0.0,0.0,повторный,звонок,True
1665,2026-05-30,Менеджер 4,Гомель,офисные столы,1,0,0.0,0.0,0.0,новый,звонок,True
1666,2026-05-30,Менеджер 5,Гомель,офисные столы,1,1,1123.5,375.0,0.051,новый,звонок,True
1667,2026-05-30,Менеджер 4,Витебск,шкафы,1,1,1190.66,319.19,0.21,новый,звонок,True
1668,2026-05-30,Менеджер 2,Гродно,шкафы,1,0,0.0,0.0,0.0,новый,звонок,True
1669,2026-05-30,Менеджер 2,Витебск,шкафы,1,1,1491.33,408.33,0.1,новый,реклама,True
1670,2026-05-30,Менеджер 5,Витебск,офисные столы,1,0,0.0,0.0,0.0,новый,партнёр,True
1671,2026-05-30,Менеджер 4,Могилёв,офисные кресла,1,1,747.86,237.12,0.062,новый,реклама,True
1672,2026-05-30,Менеджер 2,Гомель,шкафы,1,0,0.0,0.0,0.0,новый,звонок,True
1673,2026-05-30,Менеджер 1,Витебск,шкафы,1,0,0.0,0.0,0.0,новый,реклама,True
1674,2026-05-30,Менеджер 5,Витебск,офисные столы,1,0,0.0,0.0,0.0,новый,реклама,True
1675,2026-05-30,Менеджер 4,Могилёв,офисные столы,1,1,769.28,257.26,0.041,новый,сайт,True
1676,2026-05-30,Менеджер 1,Могилёв,шкафы,1,0,0.0,0.0,0.0,новый,партнёр,True
1677,2026-05-30,Менеджер 3,Гродно,офисные столы,1,0,0.0,0.0,0.0,новый,сайт,True
1678,2026-05-30,Менеджер 1,Витебск,офисные столы,1,1,689.18,173.28,0.124,повторный,звонок,True
1679,2026-05-30,Менеджер 1,Могилёв,шкафы,1,1,928.44,261.13,0.085,новый,партнёр,True
1680,2026-05-30,Менеджер 5,Гродно,офисные кресла,1,1,644.33,218.74,0.057,повторный,реклама,True
1681,2026-05-30,Менеджер 1,Витебск,офисные кресла,1,1,810.64,297.54,0.078,новый,партнёр,True
1682,2026-05-30,Менеджер 3,Гродно,шкафы,1,0,0.0,0.0,0.0,новый,реклама,True
1683,2026-05-30,Менеджер 5,Могилёв,офисные кресла,1,1,666.31,195.82,0.055,новый,звонок,True
1684,2026-05-30,Менеджер 5,Гомель,офисные столы,1,0,0.0,0.0,0.0,новый,сайт,True
1685,2026-05-30,Менеджер 3,Гродно,офисные кресла,1,0,0.0,0.0,0.0,новый,партнёр,True
1686,2026-05-30,Менеджер 3,Могилёв,офисные кресла,1,0,0.0,0.0,0.0,новый,сайт,True
1687,2026-05-30,Менеджер 5,Брест,шкафы,1,0,0.0,0.0,0.0,повторный,звонок,True
1688,2026-05-30,Менеджер 2,Могилёв,офисные столы,1,1,954.02,290.34,0.037,новый,сайт,True
1689,2026-05-30,Менеджер 3,Гомель,офисные кресла,1,0,0.0,0.0,0.0,новый,звонок,True
1690,2026-05-30,Менеджер 2,Гродно,офисные кресла,1,0,0.0,0.0,0.0,новый,звонок,True
1691,2026-05-30,Менеджер 5,Могилёв,офисные столы,1,1,793.67,246.04,0.037,новый,партнёр,True
1692,2026-05-30,Менеджер 1,Гомель,шкафы,1,1,1460.49,375.22,0.08,новый,сайт,True
1693,2026-05-30,Менеджер 5,Гомель,шкафы,1,0,0.0,0.0,0.0,повторный,партнёр,True
1694,2026-05-30,Менеджер 4,Гомель,шкафы,1,0,0.0,0.0,0.0,повторный,звонок,True
1695,2026-05-30,Менеджер 3,Гомель,офисные кресла,1,0,0.0,0.0,0.0,новый,реклама,True
1696,2026-05-30,Менеджер 3,Гомель,офисные кресла,1,0,0.0,0.0,0.0,новый,партнёр,True
1697,2026-05-30,Менеджер 3,Могилёв,шкафы,1,0,0.0,0.0,0.0,новый,сайт,True
1698,2026-05-30,Менеджер 3,Витебск,шкафы,1,1,1101.67,316.36,0.041,новый,реклама,True
1699,2026-05-30,Менеджер 1,Брест,офисные столы,1,0,0.0,0.0,0.0,новый,реклама,True
1700,2026-05-30,Менеджер 3,Витебск,офисные кресла,1,0,0.0,0.0,0.0,новый,сайт,True
1701,2026-05-30,Менеджер 2,Витебск,шкафы,1,0,0.0,0.0,0.0,новый,реклама,True
1702,2026-05-30,Менеджер 5,Витебск,офисные столы,1,0,0.0,0.0,0.0,повторный,сайт,True
1703,2026-05-30,Менеджер 1,Гродно,шкафы,1,1,958.41,238.06,0.071,новый,реклама,True
1704,2026-05-30,Менеджер 2,Гомель,шкафы,1,0,0.0,0.0,0.0,новый,сайт,True
1705,2026-05-30,Менеджер 3,Гродно,шкафы,1,0,0.0,0.0,0.0,новый,реклама,True
1706,2026-05-30,Менеджер 1,Гродно,офисные столы,1,1,740.48,230.26,0.102,повторный,звонок,True
1707,2026-05-30,Менеджер 3,Витебск,офисные кресла,1,0,0.0,0.0,0.0,повторный,партнёр,True
1708,2026-05-30,Менеджер 1,Могилёв,шкафы,1,1,1237.9,327.59,0.075,повторный,звонок,True
1709,2026-05-30,Менеджер 5,Гродно,офисные кресла,1,0,0.0,0.0,0.0,новый,звонок,True
1710,2026-05-30,Менеджер 1,Гомель,шкафы,1,1,1407.66,334.69,0.058,новый,партнёр,True
1711,2026-05-30,Менеджер 5,Брест,шкафы,1,0,0.0,0.0,0.0,новый,партнёр,True
1712,2026-05-30,Менеджер 5,Витебск,шкафы,1,1,1242.2,343.78,0.148,повторный,сайт,True
1713,2026-05-30,Менеджер 2,Могилёв,шкафы,1,0,0.0,0.0,0.0,новый,реклама,True
1714,2026-05-31,Менеджер 3,Брест,офисные кресла,1,0,0.0,0.0,0.0,новый,реклама,True
1715,2026-05-31,Менеджер 2,Витебск,шкафы,1,1,1455.37,414.81,0.129,повторный,звонок,True
1716,2026-05-31,Менеджер 5,Гомель,шкафы,1,0,0.0,0.0,0.0,повторный,звонок,True
1717,2026-05-31,Менеджер 5,Могилёв,шкафы,1,1,1228.31,351.85,0.103,новый,партнёр,True
1718,2026-05-31,Менеджер 2,Брест,шкафы,1,0,0.0,0.0,0.0,повторный,реклама,True
1719,2026-05-31,Менеджер 4,Брест,шкафы,1,0,0.0,0.0,0.0,новый,звонок,True
1720,2026-05-31,Менеджер 4,Гомель,офисные столы,1,0,0.0,0.0,0.0,новый,реклама,True
1721,2026-05-31,Менеджер 4,Гомель,офисные столы,1,0,0.0,0.0,0.0,новый,партнёр,True
1722,2026-05-31,Менеджер 4,Гродно,офисные столы,1,0,0.0,0.0,0.0,новый,партнёр,True
1723,2026-05-31,Менеджер 3,Гродно,офисные кресла,1,1,512.25,174.0,0.135,новый,реклама,True
1724,2026-05-31,Менеджер 2,Гомель,офисные столы,1,1,941.46,267.36,0.168,новый,реклама,True
1725,2026-05-31,Менеджер 5,Брест,шкафы,1,1,1093.59,275.93,0.081,новый,партнёр,True
1726,2026-05-31,Менеджер 1,Гомель,офисные кресла,1,1,793.78,309.95,0.0,повторный,реклама,True
1727,2026-05-31,Менеджер 1,Витебск,шкафы,1,0,0.0,0.0,0.0,новый,звонок,True
1728,2026-05-31,Менеджер 3,Гродно,офисные столы,1,0,0.0,0.0,0.0,повторный,сайт,True
1729,2026-05-31,Менеджер 1,Витебск,офисные кресла,1,1,546.39,166.76,0.006,новый,сайт,True
1730,2026-05-31,Менеджер 3,Гродно,офисные столы,1,1,753.46,234.96,0.106,повторный,сайт,True
1731,2026-05-31,Менеджер 2,Гомель,офисные столы,1,1,687.31,226.31,0.093,новый,сайт,True
1732,2026-05-31,Менеджер 2,Гомель,офисные столы,1,0,0.0,0.0,0.0,новый,реклама,True
1733,2026-05-31,Менеджер 2,Брест,офисные столы,1,0,0.0,0.0,0.0,новый,сайт,True
1734,2026-05-31,Менеджер 3,Могилёв,шкафы,1,1,1045.44,261.92,0.093,новый,сайт,True
1735,2026-05-31,Менеджер 4,Гродно,шкафы,1,1,879.84,258.32,0.059,новый,реклама,True
1736,2026-05-31,Менеджер 2,Гомель,офисные столы,1,0,0.0,0.0,0.0,новый,сайт,True
1737,2026-05-31,Менеджер 5,Могилёв,офисные столы,1,0,0.0,0.0,0.0,повторный,сайт,True
1738,2026-05-31,Менеджер 2,Гродно,офисные столы,1,0,0.0,0.0,0.0,новый,партнёр,True
1739,2026-05-31,Менеджер 3,Могилёв,шкафы,1,0,0.0,0.0,0.0,новый,партнёр,True
1740,2026-05-31,Менеджер 5,Гомель,офисные кресла,1,0,0.0,0.0,0.0,новый,сайт,True
1741,2026-05-31,Менеджер 5,Гродно,офисные кресла,1,0,0.0,0.0,0.0,новый,сайт,True
1742,2026-05-31,Менеджер 4,Гомель,офисные столы,1,1,827.42,215.92,0.079,новый,реклама,True
1743,2026-05-31,Менеджер 5,Гомель,офисные кресла,1,0,0.0,0.0,0.0,новый,партнёр,True
1744,2026-05-31,Менеджер 3,Брест,шкафы,1,0,0.0,0.0,0.0,новый,звонок,True
1745,2026-05-31,Менеджер 4,Гомель,шкафы,1,0,0.0,0.0,0.0,новый,реклама,True
1746,2026-05-31,Менеджер 3,Витебск,офисные кресла,1,0,0.0,0.0,0.0,повторный,звонок,True
1747,2026-05-31,Менеджер 5,Витебск,офисные кресла,1,1,784.36,279.33,0.06,повторный,партнёр,True
1748,2026-05-31,Менеджер 3,Брест,офисные столы,1,0,0.0,0.0,0.0,новый,реклама,True
1749,2026-05-31,Менеджер 3,Брест,офисные кресла,1,0,0.0,0.0,0.0,повторный,сайт,True
1750,2026-05-31,Менеджер 1,Могилёв,шкафы,1,0,0.0,0.0,0.0,новый,сайт,True
1751,2026-05-31,Менеджер 3,Могилёв,шкафы,1,1,1161.22,318.71,0.082,повторный,звонок,True
1752,2026-05-31,Менеджер 4,Могилёв,офисные кресла,1,1,762.11,277.49,0.101,новый,сайт,True
1753,2026-05-31,Менеджер 5,Гомель,офисные кресла,1,0,0.0,0.0,0.0,новый,сайт,True
1754,2026-05-31,Менеджер 3,Витебск,офисные столы,1,1,1056.58,306.29,0.101,новый,реклама,True
1755,2026-05-31,Менеджер 4,Могилёв,шкафы,1,1,1253.41,296.05,0.09,новый,сайт,True
1756,2026-05-31,Менеджер 4,Брест,офисные столы,1,0,0.0,0.0,0.0,новый,звонок,True
1757,2026-05-31,Менеджер 1,Гродно,офисные кресла,1,0,0.0,0.0,0.0,новый,реклама,True
1758,2026-05-31,Менеджер 3,Брест,офисные кресла,1,0,0.0,0.0,0.0,новый,реклама,True
1759,2026-05-31,Менеджер 4,Витебск,офисные столы,1,0,0.0,0.0,0.0,новый,звонок,True
1760,2026-05-31,Менеджер 3,Брест,офисные столы,1,0,0.0,0.0,0.0,новый,сайт,True
1761,2026-05-31,Менеджер 3,Могилёв,шкафы,1,1,1291.71,370.24,0.103,новый,сайт,True
1762,2026-05-31,Менеджер 2,Могилёв,шкафы,1,1,1179.27,291.34,0.067,новый,сайт,True
1763,2026-05-31,Менеджер 4,Витебск,офисные столы,1,0,0.0,0.0,0.0,повторный,партнёр,True
1764,2026-05-31,Менеджер 4,Брест,офисные кресла,1,0,0.0,0.0,0.0,новый,партнёр,True
1765,2026-05-31,Менеджер 2,Витебск,офисные кресла,1,0,0.0,0.0,0.0,новый,реклама,True
1766,2026-05-31,Менеджер 4,Гродно,шкафы,1,0,0.0,0.0,0.0,новый,звонок,True
1767,2026-06-01,Менеджер 3,Могилёв,шкафы,1,1,1126.92,256.73,0.138,новый,звонок,True
1768,2026-06-01,Менеджер 5,Гродно,офисные столы,1,0,0.0,0.0,0.0,новый,сайт,True
1769,2026-06-01,Менеджер 5,Могилёв,офисные кресла,1,0,0.0,0.0,0.0,новый,реклама,True
1770,2026-06-01,Менеджер 3,Брест,шкафы,1,0,0.0,0.0,0.0,новый,звонок,True
1771,2026-06-01,Менеджер 2,Витебск,офисные кресла,1,0,0.0,0.0,0.0,новый,реклама,True
1772,2026-06-01,Менеджер 2,Могилёв,офисные кресла,1,0,0.0,0.0,0.0,новый,звонок,True
1773,2026-06-01,Менеджер 3,Витебск,офисные кресла,1,1,559.63,175.38,0.162,новый,звонок,True
1774,2026-06-01,Менеджер 5,Брест,офисные столы,1,1,702.28,202.62,0.037,новый,сайт,True
1775,2026-06-01,Менеджер 5,Гомель,офисные столы,1,1,1065.8,280.13,0.067,новый,звонок,True
1776,2026-06-01,Менеджер 5,Гродно,шкафы,1,0,0.0,0.0,0.0,новый,звонок,True
1777,2026-06-01,Менеджер 5,Гомель,шкафы,1,1,1005.47,297.43,0.132,новый,партнёр,True
1778,2026-06-01,Менеджер 1,Гомель,шкафы,1,0,0.0,0.0,0.0,новый,реклама,True
1779,2026-06-01,Менеджер 3,Витебск,офисные кресла,1,1,744.66,224.83,0.069,новый,сайт,True
1780,2026-06-01,Менеджер 4,Гомель,офисные кресла,1,1,498.66,180.28,0.087,новый,реклама,True
1781,2026-06-01,Менеджер 3,Могилёв,шкафы,1,0,0.0,0.0,0.0,повторный,партнёр,True
1782,2026-06-01,Менеджер 1,Витебск,шкафы,1,0,0.0,0.0,0.0,новый,реклама,True
1783,2026-06-01,Менеджер 3,Гродно,офисные кресла,1,1,789.07,248.8,0.072,повторный,реклама,True
1784,2026-06-01,Менеджер 1,Могилёв,шкафы,1,1,1229.73,340.0,0.055,повторный,реклама,True
1785,2026-06-01,Менеджер 3,Гродно,офисные столы,1,0,0.0,0.0,0.0,новый,реклама,True
1786,2026-06-01,Менеджер 5,Гродно,офисные столы,1,1,1136.31,329.03,0.094,новый,реклама,True
1787,2026-06-01,Менеджер 4,Брест,офисные столы,1,0,0.0,0.0,0.0,повторный,сайт,True
1788,2026-06-01,Менеджер 5,Могилёв,офисные столы,1,0,0.0,0.0,0.0,новый,реклама,True
1789,2026-06-01,Менеджер 4,Гродно,шкафы,1,0,0.0,0.0,0.0,повторный,сайт,True
1790,2026-06-01,Менеджер 3,Брест,офисные столы,1,0,0.0,0.0,0.0,новый,партнёр,True
1791,2026-06-01,Менеджер 3,Могилёв,офисные кресла,1,0,0.0,0.0,0.0,повторный,реклама,True
1792,2026-06-01,Менеджер 2,Гродно,офисные кресла,1,0,0.0,0.0,0.0,повторный,звонок,True
1793,2026-06-01,Менеджер 4,Гомель,шкафы,1,0,0.0,0.0,0.0,новый,звонок,True
1794,2026-06-01,Менеджер 1,Гомель,офисные столы,1,1,1002.22,307.18,0.152,новый,сайт,True
1795,2026-06-01,Менеджер 3,Гомель,шкафы,1,1,1227.47,302.39,0.079,повторный,партнёр,True
1796,2026-06-01,Менеджер 5,Витебск,офисные кресла,1,1,748.22,240.42,0.09,повторный,партнёр,True
1797,2026-06-01,Менеджер 3,Брест,офисные кресла,1,1,726.49,227.67,0.08,новый,партнёр,True
1798,2026-06-01,Менеджер 4,Гомель,шкафы,1,1,1164.19,318.31,0.034,новый,реклама,True
1799,2026-06-01,Менеджер 3,Гомель,офисные столы,1,0,0.0,0.0,0.0,новый,реклама,True
1800,2026-06-01,Менеджер 5,Могилёв,офисные столы,1,0,0.0,0.0,0.0,новый,сайт,True
1801,2026-06-01,Менеджер 4,Гомель,офисные столы,1,0,0.0,0.0,0.0,новый,звонок,True
1802,2026-06-01,Менеджер 4,Брест,шкафы,1,0,0.0,0.0,0.0,повторный,звонок,True
1803,2026-06-01,Менеджер 4,Гродно,офисные кресла,1,0,0.0,0.0,0.0,новый,реклама,True
1804,2026-06-01,Менеджер 5,Гродно,офисные столы,1,1,862.25,230.24,0.092,новый,партнёр,True
1805,2026-06-01,Менеджер 4,Витебск,офисные столы,1,0,0.0,0.0,0.0,новый,звонок,True
1806,2026-06-01,Менеджер 1,Могилёв,шкафы,1,0,0.0,0.0,0.0,новый,партнёр,True
1807,2026-06-01,Менеджер 3,Могилёв,офисные столы,1,0,0.0,0.0,0.0,повторный,реклама,True
1808,2026-06-01,Менеджер 4,Витебск,офисные кресла,1,1,697.44,253.32,0.041,новый,реклама,True
1809,2026-06-01,Менеджер 1,Могилёв,шкафы,1,0,0.0,0.0,0.0,новый,сайт,True
1810,2026-06-01,Менеджер 5,Могилёв,офисные столы,1,1,1140.0,305.92,0.123,новый,сайт,True
1811,2026-06-01,Менеджер 3,Могилёв,офисные кресла,1,0,0.0,0.0,0.0,новый,звонок,True
1812,2026-06-01,Менеджер 1,Брест,офисные столы,1,0,0.0,0.0,0.0,новый,партнёр,True
1813,2026-06-01,Менеджер 2,Витебск,шкафы,1,0,0.0,0.0,0.0,новый,сайт,True
1814,2026-06-01,Менеджер 5,Брест,офисные кресла,1,0,0.0,0.0,0.0,новый,сайт,True
1815,2026-06-01,Менеджер 3,Гомель,офисные столы,1,0,0.0,0.0,0.0,новый,партнёр,True
1816,2026-06-01,Менеджер 4,Гродно,шкафы,1,0,0.0,0.0,0.0,новый,сайт,True
1817,2026-06-01,Менеджер 3,Брест,шкафы,1,0,0.0,0.0,0.0,новый,звонок,True
1818,2026-06-02,Менеджер 4,Могилёв,офисные столы,1,0,0.0,0.0,0.0,новый,сайт,True
1819,2026-06-02,Менеджер 2,Брест,шкафы,1,0,0.0,0.0,0.0,новый,реклама,True
1820,2026-06-02,Менеджер 5,Витебск,шкафы,1,0,0.0,0.0,0.0,новый,звонок,True
1821,2026-06-02,Менеджер 2,Витебск,офисные столы,1,0,0.0,0.0,0.0,новый,партнёр,True
1822,2026-06-02,Менеджер 1,Брест,шкафы,1,0,0.0,0.0,0.0,новый,сайт,True
1823,2026-06-02,Менеджер 2,Брест,шкафы,1,1,1305.2,302.19,0.119,повторный,партнёр,True
1824,2026-06-02,Менеджер 4,Гомель,офисные кресла,1,1,742.0,230.18,0.138,новый,реклама,True
1825,2026-06-02,Менеджер 4,Брест,офисные столы,1,0,0.0,0.0,0.0,повторный,сайт,True
1826,2026-06-02,Менеджер 1,Могилёв,шкафы,1,0,0.0,0.0,0.0,новый,партнёр,True
1827,2026-06-02,Менеджер 4,Брест,офисные столы,1,0,0.0,0.0,0.0,новый,реклама,True
1828,2026-06-02,Менеджер 4,Гродно,шкафы,1,1,1084.27,271.41,0.138,новый,реклама,True
1829,2026-06-02,Менеджер 3,Гомель,офисные столы,1,0,0.0,0.0,0.0,новый,партнёр,True
1830,2026-06-02,Менеджер 1,Брест,офисные столы,1,1,1157.31,380.47,0.045,новый,партнёр,True
1831,2026-06-02,Менеджер 3,Гомель,офисные столы,1,0,0.0,0.0,0.0,новый,звонок,True
1832,2026-06-02,Менеджер 3,Витебск,офисные столы,1,1,1117.8,280.36,0.143,новый,партнёр,True
1833,2026-06-02,Менеджер 5,Гомель,офисные столы,1,0,0.0,0.0,0.0,новый,сайт,True
1834,2026-06-02,Менеджер 1,Гродно,офисные кресла,1,0,0.0,0.0,0.0,новый,партнёр,True
1835,2026-06-02,Менеджер 1,Могилёв,офисные столы,1,0,0.0,0.0,0.0,повторный,звонок,True
1836,2026-06-02,Менеджер 1,Гомель,офисные столы,1,0,0.0,0.0,0.0,новый,реклама,True
1837,2026-06-02,Менеджер 5,Гомель,офисные кресла,1,0,0.0,0.0,0.0,новый,реклама,True
1838,2026-06-02,Менеджер 2,Витебск,офисные столы,1,0,0.0,0.0,0.0,повторный,партнёр,True
1839,2026-06-02,Менеджер 3,Брест,офисные столы,1,0,0.0,0.0,0.0,новый,звонок,True
1840,2026-06-02,Менеджер 2,Гомель,офисные столы,1,1,1082.57,312.84,0.074,повторный,реклама,True
1841,2026-06-02,Менеджер 2,Могилёв,офисные кресла,1,0,0.0,0.0,0.0,новый,звонок,True
1842,2026-06-02,Менеджер 1,Гомель,офисные кресла,1,0,0.0,0.0,0.0,новый,звонок,True
1843,2026-06-02,Менеджер 1,Гомель,офисные кресла,1,0,0.0,0.0,0.0,повторный,звонок,True
1844,2026-06-02,Менеджер 4,Гомель,офисные кресла,1,0,0.0,0.0,0.0,новый,партнёр,True
1845,2026-06-02,Менеджер 2,Гродно,офисные кресла,1,0,0.0,0.0,0.0,новый,звонок,True
1846,2026-06-02,Менеджер 5,Гродно,шкафы,1,0,0.0,0.0,0.0,новый,сайт,True
1847,2026-06-02,Менеджер 3,Витебск,офисные кресла,1,0,0.0,0.0,0.0,новый,сайт,True
1848,2026-06-02,Менеджер 2,Гомель,шкафы,1,0,0.0,0.0,0.0,новый,сайт,True
1849,2026-06-02,Менеджер 4,Брест,офисные кресла,1,1,838.14,309.18,0.075,повторный,звонок,True
1850,2026-06-02,Менеджер 3,Брест,офисные кресла,1,0,0.0,0.0,0.0,повторный,партнёр,True
1851,2026-06-02,Менеджер 2,Брест,шкафы,1,0,0.0,0.0,0.0,новый,звонок,True
1852,2026-06-02,Менеджер 3,Могилёв,офисные кресла,1,0,0.0,0.0,0.0,новый,сайт,True
1853,2026-06-02,Менеджер 2,Гомель,шкафы,1,0,0.0,0.0,0.0,новый,сайт,True
1854,2026-06-02,Менеджер 1,Могилёв,офисные столы,1,0,0.0,0.0,0.0,новый,партнёр,True
1855,2026-06-02,Менеджер 3,Могилёв,офисные кресла,1,0,0.0,0.0,0.0,новый,реклама,True
1856,2026-06-02,Менеджер 2,Гродно,офисные столы,1,1,705.41,229.29,0.098,новый,звонок,True
1857,2026-06-02,Менеджер 5,Гродно,офисные столы,1,0,0.0,0.0,0.0,повторный,реклама,True
1858,2026-06-02,Менеджер 2,Гродно,шкафы,1,0,0.0,0.0,0.0,повторный,реклама,True
1859,2026-06-02,Менеджер 1,Гродно,шкафы,1,0,0.0,0.0,0.0,повторный,реклама,True
1860,2026-06-02,Менеджер 3,Гомель,офисные столы,1,1,1122.35,307.58,0.077,повторный,партнёр,True
1861,2026-06-02,Менеджер 4,Могилёв,офисные столы,1,0,0.0,0.0,0.0,новый,партнёр,True
1862,2026-06-02,Менеджер 4,Витебск,шкафы,1,0,0.0,0.0,0.0,повторный,звонок,True
1863,2026-06-02,Менеджер 5,Гродно,шкафы,1,0,0.0,0.0,0.0,новый,партнёр,True
1864,2026-06-02,Менеджер 3,Гродно,офисные кресла,1,0,0.0,0.0,0.0,новый,звонок,True
1865,2026-06-02,Менеджер 4,Гомель,офисные столы,1,0,0.0,0.0,0.0,повторный,звонок,True
1866,2026-06-03,Менеджер 2,Гродно,офисные кресла,1,0,0.0,0.0,0.0,повторный,сайт,True
1867,2026-06-03,Менеджер 4,Гродно,шкафы,1,1,1075.12,300.95,0.094,новый,реклама,True
1868,2026-06-03,Менеджер 1,Витебск,офисные кресла,1,1,805.31,265.93,0.085,повторный,сайт,True
1869,2026-06-03,Менеджер 5,Брест,шкафы,1,0,0.0,0.0,0.0,новый,сайт,True
1870,2026-06-03,Менеджер 3,Витебск,шкафы,1,0,0.0,0.0,0.0,новый,реклама,True
1871,2026-06-03,Менеджер 5,Гомель,офисные кресла,1,1,601.4,167.78,0.11,новый,сайт,True
1872,2026-06-03,Менеджер 3,Гомель,шкафы,1,0,0.0,0.0,0.0,новый,сайт,True
1873,2026-06-03,Менеджер 2,Гродно,офисные столы,1,1,772.7,202.39,0.04,новый,партнёр,True
1874,2026-06-03,Менеджер 4,Витебск,офисные кресла,1,0,0.0,0.0,0.0,новый,звонок,True
1875,2026-06-03,Менеджер 2,Витебск,шкафы,1,0,0.0,0.0,0.0,повторный,звонок,True
1876,2026-06-03,Менеджер 2,Гомель,офисные столы,1,1,1089.37,281.66,0.085,новый,звонок,True
1877,2026-06-03,Менеджер 3,Гомель,офисные кресла,1,0,0.0,0.0,0.0,повторный,партнёр,True
1878,2026-06-03,Менеджер 5,Могилёв,офисные столы,1,0,0.0,0.0,0.0,повторный,звонок,True
1879,2026-06-03,Менеджер 3,Брест,офисные кресла,1,1,782.68,287.22,0.051,повторный,реклама,True
1880,2026-06-03,Менеджер 2,Брест,офисные столы,1,0,0.0,0.0,0.0,новый,партнёр,True
1881,2026-06-03,Менеджер 3,Гомель,шкафы,1,0,0.0,0.0,0.0,новый,реклама,True
1882,2026-06-03,Менеджер 1,Брест,офисные столы,1,0,0.0,0.0,0.0,новый,реклама,True
1883,2026-06-03,Менеджер 3,Витебск,офисные столы,1,0,0.0,0.0,0.0,повторный,партнёр,True
1884,2026-06-03,Менеджер 5,Гомель,офисные столы,1,1,864.91,215.99,0.058,повторный,партнёр,True
1885,2026-06-03,Менеджер 5,Могилёв,офисные кресла,1,0,0.0,0.0,0.0,новый,звонок,True
1886,2026-06-03,Менеджер 4,Брест,офисные кресла,1,0,0.0,0.0,0.0,повторный,реклама,True
1887,2026-06-03,Менеджер 1,Гродно,офисные столы,1,0,0.0,0.0,0.0,новый,звонок,True
1888,2026-06-03,Менеджер 4,Могилёв,шкафы,1,0,0.0,0.0,0.0,повторный,сайт,True
1889,2026-06-03,Менеджер 4,Могилёв,шкафы,1,1,1281.11,344.48,0.062,новый,звонок,True
1890,2026-06-03,Менеджер 4,Витебск,шкафы,1,0,0.0,0.0,0.0,новый,звонок,True
1891,2026-06-03,Менеджер 3,Витебск,шкафы,1,0,0.0,0.0,0.0,повторный,партнёр,True
1892,2026-06-03,Менеджер 2,Гомель,офисные кресла,1,0,0.0,0.0,0.0,новый,партнёр,True
1893,2026-06-03,Менеджер 2,Могилёв,офисные кресла,1,0,0.0,0.0,0.0,повторный,звонок,True
1894,2026-06-03,Менеджер 5,Гродно,офисные кресла,1,0,0.0,0.0,0.0,новый,партнёр,True
1895,2026-06-03,Менеджер 5,Брест,офисные столы,1,0,0.0,0.0,0.0,новый,реклама,True
1896,2026-06-03,Менеджер 4,Брест,офисные столы,1,0,0.0,0.0,0.0,новый,сайт,True
1897,2026-06-03,Менеджер 1,Могилёв,офисные кресла,1,0,0.0,0.0,0.0,новый,сайт,True
1898,2026-06-03,Менеджер 2,Брест,офисные кресла,1,1,519.5,159.17,0.159,новый,партнёр,True
1899,2026-06-03,Менеджер 4,Брест,офисные столы,1,0,0.0,0.0,0.0,повторный,партнёр,True
1900,2026-06-03,Менеджер 5,Витебск,офисные столы,1,0,0.0,0.0,0.0,новый,партнёр,True
1901,2026-06-03,Менеджер 3,Могилёв,шкафы,1,0,0.0,0.0,0.0,повторный,звонок,True
1902,2026-06-03,Менеджер 1,Гродно,шкафы,1,0,0.0,0.0,0.0,новый,звонок,True
1903,2026-06-03,Менеджер 4,Могилёв,шкафы,1,0,0.0,0.0,0.0,повторный,сайт,True
1904,2026-06-03,Менеджер 4,Витебск,офисные столы,1,0,0.0,0.0,0.0,новый,реклама,True
1905,2026-06-03,Менеджер 1,Витебск,шкафы,1,0,0.0,0.0,0.0,новый,сайт,True
1906,2026-06-03,Менеджер 2,Витебск,шкафы,1,0,0.0,0.0,0.0,повторный,звонок,True
1907,2026-06-03,Менеджер 4,Могилёв,офисные столы,1,0,0.0,0.0,0.0,новый,реклама,True
1908,2026-06-03,Менеджер 4,Гродно,офисные кресла,1,1,624.16,214.18,0.063,новый,партнёр,True
1909,2026-06-03,Менеджер 1,Брест,шкафы,1,0,0.0,0.0,0.0,новый,реклама,True
1910,2026-06-03,Менеджер 5,Брест,шкафы,1,0,0.0,0.0,0.0,новый,сайт,True
1911,2026-06-03,Менеджер 5,Гомель,офисные столы,1,0,0.0,0.0,0.0,новый,партнёр,True
1912,2026-06-03,Менеджер 5,Витебск,офисные столы,1,0,0.0,0.0,0.0,новый,партнёр,True
1913,2026-06-03,Менеджер 3,Гомель,офисные кресла,1,1,833.18,282.68,0.06,новый,реклама,True
1914,2026-06-03,Менеджер 2,Брест,шкафы,1,0,0.0,0.0,0.0,повторный,звонок,True
1915,2026-06-03,Менеджер 5,Гомель,офисные кресла,1,1,819.8,307.13,0.057,новый,сайт,True
1916,2026-06-03,Менеджер 5,Брест,офисные столы,1,0,0.0,0.0,0.0,новый,звонок,True
1917,2026-06-03,Менеджер 2,Гомель,офисные столы,1,0,0.0,0.0,0.0,новый,реклама,True
1918,2026-06-04,Менеджер 3,Витебск,офисные столы,1,1,1051.2,343.14,0.042,повторный,сайт,True
1919,2026-06-04,Менеджер 3,Могилёв,офисные столы,1,1,904.17,263.35,0.103,новый,звонок,True
1920,2026-06-04,Менеджер 1,Брест,шкафы,1,1,1383.28,331.23,0.066,новый,партнёр,True
1921,2026-06-04,Менеджер 4,Гродно,офисные столы,1,0,0.0,0.0,0.0,новый,реклама,True
1922,2026-06-04,Менеджер 1,Могилёв,шкафы,1,1,1002.32,285.84,0.028,повторный,звонок,True
1923,2026-06-04,Менеджер 5,Брест,офисные столы,1,1,871.21,221.47,0.084,новый,партнёр,True
1924,2026-06-04,Менеджер 1,Могилёв,офисные столы,1,0,0.0,0.0,0.0,новый,реклама,True
1925,2026-06-04,Менеджер 4,Гродно,офисные столы,1,0,0.0,0.0,0.0,новый,звонок,True
1926,2026-06-04,Менеджер 4,Брест,офисные кресла,1,0,0.0,0.0,0.0,новый,партнёр,True
1927,2026-06-04,Менеджер 4,Витебск,офисные столы,1,1,765.53,247.29,0.018,новый,реклама,True
1928,2026-06-04,Менеджер 2,Витебск,шкафы,1,0,0.0,0.0,0.0,новый,реклама,True
1929,2026-06-04,Менеджер 2,Гомель,офисные столы,1,0,0.0,0.0,0.0,повторный,реклама,True
1930,2026-06-04,Менеджер 2,Могилёв,шкафы,1,1,1613.98,486.02,0.007,новый,сайт,True
1931,2026-06-04,Менеджер 1,Брест,шкафы,1,0,0.0,0.0,0.0,повторный,партнёр,True
1932,2026-06-04,Менеджер 3,Витебск,офисные столы,1,0,0.0,0.0,0.0,новый,звонок,True
1933,2026-06-04,Менеджер 1,Гродно,шкафы,1,0,0.0,0.0,0.0,новый,партнёр,True
1934,2026-06-04,Менеджер 5,Могилёв,офисные столы,1,0,0.0,0.0,0.0,новый,сайт,True
1935,2026-06-04,Менеджер 3,Гродно,шкафы,1,1,959.99,259.44,0.006,новый,реклама,True
1936,2026-06-04,Менеджер 2,Могилёв,шкафы,1,0,0.0,0.0,0.0,новый,реклама,True
1937,2026-06-04,Менеджер 2,Гродно,офисные кресла,1,0,0.0,0.0,0.0,новый,реклама,True
1938,2026-06-04,Менеджер 2,Брест,офисные столы,1,1,1109.51,299.54,0.106,новый,партнёр,True
1939,2026-06-04,Менеджер 4,Брест,офисные кресла,1,0,0.0,0.0,0.0,повторный,реклама,True
1940,2026-06-04,Менеджер 5,Витебск,офисные столы,1,0,0.0,0.0,0.0,новый,партнёр,True
1941,2026-06-04,Менеджер 1,Витебск,шкафы,1,1,1108.76,276.99,0.095,повторный,реклама,True
1942,2026-06-04,Менеджер 3,Витебск,шкафы,1,0,0.0,0.0,0.0,новый,реклама,True
1943,2026-06-04,Менеджер 1,Могилёв,офисные столы,1,0,0.0,0.0,0.0,повторный,реклама,True
1944,2026-06-04,Менеджер 3,Гомель,офисные столы,1,0,0.0,0.0,0.0,повторный,партнёр,True
1945,2026-06-04,Менеджер 4,Гродно,офисные кресла,1,0,0.0,0.0,0.0,новый,сайт,True
1946,2026-06-04,Менеджер 2,Гомель,шкафы,1,0,0.0,0.0,0.0,повторный,реклама,True
1947,2026-06-04,Менеджер 3,Витебск,шкафы,1,1,1514.09,359.9,0.046,повторный,сайт,True
1948,2026-06-04,Менеджер 3,Гомель,офисные столы,1,0,0.0,0.0,0.0,повторный,партнёр,True
1949,2026-06-04,Менеджер 3,Гомель,офисные столы,1,0,0.0,0.0,0.0,новый,звонок,True
1950,2026-06-04,Менеджер 3,Витебск,офисные столы,1,0,0.0,0.0,0.0,новый,звонок,True
1951,2026-06-04,Менеджер 2,Гродно,офисные кресла,1,1,634.51,242.13,0.055,новый,реклама,True
1952,2026-06-04,Менеджер 4,Брест,офисные столы,1,0,0.0,0.0,0.0,повторный,сайт,True
1953,2026-06-04,Менеджер 2,Витебск,шкафы,1,0,0.0,0.0,0.0,повторный,реклама,True
1954,2026-06-04,Менеджер 3,Брест,офисные столы,1,0,0.0,0.0,0.0,новый,реклама,True
1955,2026-06-04,Менеджер 2,Гродно,офисные столы,1,1,870.61,234.29,0.056,новый,звонок,True
1956,2026-06-04,Менеджер 2,Гомель,офисные кресла,1,1,541.27,183.26,0.031,новый,звонок,True
1957,2026-06-04,Менеджер 5,Гродно,офисные кресла,1,1,626.69,221.92,0.02,новый,звонок,True
1958,2026-06-04,Менеджер 2,Гродно,шкафы,1,1,1226.34,362.84,0.097,повторный,звонок,True
1959,2026-06-04,Менеджер 3,Гомель,офисные столы,1,1,1081.76,301.8,0.098,новый,сайт,True
1960,2026-06-04,Менеджер 2,Могилёв,шкафы,1,0,0.0,0.0,0.0,повторный,партнёр,True
1961,2026-06-04,Менеджер 3,Могилёв,офисные столы,1,1,898.18,254.62,0.107,повторный,партнёр,True
1962,2026-06-05,Менеджер 5,Могилёв,шкафы,1,0,0.0,0.0,0.0,повторный,реклама,True
1963,2026-06-05,Менеджер 2,Витебск,шкафы,1,0,0.0,0.0,0.0,новый,звонок,True
1964,2026-06-05,Менеджер 3,Брест,офисные столы,1,1,981.02,243.26,0.072,повторный,сайт,True
1965,2026-06-05,Менеджер 2,Могилёв,шкафы,1,1,959.37,304.06,0.009,новый,реклама,True
1966,2026-06-05,Менеджер 3,Гомель,офисные кресла,1,1,735.79,222.94,0.126,новый,реклама,True
1967,2026-06-05,Менеджер 2,Могилёв,офисные столы,1,0,0.0,0.0,0.0,повторный,сайт,True
1968,2026-06-05,Менеджер 3,Брест,офисные кресла,1,0,0.0,0.0,0.0,новый,сайт,True
1969,2026-06-05,Менеджер 2,Брест,офисные кресла,1,0,0.0,0.0,0.0,повторный,партнёр,True
1970,2026-06-05,Менеджер 2,Могилёв,шкафы,1,1,1339.56,334.09,0.093,новый,партнёр,True
1971,2026-06-05,Менеджер 2,Витебск,офисные столы,1,0,0.0,0.0,0.0,новый,звонок,True
1972,2026-06-05,Менеджер 2,Гомель,шкафы,1,0,0.0,0.0,0.0,повторный,звонок,True
1973,2026-06-05,Менеджер 4,Могилёв,офисные кресла,1,0,0.0,0.0,0.0,повторный,звонок,True
1974,2026-06-05,Менеджер 2,Брест,шкафы,1,1,948.75,242.1,0.058,новый,реклама,True
1975,2026-06-05,Менеджер 2,Гомель,офисные кресла,1,0,0.0,0.0,0.0,новый,реклама,True
1976,2026-06-05,Менеджер 4,Могилёв,офисные кресла,1,0,0.0,0.0,0.0,новый,реклама,True
1977,2026-06-05,Менеджер 3,Витебск,шкафы,1,1,1287.54,373.13,0.055,новый,реклама,True
1978,2026-06-05,Менеджер 1,Брест,офисные кресла,1,0,0.0,0.0,0.0,повторный,партнёр,True
1979,2026-06-05,Менеджер 5,Витебск,офисные кресла,1,0,0.0,0.0,0.0,новый,звонок,True
1980,2026-06-05,Менеджер 2,Могилёв,шкафы,1,0,0.0,0.0,0.0,новый,реклама,True
1981,2026-06-05,Менеджер 4,Гомель,офисные столы,1,0,0.0,0.0,0.0,повторный,звонок,True
1982,2026-06-05,Менеджер 4,Гомель,шкафы,1,0,0.0,0.0,0.0,повторный,сайт,True
1983,2026-06-05,Менеджер 1,Гродно,офисные столы,1,0,0.0,0.0,0.0,повторный,звонок,True
1984,2026-06-05,Менеджер 3,Гомель,офисные столы,1,0,0.0,0.0,0.0,новый,партнёр,True
1985,2026-06-05,Менеджер 3,Могилёв,офисные кресла,1,0,0.0,0.0,0.0,новый,сайт,True
1986,2026-06-05,Менеджер 2,Витебск,офисные кресла,1,1,543.72,174.9,0.033,новый,сайт,True
1987,2026-06-05,Менеджер 3,Гомель,офисные столы,1,0,0.0,0.0,0.0,новый,партнёр,True
1988,2026-06-05,Менеджер 4,Могилёв,шкафы,1,0,0.0,0.0,0.0,новый,звонок,True
1989,2026-06-05,Менеджер 5,Гродно,офисные кресла,1,0,0.0,0.0,0.0,новый,партнёр,True
1990,2026-06-05,Менеджер 5,Брест,офисные кресла,1,0,0.0,0.0,0.0,повторный,партнёр,True
1991,2026-06-05,Менеджер 5,Брест,шкафы,1,0,0.0,0.0,0.0,повторный,звонок,True
1992,2026-06-05,Менеджер 5,Гродно,шкафы,1,0,0.0,0.0,0.0,новый,реклама,True
1993,2026-06-05,Менеджер 5,Могилёв,офисные кресла,1,1,508.18,163.54,0.119,новый,партнёр,True
1994,2026-06-05,Менеджер 5,Брест,офисные столы,1,1,1041.85,318.92,0.095,новый,сайт,True
1995,2026-06-05,Менеджер 5,Гомель,шкафы,1,0,0.0,0.0,0.0,новый,партнёр,True
1996,2026-06-05,Менеджер 2,Гомель,шкафы,1,0,0.0,0.0,0.0,повторный,сайт,True
1997,2026-06-05,Менеджер 3,Гомель,офисные кресла,1,0,0.0,0.0,0.0,новый,партнёр,True
1998,2026-06-05,Менеджер 2,Витебск,офисные столы,1,1,906.9,271.42,0.0,новый,сайт,True
1999,2026-06-05,Менеджер 5,Гомель,офисные кресла,1,0,0.0,0.0,0.0,повторный,сайт,True
2000,2026-06-05,Менеджер 5,Могилёв,офисные столы,1,0,0.0,0.0,0.0,повторный,сайт,True
2001,2026-06-05,Менеджер 3,Витебск,офисные столы,1,0,0.0,0.0,0.0,новый,партнёр,True
2002,2026-06-05,Менеджер 4,Гомель,шкафы,1,1,961.97,301.09,0.057,новый,сайт,True
2003,2026-06-05,Менеджер 3,Брест,офисные кресла,1,0,0.0,0.0,0.0,повторный,партнёр,True
2004,2026-06-05,Менеджер 5,Гродно,офисные кресла,1,1,508.47,181.46,0.105,повторный,сайт,True
2005,2026-06-05,Менеджер 1,Гомель,офисные столы,1,0,0.0,0.0,0.0,новый,сайт,True
2006,2026-06-05,Менеджер 5,Гомель,офисные кресла,1,0,0.0,0.0,0.0,повторный,сайт,True
2007,2026-06-05,Менеджер 4,Могилёв,шкафы,1,1,1324.39,380.31,0.012,новый,партнёр,True
2008,2026-06-05,Менеджер 2,Брест,шкафы,1,1,1237.1,312.67,0.125,новый,звонок,True
2009,2026-06-05,Менеджер 4,Могилёв,офисные столы,1,0,0.0,0.0,0.0,новый,реклама,True
2010,2026-06-05,Менеджер 4,Могилёв,офисные столы,1,0,0.0,0.0,0.0,новый,сайт,True
2011,2026-06-05,Менеджер 3,Могилёв,офисные столы,1,0,0.0,0.0,0.0,новый,партнёр,True
2012,2026-06-06,Менеджер 4,Гродно,офисные столы,1,1,701.8,205.92,0.064,новый,партнёр,True
2013,2026-06-06,Менеджер 4,Гомель,офисные столы,1,0,0.0,0.0,0.0,новый,реклама,True
2014,2026-06-06,Менеджер 4,Могилёв,офисные столы,1,1,994.8,304.81,0.083,повторный,партнёр,True
2015,2026-06-06,Менеджер 5,Могилёв,офисные кресла,1,0,0.0,0.0,0.0,повторный,звонок,True
2016,2026-06-06,Менеджер 4,Гродно,офисные кресла,1,1,751.93,248.48,0.077,новый,партнёр,True
2017,2026-06-06,Менеджер 3,Могилёв,офисные кресла,1,0,0.0,0.0,0.0,новый,реклама,True
2018,2026-06-06,Менеджер 4,Брест,шкафы,1,0,0.0,0.0,0.0,новый,реклама,True
2019,2026-06-06,Менеджер 1,Брест,шкафы,1,0,0.0,0.0,0.0,новый,звонок,True
2020,2026-06-06,Менеджер 2,Брест,шкафы,1,0,0.0,0.0,0.0,повторный,звонок,True
2021,2026-06-06,Менеджер 1,Гомель,офисные кресла,1,1,583.23,213.99,0.105,новый,звонок,True
2022,2026-06-06,Менеджер 3,Витебск,шкафы,1,0,0.0,0.0,0.0,повторный,партнёр,True
2023,2026-06-06,Менеджер 2,Гродно,шкафы,1,0,0.0,0.0,0.0,новый,реклама,True
2024,2026-06-06,Менеджер 1,Брест,офисные кресла,1,0,0.0,0.0,0.0,новый,реклама,True
2025,2026-06-06,Менеджер 1,Витебск,офисные столы,1,0,0.0,0.0,0.0,повторный,звонок,True
2026,2026-06-06,Менеджер 4,Могилёв,офисные столы,1,0,0.0,0.0,0.0,новый,реклама,True
2027,2026-06-06,Менеджер 3,Брест,офисные столы,1,0,0.0,0.0,0.0,повторный,реклама,True
2028,2026-06-06,Менеджер 4,Гродно,шкафы,1,1,1426.14,350.84,0.179,новый,звонок,True
2029,2026-06-06,Менеджер 1,Гомель,офисные столы,1,1,844.98,273.13,0.105,новый,звонок,True
2030,2026-06-06,Менеджер 4,Могилёв,шкафы,1,0,0.0,0.0,0.0,новый,партнёр,True
2031,2026-06-06,Менеджер 1,Могилёв,шкафы,1,0,0.0,0.0,0.0,повторный,сайт,True
2032,2026-06-06,Менеджер 5,Витебск,офисные столы,1,0,0.0,0.0,0.0,новый,партнёр,True
2033,2026-06-06,Менеджер 1,Могилёв,шкафы,1,0,0.0,0.0,0.0,новый,сайт,True
2034,2026-06-06,Менеджер 1,Гомель,шкафы,1,0,0.0,0.0,0.0,повторный,сайт,True
2035,2026-06-06,Менеджер 4,Гомель,офисные кресла,1,1,558.61,197.13,0.042,повторный,сайт,True
2036,2026-06-06,Менеджер 2,Витебск,офисные кресла,1,1,703.67,217.63,0.122,повторный,звонок,True
2037,2026-06-06,Менеджер 2,Гомель,офисные кресла,1,1,795.77,288.91,0.105,повторный,партнёр,True
2038,2026-06-06,Менеджер 4,Витебск,офисные столы,1,0,0.0,0.0,0.0,новый,партнёр,True
2039,2026-06-06,Менеджер 4,Брест,офисные столы,1,0,0.0,0.0,0.0,новый,звонок,True
2040,2026-06-06,Менеджер 2,Витебск,офисные кресла,1,1,710.8,240.59,0.067,повторный,звонок,True
2041,2026-06-06,Менеджер 1,Брест,офисные столы,1,0,0.0,0.0,0.0,новый,звонок,True
2042,2026-06-06,Менеджер 2,Могилёв,офисные кресла,1,0,0.0,0.0,0.0,новый,реклама,True
2043,2026-06-06,Менеджер 1,Гродно,офисные столы,1,0,0.0,0.0,0.0,новый,сайт,True
2044,2026-06-06,Менеджер 4,Витебск,шкафы,1,0,0.0,0.0,0.0,повторный,партнёр,True
2045,2026-06-06,Менеджер 4,Гродно,шкафы,1,0,0.0,0.0,0.0,повторный,партнёр,True
2046,2026-06-06,Менеджер 5,Брест,офисные кресла,1,1,732.18,280.41,0.03,новый,звонок,True
2047,2026-06-06,Менеджер 2,Гомель,офисные столы,1,0,0.0,0.0,0.0,повторный,реклама,True
2048,2026-06-06,Менеджер 3,Гродно,шкафы,1,0,0.0,0.0,0.0,повторный,реклама,True
2049,2026-06-06,Менеджер 4,Могилёв,офисные кресла,1,0,0.0,0.0,0.0,новый,звонок,True
2050,2026-06-06,Менеджер 2,Гродно,шкафы,1,1,1014.72,242.95,0.053,повторный,реклама,True
2051,2026-06-06,Менеджер 2,Брест,офисные столы,1,0,0.0,0.0,0.0,новый,партнёр,True
2052,2026-06-06,Менеджер 3,Гомель,офисные кресла,1,0,0.0,0.0,0.0,новый,звонок,True
2053,2026-06-06,Менеджер 4,Витебск,офисные кресла,1,0,0.0,0.0,0.0,новый,звонок,True
2054,2026-06-06,Менеджер 5,Витебск,офисные столы,1,0,0.0,0.0,0.0,повторный,реклама,True
2055,2026-06-06,Менеджер 1,Гродно,офисные столы,1,0,0.0,0.0,0.0,новый,сайт,True
2056,2026-06-06,Менеджер 1,Брест,офисные кресла,1,1,534.29,182.59,0.059,новый,партнёр,True
2057,2026-06-06,Менеджер 2,Могилёв,офисные кресла,1,0,0.0,0.0,0.0,новый,партнёр,True
2058,2026-06-07,Менеджер 5,Гомель,офисные столы,1,0,0.0,0.0,0.0,новый,сайт,True
2059,2026-06-07,Менеджер 2,Гродно,шкафы,1,1,1486.71,439.59,0.006,повторный,партнёр,True
2060,2026-06-07,Менеджер 2,Гомель,офисные столы,1,1,1012.65,266.45,0.115,новый,сайт,True
2061,2026-06-07,Менеджер 5,Гродно,офисные кресла,1,1,586.79,220.95,0.076,новый,партнёр,True
2062,2026-06-07,Менеджер 3,Брест,шкафы,1,0,0.0,0.0,0.0,повторный,партнёр,True
2063,2026-06-07,Менеджер 4,Могилёв,шкафы,1,0,0.0,0.0,0.0,новый,звонок,True
2064,2026-06-07,Менеджер 2,Брест,шкафы,1,0,0.0,0.0,0.0,новый,сайт,True
2065,2026-06-07,Менеджер 4,Могилёв,офисные столы,1,0,0.0,0.0,0.0,новый,партнёр,True
2066,2026-06-07,Менеджер 2,Могилёв,офисные столы,1,0,0.0,0.0,0.0,повторный,партнёр,True
2067,2026-06-07,Менеджер 2,Гомель,офисные кресла,1,0,0.0,0.0,0.0,повторный,звонок,True
2068,2026-06-07,Менеджер 3,Могилёв,офисные кресла,1,0,0.0,0.0,0.0,новый,реклама,True
2069,2026-06-07,Менеджер 1,Могилёв,офисные кресла,1,0,0.0,0.0,0.0,новый,реклама,True
2070,2026-06-07,Менеджер 1,Могилёв,офисные кресла,1,0,0.0,0.0,0.0,новый,звонок,True
2071,2026-06-07,Менеджер 4,Брест,офисные кресла,1,0,0.0,0.0,0.0,новый,реклама,True
2072,2026-06-07,Менеджер 1,Брест,офисные кресла,1,0,0.0,0.0,0.0,новый,реклама,True
2073,2026-06-07,Менеджер 4,Гомель,офисные кресла,1,1,666.09,186.63,0.089,новый,партнёр,True
2074,2026-06-07,Менеджер 5,Могилёв,офисные кресла,1,0,0.0,0.0,0.0,новый,сайт,True
2075,2026-06-07,Менеджер 4,Могилёв,офисные кресла,1,0,0.0,0.0,0.0,новый,партнёр,True
2076,2026-06-07,Менеджер 3,Витебск,офисные столы,1,1,1154.33,375.76,0.093,новый,звонок,True
2077,2026-06-07,Менеджер 4,Гомель,офисные столы,1,0,0.0,0.0,0.0,повторный,звонок,True
2078,2026-06-07,Менеджер 1,Могилёв,офисные кресла,1,0,0.0,0.0,0.0,новый,звонок,True
2079,2026-06-07,Менеджер 4,Гродно,шкафы,1,1,1403.02,352.33,0.081,новый,сайт,True
2080,2026-06-07,Менеджер 5,Гродно,офисные столы,1,1,1066.62,310.58,0.066,новый,звонок,True
2081,2026-06-07,Менеджер 2,Гомель,офисные кресла,1,1,549.41,173.04,0.07,новый,сайт,True
2082,2026-06-07,Менеджер 3,Гомель,офисные кресла,1,1,759.36,227.59,0.022,повторный,сайт,True
2083,2026-06-07,Менеджер 4,Могилёв,офисные кресла,1,1,672.08,191.81,0.065,повторный,звонок,True
2084,2026-06-07,Менеджер 3,Брест,шкафы,1,0,0.0,0.0,0.0,новый,реклама,True
2085,2026-06-07,Менеджер 2,Витебск,офисные кресла,1,0,0.0,0.0,0.0,новый,реклама,True
2086,2026-06-07,Менеджер 2,Витебск,шкафы,1,1,993.4,290.12,0.057,новый,партнёр,True
2087,2026-06-07,Менеджер 3,Гродно,шкафы,1,0,0.0,0.0,0.0,повторный,сайт,True
2088,2026-06-07,Менеджер 5,Могилёв,офисные кресла,1,1,611.81,182.07,0.09,новый,сайт,True
2089,2026-06-07,Менеджер 1,Брест,офисные кресла,1,0,0.0,0.0,0.0,новый,партнёр,True
2090,2026-06-07,Менеджер 1,Брест,офисные кресла,1,0,0.0,0.0,0.0,новый,сайт,True
2091,2026-06-07,Менеджер 4,Могилёв,шкафы,1,0,0.0,0.0,0.0,повторный,сайт,True
2092,2026-06-07,Менеджер 2,Могилёв,офисные столы,1,1,1134.49,371.74,0.032,новый,партнёр,True
2093,2026-06-07,Менеджер 4,Гомель,офисные столы,1,0,0.0,0.0,0.0,новый,реклама,True
2094,2026-06-07,Менеджер 2,Гродно,офисные кресла,1,0,0.0,0.0,0.0,повторный,реклама,True
2095,2026-06-07,Менеджер 5,Брест,шкафы,1,0,0.0,0.0,0.0,повторный,партнёр,True
2096,2026-06-07,Менеджер 4,Могилёв,шкафы,1,0,0.0,0.0,0.0,повторный,партнёр,True
2097,2026-06-07,Менеджер 5,Витебск,шкафы,1,1,892.92,242.74,0.113,новый,партнёр,True
2098,2026-06-07,Менеджер 3,Брест,офисные столы,1,0,0.0,0.0,0.0,новый,звонок,True
2099,2026-06-07,Менеджер 1,Могилёв,офисные кресла,1,0,0.0,0.0,0.0,повторный,сайт,True
2100,2026-06-07,Менеджер 5,Могилёв,офисные столы,1,1,920.82,239.85,0.102,повторный,сайт,True
2101,2026-06-07,Менеджер 5,Брест,офисные кресла,1,1,785.16,265.24,0.086,новый,партнёр,True
2102,2026-06-07,Менеджер 3,Могилёв,офисные кресла,1,0,0.0,0.0,0.0,новый,сайт,True
2103,2026-06-07,Менеджер 4,Могилёв,офисные кресла,1,0,0.0,0.0,0.0,повторный,звонок,True
2104,2026-06-08,Менеджер 5,Гродно,офисные кресла,1,1,780.27,226.0,0.026,повторный,сайт,True
2105,2026-06-08,Менеджер 1,Гродно,шкафы,1,0,0.0,0.0,0.0,новый,реклама,True
2106,2026-06-08,Менеджер 5,Витебск,офисные кресла,1,0,0.0,0.0,0.0,новый,сайт,True
2107,2026-06-08,Менеджер 1,Брест,шкафы,1,0,0.0,0.0,0.0,новый,звонок,True
2108,2026-06-08,Менеджер 5,Могилёв,шкафы,1,0,0.0,0.0,0.0,новый,партнёр,True
2109,2026-06-08,Менеджер 1,Могилёв,шкафы,1,0,0.0,0.0,0.0,новый,звонок,True
2110,2026-06-08,Менеджер 5,Могилёв,офисные кресла,1,0,0.0,0.0,0.0,новый,сайт,True
2111,2026-06-08,Менеджер 2,Брест,офисные столы,1,1,1058.64,326.24,0.074,новый,сайт,True
2112,2026-06-08,Менеджер 5,Гродно,офисные столы,1,0,0.0,0.0,0.0,новый,звонок,True
2113,2026-06-08,Менеджер 4,Могилёв,офисные кресла,1,1,582.57,190.66,0.0,повторный,партнёр,True
2114,2026-06-08,Менеджер 3,Гомель,офисные столы,1,0,0.0,0.0,0.0,повторный,звонок,True
2115,2026-06-08,Менеджер 5,Могилёв,шкафы,1,0,0.0,0.0,0.0,повторный,реклама,True
2116,2026-06-08,Менеджер 2,Гродно,шкафы,1,0,0.0,0.0,0.0,новый,партнёр,True
2117,2026-06-08,Менеджер 5,Брест,офисные кресла,1,0,0.0,0.0,0.0,новый,сайт,True
2118,2026-06-08,Менеджер 5,Брест,офисные кресла,1,0,0.0,0.0,0.0,новый,реклама,True
2119,2026-06-08,Менеджер 3,Витебск,офисные столы,1,1,984.47,241.07,0.126,новый,сайт,True
2120,2026-06-08,Менеджер 5,Гродно,офисные кресла,1,0,0.0,0.0,0.0,повторный,реклама,True
2121,2026-06-08,Менеджер 5,Брест,офисные столы,1,0,0.0,0.0,0.0,повторный,звонок,True
2122,2026-06-08,Менеджер 1,Брест,шкафы,1,0,0.0,0.0,0.0,новый,сайт,True
2123,2026-06-08,Менеджер 1,Могилёв,офисные столы,1,0,0.0,0.0,0.0,новый,реклама,True
2124,2026-06-08,Менеджер 4,Гродно,офисные кресла,1,1,846.74,271.58,0.063,новый,звонок,True
2125,2026-06-08,Менеджер 2,Гомель,офисные кресла,1,0,0.0,0.0,0.0,новый,реклама,True
2126,2026-06-08,Менеджер 3,Брест,шкафы,1,0,0.0,0.0,0.0,новый,реклама,True
2127,2026-06-08,Менеджер 2,Гомель,шкафы,1,1,1310.22,371.12,0.098,повторный,партнёр,True
2128,2026-06-08,Менеджер 3,Витебск,офисные столы,1,1,899.45,252.4,0.059,новый,реклама,True
2129,2026-06-08,Менеджер 5,Могилёв,шкафы,1,0,0.0,0.0,0.0,новый,сайт,True
2130,2026-06-08,Менеджер 1,Гомель,офисные столы,1,1,878.19,244.42,0.1,новый,сайт,True
2131,2026-06-08,Менеджер 2,Брест,офисные столы,1,0,0.0,0.0,0.0,новый,звонок,True
2132,2026-06-08,Менеджер 3,Гомель,офисные кресла,1,0,0.0,0.0,0.0,новый,реклама,True
2133,2026-06-08,Менеджер 3,Брест,офисные кресла,1,0,0.0,0.0,0.0,повторный,сайт,True
2134,2026-06-08,Менеджер 5,Могилёв,офисные кресла,1,1,566.69,193.04,0.103,новый,реклама,True
2135,2026-06-08,Менеджер 1,Гродно,офисные кресла,1,1,669.61,233.08,0.033,новый,звонок,True
2136,2026-06-08,Менеджер 5,Витебск,офисные столы,1,1,687.79,216.3,0.04,новый,звонок,True
2137,2026-06-08,Менеджер 2,Гомель,офисные кресла,1,0,0.0,0.0,0.0,новый,звонок,True
2138,2026-06-08,Менеджер 1,Брест,шкафы,1,0,0.0,0.0,0.0,новый,звонок,True
2139,2026-06-08,Менеджер 5,Гомель,офисные столы,1,0,0.0,0.0,0.0,новый,звонок,True
2140,2026-06-08,Менеджер 3,Витебск,офисные кресла,1,0,0.0,0.0,0.0,новый,сайт,True
2141,2026-06-08,Менеджер 3,Гомель,офисные столы,1,0,0.0,0.0,0.0,новый,сайт,True
2142,2026-06-08,Менеджер 2,Гродно,офисные столы,1,1,774.49,222.31,0.098,новый,партнёр,True
2143,2026-06-08,Менеджер 2,Гомель,офисные кресла,1,0,0.0,0.0,0.0,новый,сайт,True
2144,2026-06-08,Менеджер 1,Витебск,шкафы,1,0,0.0,0.0,0.0,новый,реклама,True
2145,2026-06-08,Менеджер 4,Витебск,офисные столы,1,0,0.0,0.0,0.0,новый,сайт,True
2146,2026-06-08,Менеджер 1,Брест,шкафы,1,0,0.0,0.0,0.0,повторный,звонок,True
2147,2026-06-08,Менеджер 4,Гродно,офисные кресла,1,0,0.0,0.0,0.0,новый,звонок,True
2148,2026-06-08,Менеджер 2,Могилёв,офисные кресла,1,0,0.0,0.0,0.0,новый,партнёр,True
2149,2026-06-08,Менеджер 5,Могилёв,офисные кресла,1,0,0.0,0.0,0.0,новый,партнёр,True
2150,2026-06-08,Менеджер 3,Гродно,шкафы,1,1,1501.96,397.23,0.059,новый,реклама,True
2151,2026-06-08,Менеджер 3,Брест,офисные столы,1,0,0.0,0.0,0.0,повторный,сайт,True
2152,2026-06-08,Менеджер 3,Брест,офисные кресла,1,0,0.0,0.0,0.0,новый,реклама,True
2153,2026-06-08,Менеджер 4,Брест,офисные кресла,1,0,0.0,0.0,0.0,новый,сайт,True
2154,2026-06-08,Менеджер 1,Гомель,офисные кресла,1,0,0.0,0.0,0.0,повторный,сайт,True
2155,2026-06-08,Менеджер 5,Гродно,офисные кресла,1,0,0.0,0.0,0.0,новый,сайт,True
2156,2026-06-08,Менеджер 2,Гродно,шкафы,1,0,0.0,0.0,0.0,повторный,звонок,True
2157,2026-06-09,Менеджер 2,Брест,офисные столы,1,0,0.0,0.0,0.0,повторный,звонок,True
2158,2026-06-09,Менеджер 5,Брест,офисные столы,1,1,817.05,216.11,0.025,новый,реклама,True
2159,2026-06-09,Менеджер 3,Гродно,офисные столы,1,1,977.1,298.54,0.045,новый,реклама,True
2160,2026-06-09,Менеджер 2,Витебск,офисные столы,1,0,0.0,0.0,0.0,новый,сайт,True
2161,2026-06-09,Менеджер 1,Брест,офисные кресла,1,1,682.73,217.6,0.084,повторный,реклама,True
2162,2026-06-09,Менеджер 4,Гродно,офисные кресла,1,0,0.0,0.0,0.0,новый,реклама,True
2163,2026-06-09,Менеджер 5,Витебск,офисные столы,1,1,887.35,269.63,0.063,новый,сайт,True
2164,2026-06-09,Менеджер 4,Витебск,офисные кресла,1,0,0.0,0.0,0.0,новый,сайт,True
2165,2026-06-09,Менеджер 4,Витебск,шкафы,1,1,959.43,242.18,0.129,новый,реклама,True
2166,2026-06-09,Менеджер 3,Могилёв,офисные столы,1,0,0.0,0.0,0.0,повторный,сайт,True
2167,2026-06-09,Менеджер 2,Брест,офисные кресла,1,0,0.0,0.0,0.0,новый,звонок,True
2168,2026-06-09,Менеджер 3,Брест,шкафы,1,0,0.0,0.0,0.0,новый,реклама,True
2169,2026-06-09,Менеджер 4,Могилёв,офисные столы,1,1,1021.04,291.18,0.005,новый,сайт,True
2170,2026-06-09,Менеджер 2,Гродно,шкафы,1,0,0.0,0.0,0.0,повторный,сайт,True
2171,2026-06-09,Менеджер 1,Гомель,офисные кресла,1,1,792.25,240.12,0.0,новый,сайт,True
2172,2026-06-09,Менеджер 4,Могилёв,шкафы,1,1,1213.1,363.99,0.023,новый,реклама,True
2173,2026-06-09,Менеджер 2,Гомель,шкафы,1,1,1526.88,441.06,0.071,новый,звонок,True
2174,2026-06-09,Менеджер 4,Могилёв,офисные кресла,1,0,0.0,0.0,0.0,новый,партнёр,True
2175,2026-06-09,Менеджер 5,Гомель,шкафы,1,1,1003.02,282.37,0.05,повторный,звонок,True
2176,2026-06-09,Менеджер 5,Могилёв,офисные кресла,1,1,541.18,158.68,0.132,новый,реклама,True
2177,2026-06-09,Менеджер 3,Гомель,офисные кресла,1,1,499.51,157.9,0.077,повторный,партнёр,True
2178,2026-06-09,Менеджер 3,Брест,шкафы,1,0,0.0,0.0,0.0,новый,партнёр,True
2179,2026-06-09,Менеджер 4,Брест,офисные кресла,1,0,0.0,0.0,0.0,повторный,сайт,True
2180,2026-06-09,Менеджер 5,Гомель,офисные столы,1,1,722.6,244.9,0.029,новый,звонок,True
2181,2026-06-09,Менеджер 4,Гродно,офисные столы,1,1,956.8,280.14,0.111,новый,звонок,True
2182,2026-06-09,Менеджер 4,Витебск,офисные кресла,1,0,0.0,0.0,0.0,повторный,реклама,True
2183,2026-06-09,Менеджер 5,Гомель,офисные столы,1,1,986.07,248.69,0.055,новый,реклама,True
2184,2026-06-09,Менеджер 1,Брест,офисные столы,1,1,800.65,239.37,0.039,новый,звонок,True
2185,2026-06-09,Менеджер 5,Могилёв,офисные столы,1,0,0.0,0.0,0.0,новый,сайт,True
2186,2026-06-09,Менеджер 5,Брест,шкафы,1,0,0.0,0.0,0.0,новый,звонок,True
2187,2026-06-09,Менеджер 3,Гомель,офисные кресла,1,1,505.8,148.61,0.083,новый,партнёр,True
2188,2026-06-09,Менеджер 2,Могилёв,офисные столы,1,0,0.0,0.0,0.0,новый,реклама,True
2189,2026-06-09,Менеджер 4,Брест,офисные столы,1,0,0.0,0.0,0.0,новый,звонок,True
2190,2026-06-09,Менеджер 3,Могилёв,шкафы,1,0,0.0,0.0,0.0,новый,сайт,True
2191,2026-06-09,Менеджер 4,Могилёв,офисные кресла,1,0,0.0,0.0,0.0,новый,реклама,True
2192,2026-06-09,Менеджер 4,Брест,офисные кресла,1,1,716.57,238.0,0.053,новый,сайт,True
2193,2026-06-09,Менеджер 1,Брест,офисные столы,1,0,0.0,0.0,0.0,новый,реклама,True
2194,2026-06-09,Менеджер 1,Гомель,шкафы,1,0,0.0,0.0,0.0,новый,реклама,True
2195,2026-06-09,Менеджер 4,Гомель,офисные кресла,1,0,0.0,0.0,0.0,новый,партнёр,True
2196,2026-06-09,Менеджер 4,Могилёв,шкафы,1,0,0.0,0.0,0.0,повторный,звонок,True
2197,2026-06-09,Менеджер 4,Брест,шкафы,1,1,1337.02,315.82,0.04,новый,партнёр,True
2198,2026-06-09,Менеджер 5,Гродно,офисные столы,1,0,0.0,0.0,0.0,повторный,реклама,True
2199,2026-06-09,Менеджер 3,Гомель,офисные столы,1,1,1117.93,361.55,0.028,новый,партнёр,True
2200,2026-06-09,Менеджер 4,Витебск,шкафы,1,0,0.0,0.0,0.0,новый,звонок,True
2201,2026-06-09,Менеджер 4,Гомель,офисные кресла,1,1,851.69,328.8,0.029,повторный,реклама,True
2202,2026-06-09,Менеджер 5,Гомель,офисные кресла,1,0,0.0,0.0,0.0,новый,сайт,True
2203,2026-06-09,Менеджер 4,Гомель,офисные столы,1,0,0.0,0.0,0.0,новый,реклама,True
2204,2026-06-09,Менеджер 1,Гомель,шкафы,1,1,1178.14,290.1,0.073,повторный,партнёр,True
2205,2026-06-09,Менеджер 1,Брест,офисные столы,1,0,0.0,0.0,0.0,новый,партнёр,True
2206,2026-06-10,Менеджер 2,Брест,офисные кресла,1,1,811.79,289.78,0.085,новый,звонок,True
2207,2026-06-10,Менеджер 3,Брест,офисные столы,1,0,0.0,0.0,0.0,новый,звонок,True
2208,2026-06-10,Менеджер 4,Брест,офисные кресла,1,0,0.0,0.0,0.0,повторный,сайт,True
2209,2026-06-10,Менеджер 1,Могилёв,офисные кресла,1,0,0.0,0.0,0.0,новый,звонок,True
2210,2026-06-10,Менеджер 1,Витебск,офисные столы,1,1,1031.14,310.31,0.0,новый,партнёр,True
2211,2026-06-10,Менеджер 1,Гомель,шкафы,1,0,0.0,0.0,0.0,новый,партнёр,True
2212,2026-06-10,Менеджер 2,Брест,шкафы,1,1,1204.53,359.86,0.018,новый,реклама,True
2213,2026-06-10,Менеджер 5,Витебск,шкафы,1,1,1013.56,260.28,0.174,новый,сайт,True
2214,2026-06-10,Менеджер 5,Могилёв,шкафы,1,1,1349.04,383.34,0.121,новый,партнёр,True
2215,2026-06-10,Менеджер 3,Гродно,офисные кресла,1,0,0.0,0.0,0.0,новый,сайт,True
2216,2026-06-10,Менеджер 2,Гродно,шкафы,1,0,0.0,0.0,0.0,повторный,сайт,True
2217,2026-06-10,Менеджер 4,Могилёв,шкафы,1,1,1259.71,287.57,0.117,новый,сайт,True
2218,2026-06-10,Менеджер 5,Витебск,офисные кресла,1,0,0.0,0.0,0.0,повторный,звонок,True
2219,2026-06-10,Менеджер 3,Гродно,офисные кресла,1,0,0.0,0.0,0.0,новый,сайт,True
2220,2026-06-10,Менеджер 2,Брест,офисные столы,1,1,1115.79,357.5,0.064,повторный,сайт,True
2221,2026-06-10,Менеджер 4,Гомель,шкафы,1,1,1185.93,312.72,0.113,новый,звонок,True
2222,2026-06-10,Менеджер 2,Гродно,офисные кресла,1,0,0.0,0.0,0.0,новый,сайт,True
2223,2026-06-10,Менеджер 1,Брест,офисные столы,1,1,966.84,253.72,0.105,новый,реклама,True
2224,2026-06-10,Менеджер 5,Брест,офисные столы,1,1,1011.99,282.03,0.076,новый,звонок,True
2225,2026-06-10,Менеджер 3,Витебск,офисные столы,1,0,0.0,0.0,0.0,новый,сайт,True
2226,2026-06-10,Менеджер 2,Витебск,офисные столы,1,0,0.0,0.0,0.0,повторный,реклама,True
2227,2026-06-10,Менеджер 5,Витебск,шкафы,1,1,1146.02,349.7,0.02,повторный,реклама,True
2228,2026-06-10,Менеджер 3,Витебск,офисные кресла,1,1,594.42,178.78,0.09,повторный,звонок,True
2229,2026-06-10,Менеджер 2,Гродно,офисные столы,1,0,0.0,0.0,0.0,повторный,реклама,True
2230,2026-06-10,Менеджер 2,Гомель,шкафы,1,0,0.0,0.0,0.0,новый,реклама,True
2231,2026-06-10,Менеджер 3,Гродно,шкафы,1,0,0.0,0.0,0.0,повторный,партнёр,True
2232,2026-06-10,Менеджер 2,Витебск,офисные столы,1,1,787.11,228.58,0.126,новый,партнёр,True
2233,2026-06-10,Менеджер 2,Витебск,шкафы,1,0,0.0,0.0,0.0,повторный,реклама,True
2234,2026-06-10,Менеджер 4,Гродно,шкафы,1,0,0.0,0.0,0.0,новый,сайт,True
2235,2026-06-10,Менеджер 2,Брест,офисные кресла,1,1,735.53,272.28,0.072,новый,звонок,True
2236,2026-06-10,Менеджер 3,Гродно,офисные кресла,1,1,548.49,185.05,0.114,новый,партнёр,True
2237,2026-06-10,Менеджер 5,Витебск,офисные столы,1,0,0.0,0.0,0.0,новый,реклама,True
2238,2026-06-10,Менеджер 1,Гомель,офисные кресла,1,0,0.0,0.0,0.0,новый,звонок,True
2239,2026-06-10,Менеджер 1,Могилёв,офисные столы,1,0,0.0,0.0,0.0,новый,партнёр,True
2240,2026-06-10,Менеджер 4,Гродно,шкафы,1,0,0.0,0.0,0.0,новый,сайт,True
2241,2026-06-10,Менеджер 2,Брест,офисные столы,1,0,0.0,0.0,0.0,новый,партнёр,True
2242,2026-06-10,Менеджер 2,Могилёв,офисные столы,1,1,859.4,231.01,0.124,новый,звонок,True
2243,2026-06-10,Менеджер 1,Могилёв,офисные столы,1,0,0.0,0.0,0.0,новый,звонок,True
2244,2026-06-10,Менеджер 2,Могилёв,офисные кресла,1,0,0.0,0.0,0.0,новый,реклама,True
2245,2026-06-10,Менеджер 2,Брест,шкафы,1,0,0.0,0.0,0.0,новый,сайт,True
2246,2026-06-10,Менеджер 5,Могилёв,офисные кресла,1,1,530.8,195.21,0.072,новый,реклама,True
2247,2026-06-10,Менеджер 3,Гомель,офисные кресла,1,1,835.13,293.79,0.005,новый,реклама,True
2248,2026-06-10,Менеджер 2,Гомель,шкафы,1,0,0.0,0.0,0.0,новый,сайт,True
2249,2026-06-10,Менеджер 5,Брест,офисные кресла,1,1,636.41,234.88,0.037,новый,партнёр,True
2250,2026-06-11,Менеджер 1,Брест,офисные столы,1,0,0.0,0.0,0.0,новый,звонок,True
2251,2026-06-11,Менеджер 3,Гродно,шкафы,1,0,0.0,0.0,0.0,повторный,звонок,True
2252,2026-06-11,Менеджер 2,Могилёв,шкафы,1,0,0.0,0.0,0.0,повторный,звонок,True
2253,2026-06-11,Менеджер 3,Брест,офисные кресла,1,0,0.0,0.0,0.0,повторный,партнёр,True
2254,2026-06-11,Менеджер 1,Витебск,офисные столы,1,1,972.3,312.48,0.089,новый,реклама,True
2255,2026-06-11,Менеджер 1,Брест,шкафы,1,1,1359.77,408.02,0.131,повторный,реклама,True
2256,2026-06-11,Менеджер 4,Витебск,офисные кресла,1,0,0.0,0.0,0.0,новый,реклама,True
2257,2026-06-11,Менеджер 2,Гомель,шкафы,1,0,0.0,0.0,0.0,новый,сайт,True
2258,2026-06-11,Менеджер 1,Гомель,офисные кресла,1,1,577.65,161.47,0.091,повторный,партнёр,True
2259,2026-06-11,Менеджер 1,Могилёв,офисные столы,1,1,1098.36,327.36,0.058,новый,звонок,True
2260,2026-06-11,Менеджер 4,Гомель,шкафы,1,1,1436.26,368.8,0.078,новый,партнёр,True
2261,2026-06-11,Менеджер 3,Могилёв,шкафы,1,1,1319.22,352.46,0.097,повторный,звонок,True
2262,2026-06-11,Менеджер 1,Витебск,офисные столы,1,0,0.0,0.0,0.0,повторный,сайт,True
2263,2026-06-11,Менеджер 1,Витебск,офисные столы,1,0,0.0,0.0,0.0,повторный,реклама,True
2264,2026-06-11,Менеджер 5,Витебск,офисные кресла,1,0,0.0,0.0,0.0,новый,звонок,True
2265,2026-06-11,Менеджер 1,Гомель,шкафы,1,0,0.0,0.0,0.0,новый,звонок,True
2266,2026-06-11,Менеджер 1,Гродно,офисные кресла,1,1,573.03,221.05,0.0,новый,партнёр,True
2267,2026-06-11,Менеджер 2,Витебск,офисные столы,1,0,0.0,0.0,0.0,повторный,реклама,True
2268,2026-06-11,Менеджер 4,Брест,шкафы,1,0,0.0,0.0,0.0,новый,реклама,True
2269,2026-06-11,Менеджер 2,Витебск,офисные столы,1,0,0.0,0.0,0.0,новый,сайт,True
2270,2026-06-11,Менеджер 4,Гомель,офисные кресла,1,0,0.0,0.0,0.0,повторный,партнёр,True
2271,2026-06-11,Менеджер 4,Гомель,шкафы,1,1,1128.15,311.5,0.055,повторный,звонок,True
2272,2026-06-11,Менеджер 2,Гродно,офисные кресла,1,1,545.62,174.89,0.039,новый,реклама,True
2273,2026-06-11,Менеджер 2,Могилёв,офисные кресла,1,0,0.0,0.0,0.0,новый,реклама,True
2274,2026-06-11,Менеджер 1,Гродно,шкафы,1,0,0.0,0.0,0.0,новый,сайт,True
2275,2026-06-11,Менеджер 5,Могилёв,офисные столы,1,0,0.0,0.0,0.0,новый,реклама,True
2276,2026-06-11,Менеджер 2,Гродно,офисные столы,1,1,754.96,230.05,0.102,повторный,реклама,True
2277,2026-06-11,Менеджер 4,Могилёв,офисные столы,1,1,867.94,213.24,0.13,повторный,партнёр,True
2278,2026-06-11,Менеджер 4,Могилёв,шкафы,1,0,0.0,0.0,0.0,повторный,звонок,True
2279,2026-06-11,Менеджер 3,Гомель,офисные кресла,1,0,0.0,0.0,0.0,новый,звонок,True
2280,2026-06-11,Менеджер 4,Брест,офисные столы,1,0,0.0,0.0,0.0,повторный,звонок,True
2281,2026-06-11,Менеджер 4,Витебск,офисные столы,1,0,0.0,0.0,0.0,новый,партнёр,True
2282,2026-06-11,Менеджер 5,Могилёв,шкафы,1,0,0.0,0.0,0.0,повторный,реклама,True
2283,2026-06-11,Менеджер 3,Брест,офисные кресла,1,1,557.13,166.68,0.077,новый,сайт,True
2284,2026-06-11,Менеджер 5,Гродно,офисные столы,1,0,0.0,0.0,0.0,новый,партнёр,True
2285,2026-06-11,Менеджер 5,Витебск,офисные кресла,1,0,0.0,0.0,0.0,новый,реклама,True
2286,2026-06-11,Менеджер 5,Гомель,офисные столы,1,0,0.0,0.0,0.0,новый,реклама,True
2287,2026-06-11,Менеджер 4,Могилёв,офисные столы,1,0,0.0,0.0,0.0,повторный,партнёр,True
2288,2026-06-11,Менеджер 3,Брест,офисные кресла,1,1,785.94,259.25,0.026,новый,сайт,True
2289,2026-06-11,Менеджер 5,Гродно,офисные кресла,1,1,757.42,275.02,0.034,новый,звонок,True
2290,2026-06-11,Менеджер 2,Брест,офисные столы,1,0,0.0,0.0,0.0,повторный,сайт,True
2291,2026-06-11,Менеджер 2,Витебск,офисные столы,1,1,992.77,323.37,0.098,новый,звонок,True
2292,2026-06-11,Менеджер 3,Гродно,офисные столы,1,1,1108.12,349.59,0.091,повторный,реклама,True
2293,2026-06-11,Менеджер 1,Гродно,офисные столы,1,1,1003.23,275.29,0.041,новый,реклама,True
2294,2026-06-11,Менеджер 1,Витебск,офисные кресла,1,1,654.91,191.03,0.049,новый,звонок,True
2295,2026-06-11,Менеджер 4,Брест,офисные кресла,1,0,0.0,0.0,0.0,новый,партнёр,True
2296,2026-06-11,Менеджер 4,Гомель,офисные столы,1,1,794.78,230.45,0.08,новый,партнёр,True
2297,2026-06-11,Менеджер 5,Могилёв,офисные кресла,1,0,0.0,0.0,0.0,повторный,звонок,True
2298,2026-06-11,Менеджер 4,Брест,офисные столы,1,0,0.0,0.0,0.0,новый,партнёр,True
2299,2026-06-11,Менеджер 5,Могилёв,шкафы,1,0,0.0,0.0,0.0,новый,реклама,True
2300,2026-06-12,Менеджер 5,Брест,шкафы,1,0,0.0,0.0,0.0,новый,партнёр,True
2301,2026-06-12,Менеджер 2,Гомель,шкафы,1,0,0.0,0.0,0.0,новый,звонок,True
2302,2026-06-12,Менеджер 3,Гомель,офисные столы,1,0,0.0,0.0,0.0,новый,звонок,True
2303,2026-06-12,Менеджер 5,Могилёв,шкафы,1,1,1358.19,352.14,0.0,новый,партнёр,True
2304,2026-06-12,Менеджер 2,Брест,офисные столы,1,0,0.0,0.0,0.0,повторный,звонок,True
2305,2026-06-12,Менеджер 1,Могилёв,шкафы,1,0,0.0,0.0,0.0,новый,сайт,True
2306,2026-06-12,Менеджер 2,Витебск,офисные столы,1,0,0.0,0.0,0.0,новый,реклама,True
2307,2026-06-12,Менеджер 4,Витебск,офисные столы,1,0,0.0,0.0,0.0,новый,партнёр,True
2308,2026-06-12,Менеджер 2,Брест,офисные кресла,1,0,0.0,0.0,0.0,новый,звонок,True
2309,2026-06-12,Менеджер 5,Могилёв,офисные столы,1,0,0.0,0.0,0.0,повторный,партнёр,True
2310,2026-06-12,Менеджер 3,Брест,офисные кресла,1,0,0.0,0.0,0.0,новый,звонок,True
2311,2026-06-12,Менеджер 1,Гомель,офисные столы,1,1,683.79,219.62,0.024,повторный,партнёр,True
2312,2026-06-12,Менеджер 2,Могилёв,офисные столы,1,0,0.0,0.0,0.0,новый,сайт,True
2313,2026-06-12,Менеджер 4,Гродно,офисные кресла,1,0,0.0,0.0,0.0,новый,звонок,True
2314,2026-06-12,Менеджер 4,Гомель,офисные столы,1,0,0.0,0.0,0.0,новый,звонок,True
2315,2026-06-12,Менеджер 2,Гродно,шкафы,1,0,0.0,0.0,0.0,повторный,звонок,True
2316,2026-06-12,Менеджер 4,Витебск,шкафы,1,0,0.0,0.0,0.0,новый,партнёр,True
2317,2026-06-12,Менеджер 5,Могилёв,офисные кресла,1,0,0.0,0.0,0.0,повторный,звонок,True
2318,2026-06-12,Менеджер 5,Гомель,шкафы,1,0,0.0,0.0,0.0,новый,сайт,True
2319,2026-06-12,Менеджер 1,Брест,офисные кресла,1,1,715.59,266.21,0.096,повторный,сайт,True
2320,2026-06-12,Менеджер 5,Гомель,шкафы,1,0,0.0,0.0,0.0,новый,звонок,True
2321,2026-06-12,Менеджер 2,Брест,офисные столы,1,1,1010.27,313.64,0.014,новый,партнёр,True
2322,2026-06-12,Менеджер 4,Брест,офисные кресла,1,0,0.0,0.0,0.0,повторный,реклама,True
2323,2026-06-12,Менеджер 3,Гродно,офисные кресла,1,0,0.0,0.0,0.0,новый,звонок,True
2324,2026-06-12,Менеджер 2,Брест,офисные столы,1,1,1053.26,304.5,0.059,новый,сайт,True
2325,2026-06-12,Менеджер 4,Витебск,офисные столы,1,0,0.0,0.0,0.0,новый,партнёр,True
2326,2026-06-12,Менеджер 1,Витебск,офисные столы,1,0,0.0,0.0,0.0,новый,сайт,True
2327,2026-06-12,Менеджер 1,Гомель,офисные кресла,1,0,0.0,0.0,0.0,повторный,реклама,True
2328,2026-06-12,Менеджер 5,Гродно,офисные столы,1,0,0.0,0.0,0.0,новый,партнёр,True
2329,2026-06-12,Менеджер 1,Витебск,шкафы,1,1,1262.93,376.64,0.109,повторный,сайт,True
2330,2026-06-12,Менеджер 1,Гродно,шкафы,1,0,0.0,0.0,0.0,новый,звонок,True
2331,2026-06-12,Менеджер 3,Гродно,офисные столы,1,0,0.0,0.0,0.0,новый,партнёр,True
2332,2026-06-12,Менеджер 1,Гомель,офисные столы,1,0,0.0,0.0,0.0,новый,реклама,True
2333,2026-06-12,Менеджер 3,Брест,офисные столы,1,0,0.0,0.0,0.0,новый,реклама,True
2334,2026-06-12,Менеджер 2,Гродно,шкафы,1,0,0.0,0.0,0.0,новый,реклама,True
2335,2026-06-12,Менеджер 4,Брест,шкафы,1,0,0.0,0.0,0.0,повторный,реклама,True
2336,2026-06-12,Менеджер 4,Гомель,офисные столы,1,1,730.43,218.89,0.107,новый,сайт,True
2337,2026-06-12,Менеджер 3,Брест,шкафы,1,0,0.0,0.0,0.0,повторный,звонок,True
2338,2026-06-12,Менеджер 1,Гродно,офисные кресла,1,0,0.0,0.0,0.0,новый,звонок,True
2339,2026-06-12,Менеджер 1,Гомель,шкафы,1,0,0.0,0.0,0.0,новый,партнёр,True
2340,2026-06-12,Менеджер 5,Гомель,шкафы,1,1,1429.49,407.18,0.126,новый,партнёр,True
2341,2026-06-12,Менеджер 1,Витебск,шкафы,1,0,0.0,0.0,0.0,новый,сайт,True
2342,2026-06-12,Менеджер 4,Витебск,офисные кресла,1,0,0.0,0.0,0.0,новый,звонок,True
2343,2026-06-12,Менеджер 3,Гомель,офисные столы,1,0,0.0,0.0,0.0,новый,партнёр,True
2344,2026-06-12,Менеджер 4,Могилёв,офисные кресла,1,1,770.9,243.63,0.0,новый,партнёр,True
2345,2026-06-12,Менеджер 5,Брест,шкафы,1,0,0.0,0.0,0.0,новый,сайт,True
2346,2026-06-12,Менеджер 5,Гродно,шкафы,1,1,1320.9,336.46,0.103,новый,звонок,True
2347,2026-06-12,Менеджер 5,Могилёв,офисные кресла,1,0,0.0,0.0,0.0,повторный,партнёр,True
2348,2026-06-12,Менеджер 1,Могилёв,офисные столы,1,1,904.85,257.75,0.092,новый,реклама,True
2349,2026-06-13,Менеджер 4,Могилёв,шкафы,1,1,1341.15,383.19,0.076,новый,партнёр,True
2350,2026-06-13,Менеджер 2,Гомель,шкафы,1,1,1019.69,232.41,0.134,новый,сайт,True
2351,2026-06-13,Менеджер 4,Гродно,шкафы,1,1,1057.34,332.35,0.057,новый,сайт,True
2352,2026-06-13,Менеджер 2,Гродно,офисные столы,1,0,0.0,0.0,0.0,повторный,звонок,True
2353,2026-06-13,Менеджер 5,Брест,офисные кресла,1,0,0.0,0.0,0.0,новый,партнёр,True
2354,2026-06-13,Менеджер 5,Витебск,офисные столы,1,0,0.0,0.0,0.0,новый,реклама,True
2355,2026-06-13,Менеджер 1,Гомель,офисные кресла,1,0,0.0,0.0,0.0,новый,реклама,True
2356,2026-06-13,Менеджер 5,Брест,шкафы,1,0,0.0,0.0,0.0,повторный,реклама,True
2357,2026-06-13,Менеджер 3,Гродно,офисные столы,1,1,1002.68,314.2,0.048,новый,реклама,True
2358,2026-06-13,Менеджер 2,Гродно,офисные кресла,1,0,0.0,0.0,0.0,повторный,партнёр,True
2359,2026-06-13,Менеджер 4,Витебск,офисные столы,1,1,975.77,274.61,0.065,повторный,сайт,True
2360,2026-06-13,Менеджер 4,Могилёв,шкафы,1,0,0.0,0.0,0.0,повторный,звонок,True
2361,2026-06-13,Менеджер 3,Могилёв,офисные кресла,1,0,0.0,0.0,0.0,повторный,сайт,True
2362,2026-06-13,Менеджер 5,Гродно,офисные столы,1,0,0.0,0.0,0.0,новый,реклама,True
2363,2026-06-13,Менеджер 3,Гродно,офисные кресла,1,0,0.0,0.0,0.0,повторный,реклама,True
2364,2026-06-13,Менеджер 5,Брест,офисные столы,1,0,0.0,0.0,0.0,новый,сайт,True
2365,2026-06-13,Менеджер 2,Брест,офисные кресла,1,1,563.88,167.37,0.035,повторный,звонок,True
2366,2026-06-13,Менеджер 2,Могилёв,шкафы,1,0,0.0,0.0,0.0,повторный,партнёр,True
2367,2026-06-13,Менеджер 2,Витебск,шкафы,1,0,0.0,0.0,0.0,повторный,реклама,True
2368,2026-06-13,Менеджер 4,Могилёв,офисные кресла,1,0,0.0,0.0,0.0,повторный,реклама,True
2369,2026-06-13,Менеджер 4,Гродно,офисные кресла,1,0,0.0,0.0,0.0,новый,партнёр,True
2370,2026-06-13,Менеджер 3,Гомель,шкафы,1,0,0.0,0.0,0.0,повторный,звонок,True
2371,2026-06-13,Менеджер 3,Витебск,шкафы,1,1,1206.9,357.17,0.117,повторный,звонок,True
2372,2026-06-13,Менеджер 3,Гомель,офисные столы,1,0,0.0,0.0,0.0,новый,реклама,True
2373,2026-06-13,Менеджер 4,Гомель,шкафы,1,0,0.0,0.0,0.0,новый,сайт,True
2374,2026-06-13,Менеджер 5,Могилёв,офисные столы,1,0,0.0,0.0,0.0,новый,сайт,True
2375,2026-06-13,Менеджер 3,Могилёв,офисные столы,1,0,0.0,0.0,0.0,новый,звонок,True
2376,2026-06-13,Менеджер 3,Гродно,офисные столы,1,1,835.55,280.68,0.038,новый,реклама,True
2377,2026-06-13,Менеджер 1,Брест,офисные столы,1,0,0.0,0.0,0.0,повторный,сайт,True
2378,2026-06-13,Менеджер 2,Брест,шкафы,1,0,0.0,0.0,0.0,новый,реклама,True
2379,2026-06-13,Менеджер 4,Брест,офисные столы,1,0,0.0,0.0,0.0,новый,партнёр,True
2380,2026-06-13,Менеджер 5,Гомель,офисные кресла,1,0,0.0,0.0,0.0,новый,реклама,True
2381,2026-06-13,Менеджер 3,Витебск,офисные столы,1,0,0.0,0.0,0.0,новый,звонок,True
2382,2026-06-13,Менеджер 1,Брест,офисные столы,1,0,0.0,0.0,0.0,новый,сайт,True
2383,2026-06-13,Менеджер 5,Гомель,офисные кресла,1,0,0.0,0.0,0.0,новый,партнёр,True
2384,2026-06-13,Менеджер 1,Могилёв,шкафы,1,0,0.0,0.0,0.0,новый,реклама,True
2385,2026-06-13,Менеджер 2,Витебск,офисные кресла,1,1,727.22,213.13,0.071,новый,сайт,True
2386,2026-06-13,Менеджер 1,Гомель,шкафы,1,1,1319.12,313.46,0.169,новый,реклама,True
2387,2026-06-13,Менеджер 5,Могилёв,шкафы,1,0,0.0,0.0,0.0,повторный,партнёр,True
2388,2026-06-13,Менеджер 5,Брест,офисные столы,1,0,0.0,0.0,0.0,повторный,реклама,True
2389,2026-06-13,Менеджер 5,Брест,шкафы,1,0,0.0,0.0,0.0,новый,сайт,True
2390,2026-06-13,Менеджер 2,Брест,офисные кресла,1,0,0.0,0.0,0.0,новый,партнёр,True
2391,2026-06-13,Менеджер 2,Гомель,офисные столы,1,1,970.55,298.15,0.049,новый,сайт,True
2392,2026-06-13,Менеджер 1,Могилёв,офисные кресла,1,1,533.76,190.47,0.002,новый,звонок,True
2393,2026-06-14,Менеджер 3,Витебск,офисные кресла,1,0,0.0,0.0,0.0,новый,партнёр,True
2394,2026-06-14,Менеджер 2,Витебск,офисные кресла,1,0,0.0,0.0,0.0,новый,сайт,True
2395,2026-06-14,Менеджер 2,Гродно,шкафы,1,1,1047.82,298.28,0.114,новый,сайт,True
2396,2026-06-14,Менеджер 3,Гродно,офисные кресла,1,1,721.86,238.06,0.14,новый,сайт,True
2397,2026-06-14,Менеджер 1,Гродно,шкафы,1,0,0.0,0.0,0.0,новый,партнёр,True
2398,2026-06-14,Менеджер 5,Могилёв,шкафы,1,0,0.0,0.0,0.0,новый,звонок,True
2399,2026-06-14,Менеджер 4,Гомель,шкафы,1,0,0.0,0.0,0.0,повторный,сайт,True
2400,2026-06-14,Менеджер 3,Гомель,офисные кресла,1,1,737.27,212.93,0.045,новый,звонок,True
2401,2026-06-14,Менеджер 2,Могилёв,шкафы,1,1,1121.33,273.18,0.057,новый,звонок,True
2402,2026-06-14,Менеджер 2,Гомель,шкафы,1,0,0.0,0.0,0.0,новый,звонок,True
2403,2026-06-14,Менеджер 2,Брест,шкафы,1,1,1079.42,256.61,0.139,новый,реклама,True
2404,2026-06-14,Менеджер 5,Гомель,офисные столы,1,0,0.0,0.0,0.0,повторный,реклама,True
2405,2026-06-14,Менеджер 3,Брест,шкафы,1,0,0.0,0.0,0.0,новый,реклама,True
2406,2026-06-14,Менеджер 5,Гомель,офисные кресла,1,1,538.33,165.99,0.125,новый,партнёр,True
2407,2026-06-14,Менеджер 1,Гродно,шкафы,1,0,0.0,0.0,0.0,новый,сайт,True
2408,2026-06-14,Менеджер 1,Гродно,офисные столы,1,0,0.0,0.0,0.0,новый,сайт,True
2409,2026-06-14,Менеджер 1,Витебск,офисные столы,1,0,0.0,0.0,0.0,новый,сайт,True
2410,2026-06-14,Менеджер 1,Могилёв,офисные кресла,1,0,0.0,0.0,0.0,повторный,сайт,True
2411,2026-06-14,Менеджер 1,Витебск,офисные столы,1,1,753.58,225.8,0.017,повторный,звонок,True
2412,2026-06-14,Менеджер 2,Могилёв,шкафы,1,0,0.0,0.0,0.0,повторный,сайт,True
2413,2026-06-14,Менеджер 3,Витебск,офисные кресла,1,0,0.0,0.0,0.0,повторный,реклама,True
2414,2026-06-14,Менеджер 5,Витебск,шкафы,1,0,0.0,0.0,0.0,новый,сайт,True
2415,2026-06-14,Менеджер 3,Гомель,офисные столы,1,0,0.0,0.0,0.0,новый,партнёр,True
2416,2026-06-14,Менеджер 4,Могилёв,офисные столы,1,0,0.0,0.0,0.0,повторный,звонок,True
2417,2026-06-14,Менеджер 3,Витебск,офисные столы,1,0,0.0,0.0,0.0,новый,реклама,True
2418,2026-06-14,Менеджер 3,Гродно,офисные столы,1,1,693.85,222.51,0.061,новый,звонок,True
2419,2026-06-14,Менеджер 1,Брест,офисные кресла,1,0,0.0,0.0,0.0,новый,партнёр,True
2420,2026-06-14,Менеджер 3,Гродно,шкафы,1,0,0.0,0.0,0.0,повторный,сайт,True
2421,2026-06-14,Менеджер 4,Витебск,офисные кресла,1,0,0.0,0.0,0.0,новый,сайт,True
2422,2026-06-14,Менеджер 2,Гродно,шкафы,1,1,904.9,230.35,0.067,новый,реклама,True
2423,2026-06-14,Менеджер 3,Гродно,шкафы,1,0,0.0,0.0,0.0,новый,звонок,True
2424,2026-06-14,Менеджер 4,Гродно,офисные столы,1,1,658.35,192.54,0.058,новый,сайт,True
2425,2026-06-14,Менеджер 5,Гродно,офисные столы,1,0,0.0,0.0,0.0,новый,звонок,True
2426,2026-06-14,Менеджер 5,Витебск,офисные кресла,1,1,778.44,276.18,0.105,повторный,сайт,True
2427,2026-06-14,Менеджер 3,Гродно,офисные столы,1,0,0.0,0.0,0.0,повторный,партнёр,True
2428,2026-06-14,Менеджер 3,Могилёв,офисные кресла,1,1,534.01,186.66,0.072,новый,партнёр,True
2429,2026-06-14,Менеджер 5,Витебск,офисные столы,1,0,0.0,0.0,0.0,новый,реклама,True
2430,2026-06-14,Менеджер 5,Брест,офисные кресла,1,1,573.07,217.82,0.068,новый,звонок,True
2431,2026-06-14,Менеджер 1,Витебск,шкафы,1,0,0.0,0.0,0.0,новый,звонок,True
2432,2026-06-14,Менеджер 4,Витебск,шкафы,1,0,0.0,0.0,0.0,повторный,реклама,True
2433,2026-06-14,Менеджер 3,Гродно,офисные столы,1,1,727.68,200.45,0.012,новый,партнёр,True
2434,2026-06-14,Менеджер 2,Витебск,офисные столы,1,0,0.0,0.0,0.0,новый,реклама,True
2435,2026-06-14,Менеджер 4,Гродно,шкафы,1,1,964.15,291.43,0.064,новый,партнёр,True
2436,2026-06-14,Менеджер 5,Витебск,шкафы,1,1,1407.63,402.73,0.015,повторный,партнёр,True
2437,2026-06-15,Менеджер 3,Витебск,офисные столы,1,1,898.98,283.0,0.048,новый,партнёр,True
2438,2026-06-15,Менеджер 3,Могилёв,шкафы,1,0,0.0,0.0,0.0,новый,реклама,True
2439,2026-06-15,Менеджер 2,Витебск,офисные столы,1,0,0.0,0.0,0.0,повторный,сайт,True
2440,2026-06-15,Менеджер 5,Гродно,шкафы,1,1,1186.17,302.19,0.03,повторный,реклама,True
2441,2026-06-15,Менеджер 4,Гродно,офисные столы,1,1,1032.01,265.63,0.054,повторный,реклама,True
2442,2026-06-15,Менеджер 1,Брест,офисные кресла,1,1,689.36,215.26,0.128,новый,звонок,True
2443,2026-06-15,Менеджер 1,Гродно,офисные кресла,1,1,783.78,229.25,0.093,новый,звонок,True
2444,2026-06-15,Менеджер 1,Брест,офисные кресла,1,0,0.0,0.0,0.0,повторный,сайт,True
2445,2026-06-15,Менеджер 2,Гомель,офисные кресла,1,0,0.0,0.0,0.0,новый,реклама,True
2446,2026-06-15,Менеджер 1,Витебск,офисные столы,1,0,0.0,0.0,0.0,повторный,партнёр,True
2447,2026-06-15,Менеджер 1,Витебск,офисные столы,1,0,0.0,0.0,0.0,новый,звонок,True
2448,2026-06-15,Менеджер 5,Гомель,офисные столы,1,0,0.0,0.0,0.0,новый,партнёр,True
2449,2026-06-15,Менеджер 4,Гродно,офисные кресла,1,0,0.0,0.0,0.0,повторный,реклама,True
2450,2026-06-15,Менеджер 4,Брест,шкафы,1,0,0.0,0.0,0.0,новый,звонок,True
2451,2026-06-15,Менеджер 4,Гомель,офисные кресла,1,0,0.0,0.0,0.0,новый,реклама,True
2452,2026-06-15,Менеджер 3,Витебск,шкафы,1,0,0.0,0.0,0.0,новый,звонок,True
2453,2026-06-15,Менеджер 4,Гродно,офисные кресла,1,1,579.64,209.65,0.091,повторный,реклама,True
2454,2026-06-15,Менеджер 3,Гомель,шкафы,1,0,0.0,0.0,0.0,новый,партнёр,True
2455,2026-06-15,Менеджер 3,Витебск,офисные столы,1,0,0.0,0.0,0.0,новый,партнёр,True
2456,2026-06-15,Менеджер 2,Гродно,шкафы,1,0,0.0,0.0,0.0,новый,сайт,True
2457,2026-06-15,Менеджер 3,Гомель,офисные столы,1,1,894.67,277.66,0.055,повторный,сайт,True
2458,2026-06-15,Менеджер 1,Гомель,шкафы,1,0,0.0,0.0,0.0,повторный,сайт,True
2459,2026-06-15,Менеджер 5,Брест,офисные столы,1,0,0.0,0.0,0.0,новый,сайт,True
2460,2026-06-15,Менеджер 5,Брест,офисные кресла,1,0,0.0,0.0,0.0,новый,реклама,True
2461,2026-06-15,Менеджер 3,Гомель,шкафы,1,0,0.0,0.0,0.0,новый,реклама,True
2462,2026-06-15,Менеджер 3,Гомель,офисные кресла,1,0,0.0,0.0,0.0,новый,партнёр,True
2463,2026-06-15,Менеджер 2,Гродно,офисные столы,1,0,0.0,0.0,0.0,новый,партнёр,True
2464,2026-06-15,Менеджер 2,Гродно,офисные столы,1,1,941.46,288.27,0.092,новый,звонок,True
2465,2026-06-15,Менеджер 1,Витебск,офисные столы,1,0,0.0,0.0,0.0,новый,реклама,True
2466,2026-06-15,Менеджер 1,Витебск,шкафы,1,0,0.0,0.0,0.0,повторный,реклама,True
2467,2026-06-15,Менеджер 3,Брест,шкафы,1,0,0.0,0.0,0.0,новый,реклама,True
2468,2026-06-15,Менеджер 5,Гомель,шкафы,1,0,0.0,0.0,0.0,новый,сайт,True
2469,2026-06-15,Менеджер 2,Брест,офисные кресла,1,0,0.0,0.0,0.0,новый,партнёр,True
2470,2026-06-15,Менеджер 2,Брест,офисные столы,1,1,719.78,192.16,0.064,новый,сайт,True
2471,2026-06-15,Менеджер 3,Гомель,офисные кресла,1,0,0.0,0.0,0.0,повторный,звонок,True
2472,2026-06-15,Менеджер 5,Брест,офисные столы,1,0,0.0,0.0,0.0,новый,звонок,True
2473,2026-06-15,Менеджер 1,Брест,офисные кресла,1,0,0.0,0.0,0.0,новый,звонок,True
2474,2026-06-15,Менеджер 3,Могилёв,офисные столы,1,0,0.0,0.0,0.0,новый,партнёр,True
2475,2026-06-15,Менеджер 4,Брест,офисные кресла,1,1,745.05,213.07,0.029,новый,партнёр,True
2476,2026-06-15,Менеджер 2,Брест,шкафы,1,1,1310.21,399.46,0.024,новый,партнёр,True
2477,2026-06-15,Менеджер 5,Гродно,офисные кресла,1,0,0.0,0.0,0.0,новый,сайт,True
2478,2026-06-15,Менеджер 1,Могилёв,офисные столы,1,1,779.52,218.2,0.083,повторный,партнёр,True
2479,2026-06-15,Менеджер 1,Гродно,офисные столы,1,0,0.0,0.0,0.0,повторный,сайт,True
2480,2026-06-15,Менеджер 3,Витебск,офисные столы,1,0,0.0,0.0,0.0,повторный,партнёр,True
2481,2026-06-15,Менеджер 4,Гродно,шкафы,1,0,0.0,0.0,0.0,повторный,реклама,True
2482,2026-06-15,Менеджер 1,Брест,офисные столы,1,0,0.0,0.0,0.0,новый,партнёр,True
2483,2026-06-15,Менеджер 1,Гомель,офисные столы,1,0,0.0,0.0,0.0,повторный,сайт,True
2484,2026-06-15,Менеджер 3,Гродно,офисные столы,1,1,983.87,256.8,0.063,новый,партнёр,True
2485,2026-06-15,Менеджер 3,Гомель,офисные столы,1,0,0.0,0.0,0.0,новый,партнёр,True
2486,2026-06-15,Менеджер 4,Витебск,офисные кресла,1,1,524.2,182.79,0.117,новый,звонок,True
2487,2026-06-15,Менеджер 2,Гомель,офисные кресла,1,0,0.0,0.0,0.0,новый,партнёр,True
2488,2026-06-15,Менеджер 5,Витебск,офисные кресла,1,1,654.18,201.8,0.048,повторный,партнёр,True
2489,2026-06-16,Менеджер 2,Могилёв,офисные столы,1,1,696.45,181.77,0.101,повторный,звонок,True
2490,2026-06-16,Менеджер 5,Гродно,шкафы,1,0,0.0,0.0,0.0,новый,реклама,True
2491,2026-06-16,Менеджер 5,Гомель,офисные столы,1,0,0.0,0.0,0.0,новый,реклама,True
2492,2026-06-16,Менеджер 3,Могилёв,офисные столы,1,0,0.0,0.0,0.0,повторный,сайт,True
2493,2026-06-16,Менеджер 3,Витебск,офисные столы,1,0,0.0,0.0,0.0,новый,звонок,True
2494,2026-06-16,Менеджер 2,Гомель,офисные столы,1,0,0.0,0.0,0.0,новый,звонок,True
2495,2026-06-16,Менеджер 5,Гомель,офисные столы,1,0,0.0,0.0,0.0,новый,сайт,True
2496,2026-06-16,Менеджер 2,Гомель,шкафы,1,1,1471.51,339.85,0.119,новый,партнёр,True
2497,2026-06-16,Менеджер 1,Гродно,офисные столы,1,0,0.0,0.0,0.0,новый,партнёр,True
2498,2026-06-16,Менеджер 1,Гомель,шкафы,1,0,0.0,0.0,0.0,новый,реклама,True
2499,2026-06-16,Менеджер 1,Гродно,офисные кресла,1,1,536.13,202.57,0.062,новый,партнёр,True
2500,2026-06-16,Менеджер 5,Гродно,шкафы,1,0,0.0,0.0,0.0,новый,партнёр,True
2501,2026-06-16,Менеджер 2,Брест,офисные кресла,1,0,0.0,0.0,0.0,повторный,сайт,True
2502,2026-06-16,Менеджер 1,Гродно,офисные кресла,1,1,646.22,193.81,0.107,новый,партнёр,True
2503,2026-06-16,Менеджер 2,Могилёв,офисные столы,1,0,0.0,0.0,0.0,новый,звонок,True
2504,2026-06-16,Менеджер 5,Гомель,шкафы,1,0,0.0,0.0,0.0,новый,звонок,True
2505,2026-06-16,Менеджер 1,Витебск,шкафы,1,0,0.0,0.0,0.0,новый,звонок,True
2506,2026-06-16,Менеджер 2,Гродно,шкафы,1,0,0.0,0.0,0.0,повторный,сайт,True
2507,2026-06-16,Менеджер 5,Могилёв,офисные кресла,1,0,0.0,0.0,0.0,повторный,партнёр,True
2508,2026-06-16,Менеджер 2,Брест,офисные кресла,1,0,0.0,0.0,0.0,новый,партнёр,True
2509,2026-06-16,Менеджер 5,Брест,офисные кресла,1,1,747.59,221.44,0.104,новый,сайт,True
2510,2026-06-16,Менеджер 3,Витебск,офисные столы,1,0,0.0,0.0,0.0,повторный,реклама,True
2511,2026-06-16,Менеджер 3,Витебск,офисные кресла,1,0,0.0,0.0,0.0,новый,реклама,True
2512,2026-06-16,Менеджер 1,Гомель,шкафы,1,0,0.0,0.0,0.0,новый,реклама,True
2513,2026-06-16,Менеджер 1,Брест,шкафы,1,0,0.0,0.0,0.0,повторный,звонок,True
2514,2026-06-16,Менеджер 4,Брест,офисные кресла,1,0,0.0,0.0,0.0,новый,партнёр,True
2515,2026-06-16,Менеджер 3,Гродно,офисные кресла,1,0,0.0,0.0,0.0,новый,сайт,True
2516,2026-06-16,Менеджер 3,Гомель,офисные столы,1,0,0.0,0.0,0.0,новый,реклама,True
2517,2026-06-16,Менеджер 1,Гомель,офисные кресла,1,0,0.0,0.0,0.0,новый,звонок,True
2518,2026-06-16,Менеджер 1,Витебск,шкафы,1,0,0.0,0.0,0.0,повторный,звонок,True
2519,2026-06-16,Менеджер 1,Гродно,офисные столы,1,1,1100.57,329.77,0.083,новый,сайт,True
2520,2026-06-16,Менеджер 4,Брест,офисные столы,1,0,0.0,0.0,0.0,повторный,сайт,True
2521,2026-06-16,Менеджер 1,Гродно,офисные столы,1,0,0.0,0.0,0.0,новый,партнёр,True
2522,2026-06-16,Менеджер 3,Гродно,офисные столы,1,1,1041.7,259.29,0.081,новый,партнёр,True
2523,2026-06-16,Менеджер 3,Брест,шкафы,1,1,1156.11,311.16,0.074,новый,партнёр,True
2524,2026-06-16,Менеджер 2,Могилёв,офисные столы,1,0,0.0,0.0,0.0,повторный,партнёр,True
2525,2026-06-16,Менеджер 3,Витебск,шкафы,1,0,0.0,0.0,0.0,новый,звонок,True
2526,2026-06-16,Менеджер 5,Гродно,шкафы,1,0,0.0,0.0,0.0,новый,сайт,True
2527,2026-06-16,Менеджер 1,Гродно,офисные кресла,1,0,0.0,0.0,0.0,новый,реклама,True
2528,2026-06-16,Менеджер 3,Гродно,офисные столы,1,1,729.97,209.51,0.075,повторный,реклама,True
2529,2026-06-16,Менеджер 4,Гомель,шкафы,1,0,0.0,0.0,0.0,повторный,партнёр,True
2530,2026-06-16,Менеджер 5,Гомель,офисные кресла,1,0,0.0,0.0,0.0,новый,сайт,True
2531,2026-06-16,Менеджер 4,Брест,офисные столы,1,1,889.41,241.26,0.0,новый,звонок,True
2532,2026-06-16,Менеджер 5,Витебск,офисные столы,1,0,0.0,0.0,0.0,новый,сайт,True
2533,2026-06-16,Менеджер 2,Гомель,офисные кресла,1,0,0.0,0.0,0.0,новый,сайт,True
2534,2026-06-16,Менеджер 4,Брест,офисные столы,1,1,1132.13,303.84,0.069,повторный,реклама,True
2535,2026-06-16,Менеджер 5,Гомель,офисные кресла,1,1,828.85,253.68,0.058,повторный,звонок,True
2536,2026-06-16,Менеджер 2,Брест,офисные кресла,1,1,798.72,283.1,0.171,повторный,сайт,True
2537,2026-06-17,Менеджер 2,Могилёв,офисные столы,1,0,0.0,0.0,0.0,новый,сайт,True
2538,2026-06-17,Менеджер 1,Витебск,офисные кресла,1,0,0.0,0.0,0.0,повторный,реклама,True
2539,2026-06-17,Менеджер 2,Могилёв,офисные столы,1,1,1054.0,333.55,0.049,новый,звонок,True
2540,2026-06-17,Менеджер 3,Могилёв,шкафы,1,1,1018.25,265.56,0.08,новый,партнёр,True
2541,2026-06-17,Менеджер 3,Гродно,шкафы,1,0,0.0,0.0,0.0,новый,реклама,True
2542,2026-06-17,Менеджер 2,Брест,офисные столы,1,0,0.0,0.0,0.0,новый,реклама,True
2543,2026-06-17,Менеджер 5,Гомель,шкафы,1,0,0.0,0.0,0.0,новый,сайт,True
2544,2026-06-17,Менеджер 1,Брест,офисные кресла,1,0,0.0,0.0,0.0,новый,сайт,True
2545,2026-06-17,Менеджер 5,Витебск,офисные кресла,1,0,0.0,0.0,0.0,новый,реклама,True
2546,2026-06-17,Менеджер 3,Гродно,шкафы,1,0,0.0,0.0,0.0,новый,звонок,True
2547,2026-06-17,Менеджер 4,Гомель,шкафы,1,0,0.0,0.0,0.0,новый,реклама,True
2548,2026-06-17,Менеджер 5,Витебск,офисные кресла,1,0,0.0,0.0,0.0,новый,реклама,True
2549,2026-06-17,Менеджер 1,Гродно,шкафы,1,0,0.0,0.0,0.0,повторный,партнёр,True
2550,2026-06-17,Менеджер 2,Гродно,офисные кресла,1,0,0.0,0.0,0.0,повторный,звонок,True
2551,2026-06-17,Менеджер 3,Гомель,шкафы,1,1,1246.67,348.76,0.112,новый,партнёр,True
2552,2026-06-17,Менеджер 3,Брест,шкафы,1,1,1199.9,356.31,0.082,новый,сайт,True
2553,2026-06-17,Менеджер 5,Витебск,офисные столы,1,1,1049.6,270.54,0.043,новый,звонок,True
2554,2026-06-17,Менеджер 5,Витебск,офисные столы,1,0,0.0,0.0,0.0,новый,реклама,True
2555,2026-06-17,Менеджер 2,Гомель,офисные кресла,1,0,0.0,0.0,0.0,новый,сайт,True
2556,2026-06-17,Менеджер 2,Брест,офисные столы,1,0,0.0,0.0,0.0,повторный,звонок,True
2557,2026-06-17,Менеджер 1,Гродно,офисные столы,1,1,818.67,230.38,0.135,новый,партнёр,True
2558,2026-06-17,Менеджер 5,Могилёв,офисные кресла,1,0,0.0,0.0,0.0,новый,партнёр,True
2559,2026-06-17,Менеджер 3,Могилёв,офисные столы,1,0,0.0,0.0,0.0,новый,сайт,True
2560,2026-06-17,Менеджер 2,Брест,офисные столы,1,0,0.0,0.0,0.0,новый,звонок,True
2561,2026-06-17,Менеджер 2,Гомель,офисные кресла,1,0,0.0,0.0,0.0,новый,реклама,True
2562,2026-06-17,Менеджер 2,Могилёв,шкафы,1,0,0.0,0.0,0.0,новый,звонок,True
2563,2026-06-17,Менеджер 3,Гродно,офисные столы,1,0,0.0,0.0,0.0,новый,звонок,True
2564,2026-06-17,Менеджер 4,Гомель,офисные столы,1,1,892.23,275.94,0.116,новый,реклама,True
2565,2026-06-17,Менеджер 5,Могилёв,шкафы,1,0,0.0,0.0,0.0,новый,реклама,True
2566,2026-06-17,Менеджер 2,Могилёв,шкафы,1,0,0.0,0.0,0.0,новый,звонок,True
2567,2026-06-17,Менеджер 5,Витебск,офисные кресла,1,0,0.0,0.0,0.0,новый,реклама,True
2568,2026-06-17,Менеджер 4,Витебск,офисные столы,1,1,1003.17,310.92,0.116,повторный,звонок,True
2569,2026-06-17,Менеджер 3,Могилёв,шкафы,1,0,0.0,0.0,0.0,новый,партнёр,True
2570,2026-06-17,Менеджер 4,Гродно,шкафы,1,1,854.11,247.66,0.116,новый,сайт,True
2571,2026-06-17,Менеджер 3,Гродно,офисные столы,1,0,0.0,0.0,0.0,новый,партнёр,True
2572,2026-06-17,Менеджер 2,Витебск,офисные кресла,1,1,504.25,173.51,0.089,новый,сайт,True
2573,2026-06-17,Менеджер 3,Витебск,офисные кресла,1,0,0.0,0.0,0.0,новый,сайт,True
2574,2026-06-17,Менеджер 4,Витебск,офисные кресла,1,1,614.59,223.34,0.109,новый,партнёр,True
2575,2026-06-17,Менеджер 5,Могилёв,офисные кресла,1,0,0.0,0.0,0.0,новый,партнёр,True
2576,2026-06-17,Менеджер 3,Гродно,шкафы,1,1,951.87,256.31,0.069,повторный,сайт,True
2577,2026-06-17,Менеджер 2,Витебск,офисные кресла,1,1,806.08,245.91,0.107,новый,сайт,True
2578,2026-06-17,Менеджер 5,Могилёв,шкафы,1,0,0.0,0.0,0.0,новый,звонок,True
2579,2026-06-17,Менеджер 4,Гомель,офисные столы,1,1,832.87,225.28,0.066,новый,звонок,True
2580,2026-06-17,Менеджер 2,Брест,офисные столы,1,1,915.02,283.46,0.087,новый,партнёр,True
2581,2026-06-17,Менеджер 2,Брест,офисные кресла,1,1,495.12,142.57,0.114,повторный,сайт,True
2582,2026-06-17,Менеджер 4,Могилёв,офисные столы,1,0,0.0,0.0,0.0,повторный,реклама,True
2583,2026-06-17,Менеджер 5,Гродно,офисные кресла,1,0,0.0,0.0,0.0,новый,партнёр,True
2584,2026-06-17,Менеджер 3,Брест,шкафы,1,0,0.0,0.0,0.0,повторный,сайт,True
2585,2026-06-17,Менеджер 1,Гомель,офисные столы,1,0,0.0,0.0,0.0,новый,партнёр,True
2586,2026-06-17,Менеджер 3,Гомель,шкафы,1,0,0.0,0.0,0.0,новый,партнёр,True
2587,2026-06-17,Менеджер 2,Могилёв,офисные столы,1,0,0.0,0.0,0.0,новый,реклама,True
2588,2026-06-18,Менеджер 5,Могилёв,офисные столы,1,0,0.0,0.0,0.0,новый,сайт,True
2589,2026-06-18,Менеджер 5,Гомель,офисные столы,1,0,0.0,0.0,0.0,новый,звонок,True
2590,2026-06-18,Менеджер 1,Гомель,шкафы,1,0,0.0,0.0,0.0,повторный,сайт,True
2591,2026-06-18,Менеджер 1,Гродно,офисные столы,1,0,0.0,0.0,0.0,повторный,сайт,True
2592,2026-06-18,Менеджер 5,Могилёв,офисные столы,1,1,758.04,212.24,0.073,повторный,партнёр,True
2593,2026-06-18,Менеджер 4,Брест,шкафы,1,1,919.02,262.03,0.059,новый,звонок,True
2594,2026-06-18,Менеджер 5,Брест,офисные столы,1,0,0.0,0.0,0.0,новый,реклама,True
2595,2026-06-18,Менеджер 2,Витебск,шкафы,1,0,0.0,0.0,0.0,новый,звонок,True
2596,2026-06-18,Менеджер 1,Гомель,офисные столы,1,1,879.71,280.82,0.057,новый,реклама,True
2597,2026-06-18,Менеджер 4,Гродно,шкафы,1,1,888.36,209.89,0.084,повторный,партнёр,True
2598,2026-06-18,Менеджер 1,Гомель,офисные кресла,1,1,702.11,258.85,0.068,новый,партнёр,True
2599,2026-06-18,Менеджер 4,Гродно,офисные столы,1,0,0.0,0.0,0.0,новый,сайт,True
2600,2026-06-18,Менеджер 2,Могилёв,шкафы,1,0,0.0,0.0,0.0,новый,реклама,True
2601,2026-06-18,Менеджер 3,Брест,офисные столы,1,0,0.0,0.0,0.0,повторный,реклама,True
2602,2026-06-18,Менеджер 3,Брест,офисные кресла,1,0,0.0,0.0,0.0,повторный,звонок,True
2603,2026-06-18,Менеджер 3,Могилёв,офисные кресла,1,0,0.0,0.0,0.0,повторный,сайт,True
2604,2026-06-18,Менеджер 4,Гродно,офисные кресла,1,0,0.0,0.0,0.0,новый,звонок,True
2605,2026-06-18,Менеджер 2,Брест,офисные кресла,1,1,673.67,249.13,0.088,новый,партнёр,True
2606,2026-06-18,Менеджер 1,Могилёв,шкафы,1,0,0.0,0.0,0.0,новый,реклама,True
2607,2026-06-18,Менеджер 2,Гомель,офисные столы,1,0,0.0,0.0,0.0,повторный,звонок,True
2608,2026-06-18,Менеджер 5,Могилёв,офисные кресла,1,0,0.0,0.0,0.0,новый,партнёр,True
2609,2026-06-18,Менеджер 4,Гомель,офисные кресла,1,0,0.0,0.0,0.0,повторный,звонок,True
2610,2026-06-18,Менеджер 5,Могилёв,офисные кресла,1,0,0.0,0.0,0.0,повторный,звонок,True
2611,2026-06-18,Менеджер 1,Гродно,шкафы,1,1,1131.32,268.59,0.06,новый,звонок,True
2612,2026-06-18,Менеджер 1,Брест,офисные столы,1,1,915.93,239.82,0.062,повторный,реклама,True
2613,2026-06-18,Менеджер 3,Могилёв,офисные кресла,1,0,0.0,0.0,0.0,новый,сайт,True
2614,2026-06-18,Менеджер 4,Могилёв,шкафы,1,0,0.0,0.0,0.0,повторный,звонок,True
2615,2026-06-18,Менеджер 2,Могилёв,офисные столы,1,0,0.0,0.0,0.0,новый,реклама,True
2616,2026-06-18,Менеджер 5,Гомель,офисные столы,1,0,0.0,0.0,0.0,новый,партнёр,True
2617,2026-06-18,Менеджер 5,Могилёв,шкафы,1,0,0.0,0.0,0.0,новый,сайт,True
2618,2026-06-18,Менеджер 5,Гродно,офисные столы,1,1,928.05,256.57,0.005,новый,сайт,True
2619,2026-06-18,Менеджер 3,Витебск,офисные кресла,1,1,728.99,271.05,0.079,новый,звонок,True
2620,2026-06-18,Менеджер 5,Витебск,офисные столы,1,0,0.0,0.0,0.0,повторный,реклама,True
2621,2026-06-18,Менеджер 3,Гродно,офисные кресла,1,1,784.44,231.95,0.067,новый,партнёр,True
2622,2026-06-18,Менеджер 4,Могилёв,офисные столы,1,0,0.0,0.0,0.0,повторный,сайт,True
2623,2026-06-18,Менеджер 2,Гомель,офисные столы,1,1,1071.42,268.86,0.09,новый,реклама,True
2624,2026-06-18,Менеджер 1,Гродно,шкафы,1,1,1454.73,391.5,0.091,повторный,сайт,True
2625,2026-06-18,Менеджер 5,Гродно,шкафы,1,0,0.0,0.0,0.0,повторный,реклама,True
2626,2026-06-18,Менеджер 3,Могилёв,офисные кресла,1,0,0.0,0.0,0.0,повторный,сайт,True
2627,2026-06-18,Менеджер 3,Могилёв,офисные столы,1,1,837.5,207.66,0.099,новый,партнёр,True
2628,2026-06-18,Менеджер 5,Гомель,офисные кресла,1,0,0.0,0.0,0.0,новый,партнёр,True
2629,2026-06-18,Менеджер 4,Гомель,офисные столы,1,1,1062.3,308.19,0.114,повторный,сайт,True
2630,2026-06-18,Менеджер 2,Гомель,шкафы,1,0,0.0,0.0,0.0,новый,партнёр,True
2631,2026-06-19,Менеджер 4,Брест,офисные столы,1,1,1056.2,291.16,0.091,новый,сайт,True
2632,2026-06-19,Менеджер 1,Гомель,шкафы,1,1,1457.14,423.89,0.05,новый,реклама,True
2633,2026-06-19,Менеджер 1,Гродно,шкафы,1,1,992.25,275.03,0.033,новый,сайт,True
2634,2026-06-19,Менеджер 4,Могилёв,шкафы,1,0,0.0,0.0,0.0,новый,звонок,True
2635,2026-06-19,Менеджер 5,Гродно,офисные кресла,1,1,517.47,157.44,0.109,новый,партнёр,True
2636,2026-06-19,Менеджер 1,Гомель,офисные кресла,1,1,507.31,178.44,0.159,новый,партнёр,True
2637,2026-06-19,Менеджер 1,Витебск,офисные кресла,1,0,0.0,0.0,0.0,повторный,сайт,True
2638,2026-06-19,Менеджер 1,Гродно,офисные кресла,1,1,506.63,146.28,0.068,повторный,реклама,True
2639,2026-06-19,Менеджер 2,Могилёв,шкафы,1,0,0.0,0.0,0.0,новый,реклама,True
2640,2026-06-19,Менеджер 5,Витебск,офисные кресла,1,1,619.98,196.07,0.097,повторный,сайт,True
2641,2026-06-19,Менеджер 3,Гродно,шкафы,1,1,1096.3,317.94,0.143,новый,реклама,True
2642,2026-06-19,Менеджер 5,Гродно,офисные столы,1,0,0.0,0.0,0.0,новый,реклама,True
2643,2026-06-19,Менеджер 3,Витебск,офисные столы,1,0,0.0,0.0,0.0,новый,партнёр,True
2644,2026-06-19,Менеджер 4,Гомель,офисные столы,1,1,970.24,254.34,0.128,новый,партнёр,True
2645,2026-06-19,Менеджер 1,Могилёв,офисные кресла,1,1,803.03,298.18,0.103,новый,партнёр,True
2646,2026-06-19,Менеджер 5,Гомель,офисные кресла,1,1,568.32,200.66,0.054,новый,звонок,True
2647,2026-06-19,Менеджер 3,Гомель,шкафы,1,0,0.0,0.0,0.0,новый,партнёр,True
2648,2026-06-19,Менеджер 1,Витебск,офисные столы,1,0,0.0,0.0,0.0,новый,партнёр,True
2649,2026-06-19,Менеджер 5,Гродно,офисные кресла,1,0,0.0,0.0,0.0,новый,звонок,True
2650,2026-06-19,Менеджер 2,Витебск,офисные кресла,1,1,694.85,251.36,0.128,повторный,реклама,True
2651,2026-06-19,Менеджер 3,Брест,шкафы,1,0,0.0,0.0,0.0,новый,реклама,True
2652,2026-06-19,Менеджер 3,Могилёв,офисные кресла,1,0,0.0,0.0,0.0,повторный,сайт,True
2653,2026-06-19,Менеджер 4,Гродно,офисные кресла,1,1,589.43,198.96,0.072,новый,звонок,True
2654,2026-06-19,Менеджер 1,Гомель,шкафы,1,0,0.0,0.0,0.0,новый,сайт,True
2655,2026-06-19,Менеджер 1,Брест,офисные кресла,1,0,0.0,0.0,0.0,новый,реклама,True
2656,2026-06-19,Менеджер 1,Гродно,офисные столы,1,0,0.0,0.0,0.0,новый,реклама,True
2657,2026-06-19,Менеджер 1,Брест,шкафы,1,1,908.46,209.8,0.126,новый,реклама,True
2658,2026-06-19,Менеджер 1,Брест,шкафы,1,0,0.0,0.0,0.0,повторный,партнёр,True
2659,2026-06-19,Менеджер 4,Гродно,шкафы,1,0,0.0,0.0,0.0,новый,партнёр,True
2660,2026-06-19,Менеджер 1,Брест,офисные кресла,1,0,0.0,0.0,0.0,новый,сайт,True
2661,2026-06-19,Менеджер 4,Гомель,офисные столы,1,0,0.0,0.0,0.0,повторный,реклама,True
2662,2026-06-19,Менеджер 2,Брест,шкафы,1,0,0.0,0.0,0.0,новый,звонок,True
2663,2026-06-19,Менеджер 4,Могилёв,офисные столы,1,0,0.0,0.0,0.0,повторный,партнёр,True
2664,2026-06-19,Менеджер 4,Брест,офисные кресла,1,0,0.0,0.0,0.0,новый,сайт,True
2665,2026-06-19,Менеджер 2,Витебск,шкафы,1,0,0.0,0.0,0.0,новый,реклама,True
2666,2026-06-19,Менеджер 5,Могилёв,офисные кресла,1,1,593.83,221.9,0.034,новый,реклама,True
2667,2026-06-19,Менеджер 2,Могилёв,офисные столы,1,0,0.0,0.0,0.0,новый,сайт,True
2668,2026-06-19,Менеджер 5,Витебск,офисные столы,1,0,0.0,0.0,0.0,новый,партнёр,True
2669,2026-06-19,Менеджер 5,Витебск,офисные столы,1,0,0.0,0.0,0.0,новый,звонок,True
2670,2026-06-19,Менеджер 2,Витебск,шкафы,1,1,972.46,299.15,0.038,новый,сайт,True
2671,2026-06-19,Менеджер 3,Гомель,офисные столы,1,0,0.0,0.0,0.0,повторный,реклама,True
2672,2026-06-19,Менеджер 3,Витебск,офисные столы,1,0,0.0,0.0,0.0,новый,реклама,True
2673,2026-06-19,Менеджер 2,Витебск,шкафы,1,1,1373.03,323.05,0.073,новый,звонок,True
2674,2026-06-19,Менеджер 3,Могилёв,офисные столы,1,0,0.0,0.0,0.0,новый,реклама,True
2675,2026-06-19,Менеджер 2,Брест,офисные кресла,1,0,0.0,0.0,0.0,повторный,реклама,True
2676,2026-06-19,Менеджер 1,Витебск,шкафы,1,0,0.0,0.0,0.0,новый,звонок,True
2677,2026-06-19,Менеджер 1,Брест,шкафы,1,0,0.0,0.0,0.0,новый,сайт,True
2678,2026-06-19,Менеджер 1,Могилёв,шкафы,1,0,0.0,0.0,0.0,новый,партнёр,True
2679,2026-06-19,Менеджер 2,Витебск,шкафы,1,1,1245.29,345.26,0.104,повторный,сайт,True
2680,2026-06-19,Менеджер 3,Гомель,офисные кресла,1,1,494.45,164.43,0.13,новый,сайт,True
2681,2026-06-19,Менеджер 4,Гомель,офисные кресла,1,0,0.0,0.0,0.0,повторный,сайт,True
2682,2026-06-19,Менеджер 2,Брест,шкафы,1,0,0.0,0.0,0.0,повторный,сайт,True
2683,2026-06-20,Менеджер 5,Могилёв,офисные кресла,1,1,486.79,181.53,0.095,повторный,звонок,True
2684,2026-06-20,Менеджер 5,Витебск,офисные столы,1,0,0.0,0.0,0.0,повторный,партнёр,True
2685,2026-06-20,Менеджер 3,Могилёв,офисные кресла,1,0,0.0,0.0,0.0,новый,партнёр,True
2686,2026-06-20,Менеджер 1,Витебск,офисные столы,1,0,0.0,0.0,0.0,повторный,реклама,True
2687,2026-06-20,Менеджер 3,Могилёв,офисные кресла,1,0,0.0,0.0,0.0,новый,звонок,True
2688,2026-06-20,Менеджер 2,Гродно,шкафы,1,1,1325.03,321.98,0.055,повторный,партнёр,True
2689,2026-06-20,Менеджер 5,Гомель,шкафы,1,0,0.0,0.0,0.0,новый,звонок,True
2690,2026-06-20,Менеджер 2,Могилёв,офисные кресла,1,1,607.16,185.62,0.108,повторный,сайт,True
2691,2026-06-20,Менеджер 2,Гомель,офисные кресла,1,0,0.0,0.0,0.0,новый,партнёр,True
2692,2026-06-20,Менеджер 5,Гродно,офисные кресла,1,0,0.0,0.0,0.0,повторный,партнёр,True
2693,2026-06-20,Менеджер 3,Могилёв,офисные кресла,1,1,806.7,230.37,0.114,повторный,реклама,True
2694,2026-06-20,Менеджер 3,Могилёв,офисные кресла,1,0,0.0,0.0,0.0,новый,сайт,True
2695,2026-06-20,Менеджер 3,Витебск,офисные кресла,1,0,0.0,0.0,0.0,повторный,сайт,True
2696,2026-06-20,Менеджер 3,Могилёв,офисные кресла,1,0,0.0,0.0,0.0,новый,сайт,True
2697,2026-06-20,Менеджер 2,Витебск,шкафы,1,0,0.0,0.0,0.0,новый,партнёр,True
2698,2026-06-20,Менеджер 3,Брест,офисные столы,1,0,0.0,0.0,0.0,новый,партнёр,True
2699,2026-06-20,Менеджер 5,Брест,шкафы,1,0,0.0,0.0,0.0,новый,звонок,True
2700,2026-06-20,Менеджер 2,Гродно,офисные кресла,1,0,0.0,0.0,0.0,новый,звонок,True
2701,2026-06-20,Менеджер 3,Гродно,офисные кресла,1,1,517.95,160.19,0.116,новый,сайт,True
2702,2026-06-20,Менеджер 1,Витебск,офисные кресла,1,1,512.05,181.74,0.088,новый,реклама,True
2703,2026-06-20,Менеджер 3,Гомель,шкафы,1,1,1511.11,389.4,0.118,новый,реклама,True
2704,2026-06-20,Менеджер 2,Витебск,офисные кресла,1,0,0.0,0.0,0.0,новый,партнёр,True
2705,2026-06-20,Менеджер 4,Гродно,офисные кресла,1,0,0.0,0.0,0.0,новый,реклама,True
2706,2026-06-20,Менеджер 2,Гомель,офисные столы,1,0,0.0,0.0,0.0,повторный,звонок,True
2707,2026-06-20,Менеджер 1,Гродно,шкафы,1,0,0.0,0.0,0.0,повторный,партнёр,True
2708,2026-06-20,Менеджер 4,Гомель,шкафы,1,0,0.0,0.0,0.0,новый,сайт,True
2709,2026-06-20,Менеджер 1,Брест,шкафы,1,1,1169.27,316.63,0.096,новый,реклама,True
2710,2026-06-20,Менеджер 3,Могилёв,офисные кресла,1,0,0.0,0.0,0.0,повторный,партнёр,True
2711,2026-06-20,Менеджер 5,Могилёв,офисные кресла,1,0,0.0,0.0,0.0,новый,партнёр,True
2712,2026-06-20,Менеджер 2,Гомель,офисные кресла,1,0,0.0,0.0,0.0,новый,звонок,True
2713,2026-06-20,Менеджер 3,Могилёв,офисные кресла,1,0,0.0,0.0,0.0,новый,сайт,True
2714,2026-06-20,Менеджер 3,Гродно,офисные кресла,1,1,571.03,198.97,0.131,новый,сайт,True
2715,2026-06-20,Менеджер 1,Гомель,шкафы,1,1,1276.41,391.89,0.093,новый,партнёр,True
2716,2026-06-20,Менеджер 4,Гродно,шкафы,1,0,0.0,0.0,0.0,новый,партнёр,True
2717,2026-06-20,Менеджер 1,Брест,офисные кресла,1,1,495.5,169.56,0.111,новый,реклама,True
2718,2026-06-20,Менеджер 4,Гродно,офисные столы,1,1,882.42,285.73,0.051,повторный,звонок,True
2719,2026-06-20,Менеджер 2,Гродно,шкафы,1,0,0.0,0.0,0.0,новый,реклама,True
2720,2026-06-20,Менеджер 3,Гродно,офисные столы,1,1,775.36,224.71,0.079,новый,сайт,True
2721,2026-06-20,Менеджер 4,Могилёв,шкафы,1,0,0.0,0.0,0.0,повторный,звонок,True
2722,2026-06-20,Менеджер 1,Гомель,офисные кресла,1,0,0.0,0.0,0.0,повторный,реклама,True
2723,2026-06-20,Менеджер 4,Витебск,шкафы,1,0,0.0,0.0,0.0,новый,реклама,True
2724,2026-06-20,Менеджер 3,Витебск,шкафы,1,1,979.95,259.92,0.116,новый,звонок,True
2725,2026-06-20,Менеджер 3,Гомель,офисные кресла,1,0,0.0,0.0,0.0,повторный,партнёр,True
2726,2026-06-20,Менеджер 3,Брест,офисные столы,1,0,0.0,0.0,0.0,новый,звонок,True
2727,2026-06-20,Менеджер 4,Могилёв,офисные кресла,1,0,0.0,0.0,0.0,новый,партнёр,True
2728,2026-06-20,Менеджер 5,Гомель,шкафы,1,1,971.91,312.46,0.004,новый,звонок,True
2729,2026-06-20,Менеджер 4,Витебск,офисные кресла,1,0,0.0,0.0,0.0,повторный,партнёр,True
2730,2026-06-20,Менеджер 4,Гродно,офисные кресла,1,1,670.4,238.71,0.129,новый,партнёр,True
2731,2026-06-20,Менеджер 1,Гомель,шкафы,1,0,0.0,0.0,0.0,повторный,звонок,True
2732,2026-06-20,Менеджер 4,Гродно,офисные столы,1,1,1082.53,349.66,0.036,новый,звонок,True
2733,2026-06-20,Менеджер 5,Брест,шкафы,1,0,0.0,0.0,0.0,новый,звонок,True
2734,2026-06-20,Менеджер 5,Могилёв,офисные кресла,1,1,553.23,205.09,0.05,новый,звонок,True
2735,2026-06-20,Менеджер 4,Брест,офисные столы,1,0,0.0,0.0,0.0,новый,реклама,True
2736,2026-06-21,Менеджер 1,Могилёв,офисные столы,1,0,0.0,0.0,0.0,повторный,реклама,True
2737,2026-06-21,Менеджер 3,Витебск,офисные кресла,1,0,0.0,0.0,0.0,повторный,реклама,True
2738,2026-06-21,Менеджер 5,Гродно,офисные кресла,1,1,589.82,183.76,0.125,новый,партнёр,True
2739,2026-06-21,Менеджер 2,Гродно,офисные столы,1,0,0.0,0.0,0.0,новый,сайт,True
2740,2026-06-21,Менеджер 1,Брест,шкафы,1,0,0.0,0.0,0.0,новый,партнёр,True
2741,2026-06-21,Менеджер 4,Гродно,шкафы,1,0,0.0,0.0,0.0,повторный,реклама,True
2742,2026-06-21,Менеджер 4,Витебск,офисные кресла,1,0,0.0,0.0,0.0,повторный,партнёр,True
2743,2026-06-21,Менеджер 4,Витебск,шкафы,1,0,0.0,0.0,0.0,новый,партнёр,True
2744,2026-06-21,Менеджер 5,Гродно,офисные кресла,1,1,772.49,269.73,0.094,повторный,реклама,True
2745,2026-06-21,Менеджер 5,Могилёв,офисные кресла,1,0,0.0,0.0,0.0,повторный,звонок,True
2746,2026-06-21,Менеджер 5,Гомель,шкафы,1,1,1129.74,272.64,0.07,новый,звонок,True
2747,2026-06-21,Менеджер 1,Брест,офисные кресла,1,0,0.0,0.0,0.0,повторный,сайт,True
2748,2026-06-21,Менеджер 4,Гомель,шкафы,1,0,0.0,0.0,0.0,новый,реклама,True
2749,2026-06-21,Менеджер 2,Гомель,офисные столы,1,0,0.0,0.0,0.0,новый,партнёр,True
2750,2026-06-21,Менеджер 1,Витебск,офисные кресла,1,1,743.18,217.13,0.0,новый,звонок,True
2751,2026-06-21,Менеджер 4,Витебск,офисные кресла,1,0,0.0,0.0,0.0,повторный,партнёр,True
2752,2026-06-21,Менеджер 5,Витебск,офисные кресла,1,1,726.38,271.91,0.087,новый,партнёр,True
2753,2026-06-21,Менеджер 3,Гомель,офисные кресла,1,1,458.04,154.1,0.155,новый,реклама,True
2754,2026-06-21,Менеджер 3,Витебск,офисные кресла,1,0,0.0,0.0,0.0,новый,звонок,True
2755,2026-06-21,Менеджер 5,Гомель,офисные кресла,1,0,0.0,0.0,0.0,новый,звонок,True
2756,2026-06-21,Менеджер 3,Гомель,шкафы,1,0,0.0,0.0,0.0,повторный,звонок,True
2757,2026-06-21,Менеджер 3,Брест,шкафы,1,0,0.0,0.0,0.0,новый,звонок,True
2758,2026-06-21,Менеджер 5,Брест,офисные кресла,1,0,0.0,0.0,0.0,повторный,сайт,True
2759,2026-06-21,Менеджер 3,Гомель,офисные столы,1,0,0.0,0.0,0.0,повторный,сайт,True
2760,2026-06-21,Менеджер 3,Гродно,шкафы,1,1,1194.16,286.82,0.164,новый,реклама,True
2761,2026-06-21,Менеджер 3,Гродно,шкафы,1,1,1503.32,429.93,0.0,новый,сайт,True
2762,2026-06-21,Менеджер 5,Гомель,офисные кресла,1,0,0.0,0.0,0.0,повторный,партнёр,True
2763,2026-06-21,Менеджер 5,Могилёв,шкафы,1,0,0.0,0.0,0.0,повторный,реклама,True
2764,2026-06-21,Менеджер 5,Гомель,шкафы,1,1,1529.37,358.05,0.083,новый,сайт,True
2765,2026-06-21,Менеджер 4,Гродно,офисные столы,1,1,826.47,270.33,0.052,новый,реклама,True
2766,2026-06-21,Менеджер 4,Брест,офисные кресла,1,0,0.0,0.0,0.0,повторный,реклама,True
2767,2026-06-21,Менеджер 1,Гродно,офисные кресла,1,0,0.0,0.0,0.0,новый,звонок,True
2768,2026-06-21,Менеджер 1,Гомель,офисные столы,1,0,0.0,0.0,0.0,новый,партнёр,True
2769,2026-06-21,Менеджер 5,Брест,офисные кресла,1,0,0.0,0.0,0.0,новый,сайт,True
2770,2026-06-21,Менеджер 4,Витебск,офисные кресла,1,1,814.39,225.98,0.102,новый,партнёр,True
2771,2026-06-21,Менеджер 3,Гродно,шкафы,1,0,0.0,0.0,0.0,новый,реклама,True
2772,2026-06-21,Менеджер 5,Могилёв,шкафы,1,0,0.0,0.0,0.0,повторный,сайт,True
2773,2026-06-21,Менеджер 3,Брест,шкафы,1,1,1162.99,311.21,0.075,новый,партнёр,True
2774,2026-06-21,Менеджер 4,Могилёв,шкафы,1,1,918.15,233.83,0.111,новый,звонок,True
2775,2026-06-21,Менеджер 5,Гомель,офисные столы,1,0,0.0,0.0,0.0,новый,реклама,True
2776,2026-06-21,Менеджер 1,Витебск,офисные столы,1,0,0.0,0.0,0.0,новый,реклама,True
2777,2026-06-21,Менеджер 2,Могилёв,шкафы,1,0,0.0,0.0,0.0,новый,реклама,True
2778,2026-06-21,Менеджер 5,Гомель,офисные кресла,1,0,0.0,0.0,0.0,новый,реклама,True
2779,2026-06-21,Менеджер 5,Могилёв,офисные столы,1,0,0.0,0.0,0.0,новый,звонок,True
2780,2026-06-21,Менеджер 2,Витебск,офисные столы,1,1,727.29,210.26,0.039,повторный,реклама,True
2781,2026-06-21,Менеджер 2,Брест,офисные столы,1,1,839.29,230.22,0.1,новый,партнёр,True
2782,2026-06-22,Менеджер 2,Брест,шкафы,1,1,1260.3,300.04,0.08,повторный,реклама,True
2783,2026-06-22,Менеджер 4,Гродно,офисные столы,1,1,745.17,196.79,0.041,повторный,сайт,True
2784,2026-06-22,Менеджер 2,Гомель,офисные столы,1,0,0.0,0.0,0.0,новый,звонок,True
2785,2026-06-22,Менеджер 5,Могилёв,шкафы,1,1,1084.97,309.95,0.035,повторный,реклама,True
2786,2026-06-22,Менеджер 1,Гомель,шкафы,1,0,0.0,0.0,0.0,новый,партнёр,True
2787,2026-06-22,Менеджер 3,Гомель,шкафы,1,0,0.0,0.0,0.0,повторный,звонок,True
2788,2026-06-22,Менеджер 5,Могилёв,офисные столы,1,1,728.68,201.04,0.039,повторный,партнёр,True
2789,2026-06-22,Менеджер 2,Гродно,офисные кресла,1,0,0.0,0.0,0.0,новый,реклама,True
2790,2026-06-22,Менеджер 1,Витебск,офисные кресла,1,1,817.2,296.54,0.012,новый,сайт,True
2791,2026-06-22,Менеджер 3,Могилёв,офисные кресла,1,0,0.0,0.0,0.0,новый,реклама,True
2792,2026-06-22,Менеджер 3,Витебск,шкафы,1,1,1404.72,420.12,0.101,новый,звонок,True
2793,2026-06-22,Менеджер 5,Гродно,шкафы,1,0,0.0,0.0,0.0,новый,сайт,True
2794,2026-06-22,Менеджер 5,Витебск,офисные кресла,1,0,0.0,0.0,0.0,повторный,партнёр,True
2795,2026-06-22,Менеджер 1,Брест,офисные столы,1,0,0.0,0.0,0.0,новый,сайт,True
2796,2026-06-22,Менеджер 2,Могилёв,шкафы,1,0,0.0,0.0,0.0,новый,партнёр,True
2797,2026-06-22,Менеджер 4,Могилёв,офисные столы,1,0,0.0,0.0,0.0,новый,звонок,True
2798,2026-06-22,Менеджер 1,Гродно,офисные столы,1,1,1069.07,329.93,0.056,повторный,звонок,True
2799,2026-06-22,Менеджер 4,Могилёв,офисные кресла,1,1,592.06,172.81,0.056,повторный,партнёр,True
2800,2026-06-22,Менеджер 1,Гродно,офисные столы,1,1,1162.05,310.7,0.086,новый,реклама,True
2801,2026-06-22,Менеджер 1,Брест,офисные кресла,1,0,0.0,0.0,0.0,повторный,сайт,True
2802,2026-06-22,Менеджер 3,Витебск,офисные столы,1,0,0.0,0.0,0.0,новый,партнёр,True
2803,2026-06-22,Менеджер 1,Гродно,офисные кресла,1,1,598.42,188.42,0.038,новый,партнёр,True
2804,2026-06-22,Менеджер 3,Брест,офисные кресла,1,0,0.0,0.0,0.0,новый,реклама,True
2805,2026-06-22,Менеджер 2,Витебск,шкафы,1,0,0.0,0.0,0.0,повторный,партнёр,True
2806,2026-06-22,Менеджер 5,Гродно,шкафы,1,0,0.0,0.0,0.0,новый,реклама,True
2807,2026-06-22,Менеджер 3,Витебск,офисные кресла,1,0,0.0,0.0,0.0,новый,сайт,True
2808,2026-06-22,Менеджер 4,Гродно,шкафы,1,1,1225.9,376.27,0.073,повторный,сайт,True
2809,2026-06-22,Менеджер 1,Гродно,офисные столы,1,0,0.0,0.0,0.0,повторный,партнёр,True
2810,2026-06-22,Менеджер 3,Могилёв,шкафы,1,0,0.0,0.0,0.0,новый,сайт,True
2811,2026-06-22,Менеджер 5,Могилёв,шкафы,1,0,0.0,0.0,0.0,повторный,реклама,True
2812,2026-06-22,Менеджер 1,Могилёв,офисные кресла,1,0,0.0,0.0,0.0,новый,партнёр,True
2813,2026-06-22,Менеджер 1,Гродно,офисные столы,1,0,0.0,0.0,0.0,новый,сайт,True
2814,2026-06-22,Менеджер 1,Брест,шкафы,1,1,1386.29,432.73,0.061,новый,реклама,True
2815,2026-06-22,Менеджер 2,Могилёв,офисные столы,1,0,0.0,0.0,0.0,новый,звонок,True
2816,2026-06-22,Менеджер 3,Витебск,офисные кресла,1,0,0.0,0.0,0.0,повторный,партнёр,True
2817,2026-06-22,Менеджер 5,Гомель,офисные кресла,1,1,771.13,274.74,0.106,новый,партнёр,True
2818,2026-06-22,Менеджер 3,Гродно,шкафы,1,1,1309.65,378.79,0.078,новый,партнёр,True
2819,2026-06-22,Менеджер 3,Гродно,офисные кресла,1,0,0.0,0.0,0.0,новый,сайт,True
2820,2026-06-22,Менеджер 4,Витебск,шкафы,1,1,1582.48,413.95,0.041,новый,звонок,True
2821,2026-06-22,Менеджер 5,Могилёв,офисные столы,1,0,0.0,0.0,0.0,новый,партнёр,True
2822,2026-06-22,Менеджер 5,Брест,шкафы,1,0,0.0,0.0,0.0,повторный,сайт,True
2823,2026-06-22,Менеджер 2,Витебск,шкафы,1,1,1464.88,432.12,0.075,повторный,партнёр,True
2824,2026-06-22,Менеджер 3,Гродно,офисные столы,1,1,1058.31,345.13,0.055,повторный,звонок,True
2825,2026-06-23,Менеджер 1,Гродно,шкафы,1,0,0.0,0.0,0.0,новый,сайт,True
2826,2026-06-23,Менеджер 3,Гродно,шкафы,1,0,0.0,0.0,0.0,новый,звонок,True
2827,2026-06-23,Менеджер 2,Гомель,офисные столы,1,1,1072.34,271.82,0.167,новый,партнёр,True
2828,2026-06-23,Менеджер 1,Гродно,офисные столы,1,1,1090.61,288.01,0.102,повторный,реклама,True
2829,2026-06-23,Менеджер 4,Витебск,офисные кресла,1,0,0.0,0.0,0.0,повторный,реклама,True
2830,2026-06-23,Менеджер 2,Брест,офисные кресла,1,0,0.0,0.0,0.0,новый,партнёр,True
2831,2026-06-23,Менеджер 4,Гомель,офисные столы,1,0,0.0,0.0,0.0,новый,звонок,True
2832,2026-06-23,Менеджер 3,Гомель,шкафы,1,1,1111.73,334.67,0.087,повторный,партнёр,True
2833,2026-06-23,Менеджер 5,Витебск,офисные кресла,1,1,600.61,197.48,0.108,новый,звонок,True
2834,2026-06-23,Менеджер 2,Гродно,офисные кресла,1,1,534.57,165.15,0.098,новый,реклама,True
2835,2026-06-23,Менеджер 4,Гомель,офисные столы,1,0,0.0,0.0,0.0,повторный,реклама,True
2836,2026-06-23,Менеджер 1,Брест,офисные столы,1,0,0.0,0.0,0.0,повторный,сайт,True
2837,2026-06-23,Менеджер 5,Витебск,офисные столы,1,0,0.0,0.0,0.0,новый,реклама,True
2838,2026-06-23,Менеджер 3,Гомель,офисные кресла,1,0,0.0,0.0,0.0,новый,партнёр,True
2839,2026-06-23,Менеджер 4,Могилёв,шкафы,1,1,880.26,271.98,0.054,новый,партнёр,True
2840,2026-06-23,Менеджер 5,Гомель,офисные кресла,1,0,0.0,0.0,0.0,новый,реклама,True
2841,2026-06-23,Менеджер 1,Гомель,офисные столы,1,0,0.0,0.0,0.0,новый,звонок,True
2842,2026-06-23,Менеджер 3,Витебск,шкафы,1,0,0.0,0.0,0.0,новый,сайт,True
2843,2026-06-23,Менеджер 3,Могилёв,офисные кресла,1,1,635.01,201.61,0.044,новый,партнёр,True
2844,2026-06-23,Менеджер 1,Витебск,офисные кресла,1,0,0.0,0.0,0.0,повторный,реклама,True
2845,2026-06-23,Менеджер 4,Брест,офисные кресла,1,0,0.0,0.0,0.0,новый,партнёр,True
2846,2026-06-23,Менеджер 2,Могилёв,шкафы,1,1,959.6,257.02,0.065,новый,партнёр,True
2847,2026-06-23,Менеджер 3,Могилёв,офисные кресла,1,0,0.0,0.0,0.0,новый,звонок,True
2848,2026-06-23,Менеджер 5,Гродно,офисные столы,1,0,0.0,0.0,0.0,новый,реклама,True
2849,2026-06-23,Менеджер 4,Гомель,шкафы,1,0,0.0,0.0,0.0,новый,партнёр,True
2850,2026-06-23,Менеджер 1,Могилёв,шкафы,1,0,0.0,0.0,0.0,новый,партнёр,True
2851,2026-06-23,Менеджер 5,Брест,офисные столы,1,0,0.0,0.0,0.0,новый,сайт,True
2852,2026-06-23,Менеджер 3,Брест,офисные столы,1,0,0.0,0.0,0.0,новый,партнёр,True
2853,2026-06-23,Менеджер 4,Витебск,офисные кресла,1,0,0.0,0.0,0.0,новый,сайт,True
2854,2026-06-23,Менеджер 1,Витебск,шкафы,1,0,0.0,0.0,0.0,новый,партнёр,True
2855,2026-06-23,Менеджер 5,Гомель,офисные кресла,1,1,491.49,175.8,0.074,новый,сайт,True
2856,2026-06-23,Менеджер 3,Витебск,шкафы,1,1,1181.35,275.69,0.06,новый,звонок,True
2857,2026-06-23,Менеджер 5,Витебск,офисные столы,1,0,0.0,0.0,0.0,новый,реклама,True
2858,2026-06-23,Менеджер 1,Гродно,офисные кресла,1,1,506.92,142.13,0.121,повторный,звонок,True
2859,2026-06-23,Менеджер 3,Витебск,шкафы,1,1,1537.46,449.0,0.069,повторный,партнёр,True
2860,2026-06-23,Менеджер 3,Брест,шкафы,1,0,0.0,0.0,0.0,новый,звонок,True
2861,2026-06-23,Менеджер 1,Гомель,шкафы,1,0,0.0,0.0,0.0,новый,реклама,True
2862,2026-06-23,Менеджер 3,Витебск,шкафы,1,1,1093.81,318.22,0.097,повторный,сайт,True
2863,2026-06-23,Менеджер 3,Брест,офисные кресла,1,0,0.0,0.0,0.0,повторный,партнёр,True
2864,2026-06-23,Менеджер 3,Брест,офисные кресла,1,0,0.0,0.0,0.0,новый,звонок,True
2865,2026-06-23,Менеджер 5,Могилёв,шкафы,1,0,0.0,0.0,0.0,новый,реклама,True
2866,2026-06-23,Менеджер 5,Витебск,шкафы,1,0,0.0,0.0,0.0,новый,сайт,True
2867,2026-06-23,Менеджер 4,Могилёв,офисные столы,1,0,0.0,0.0,0.0,новый,партнёр,True
2868,2026-06-23,Менеджер 5,Гродно,офисные кресла,1,0,0.0,0.0,0.0,новый,сайт,True
2869,2026-06-23,Менеджер 3,Витебск,шкафы,1,1,1547.94,464.97,0.072,повторный,реклама,True
2870,2026-06-23,Менеджер 3,Гомель,офисные столы,1,0,0.0,0.0,0.0,новый,звонок,True
2871,2026-06-23,Менеджер 2,Гомель,шкафы,1,1,1310.92,390.43,0.079,повторный,звонок,True
2872,2026-06-23,Менеджер 1,Брест,офисные столы,1,0,0.0,0.0,0.0,новый,сайт,True
2873,2026-06-24,Менеджер 4,Гродно,шкафы,1,1,1065.43,306.03,0.121,новый,партнёр,True
2874,2026-06-24,Менеджер 2,Брест,шкафы,1,1,1076.03,301.55,0.097,новый,сайт,True
2875,2026-06-24,Менеджер 4,Гродно,офисные столы,1,0,0.0,0.0,0.0,новый,партнёр,True
2876,2026-06-24,Менеджер 2,Могилёв,офисные столы,1,0,0.0,0.0,0.0,новый,партнёр,True
2877,2026-06-24,Менеджер 5,Брест,шкафы,1,0,0.0,0.0,0.0,новый,сайт,True
2878,2026-06-24,Менеджер 4,Брест,шкафы,1,1,940.85,272.53,0.127,новый,звонок,True
2879,2026-06-24,Менеджер 3,Гомель,офисные столы,1,1,1034.99,256.73,0.117,повторный,реклама,True
2880,2026-06-24,Менеджер 4,Гомель,офисные столы,1,1,946.31,313.52,0.064,новый,партнёр,True
2881,2026-06-24,Менеджер 2,Гомель,офисные столы,1,0,0.0,0.0,0.0,новый,звонок,True
2882,2026-06-24,Менеджер 2,Брест,офисные кресла,1,0,0.0,0.0,0.0,новый,реклама,True
2883,2026-06-24,Менеджер 1,Витебск,шкафы,1,0,0.0,0.0,0.0,новый,сайт,True
2884,2026-06-24,Менеджер 2,Гродно,офисные кресла,1,0,0.0,0.0,0.0,новый,звонок,True
2885,2026-06-24,Менеджер 3,Витебск,офисные кресла,1,0,0.0,0.0,0.0,повторный,партнёр,True
2886,2026-06-24,Менеджер 3,Гомель,офисные столы,1,1,688.74,190.66,0.068,новый,сайт,True
2887,2026-06-24,Менеджер 5,Могилёв,офисные столы,1,0,0.0,0.0,0.0,новый,партнёр,True
2888,2026-06-24,Менеджер 5,Могилёв,шкафы,1,1,1321.66,399.57,0.064,новый,партнёр,True
2889,2026-06-24,Менеджер 4,Гродно,офисные столы,1,0,0.0,0.0,0.0,новый,реклама,True
2890,2026-06-24,Менеджер 2,Гродно,офисные столы,1,1,995.97,288.24,0.089,новый,сайт,True
2891,2026-06-24,Менеджер 2,Могилёв,шкафы,1,0,0.0,0.0,0.0,новый,звонок,True
2892,2026-06-24,Менеджер 5,Витебск,офисные кресла,1,0,0.0,0.0,0.0,повторный,реклама,True
2893,2026-06-24,Менеджер 1,Витебск,офисные столы,1,0,0.0,0.0,0.0,новый,реклама,True
2894,2026-06-24,Менеджер 2,Гродно,шкафы,1,1,1030.66,261.72,0.007,новый,сайт,True
2895,2026-06-24,Менеджер 2,Могилёв,офисные кресла,1,1,479.63,152.61,0.062,новый,реклама,True
2896,2026-06-24,Менеджер 5,Витебск,офисные кресла,1,0,0.0,0.0,0.0,повторный,сайт,True
2897,2026-06-24,Менеджер 2,Витебск,офисные кресла,1,0,0.0,0.0,0.0,повторный,реклама,True
2898,2026-06-24,Менеджер 2,Могилёв,шкафы,1,1,1155.04,336.61,0.062,новый,сайт,True
2899,2026-06-24,Менеджер 3,Гродно,офисные кресла,1,1,519.41,144.51,0.158,повторный,партнёр,True
2900,2026-06-24,Менеджер 2,Витебск,шкафы,1,1,1283.6,328.26,0.145,повторный,сайт,True
2901,2026-06-24,Менеджер 4,Гродно,офисные кресла,1,0,0.0,0.0,0.0,новый,звонок,True
2902,2026-06-24,Менеджер 3,Гродно,офисные кресла,1,1,709.03,224.64,0.043,новый,сайт,True
2903,2026-06-24,Менеджер 5,Брест,шкафы,1,1,1029.97,303.76,0.112,новый,звонок,True
2904,2026-06-24,Менеджер 3,Витебск,офисные кресла,1,1,525.05,187.98,0.149,новый,партнёр,True
2905,2026-06-24,Менеджер 1,Могилёв,офисные кресла,1,1,831.08,268.3,0.071,новый,реклама,True
2906,2026-06-24,Менеджер 2,Гомель,шкафы,1,0,0.0,0.0,0.0,новый,звонок,True
2907,2026-06-24,Менеджер 5,Витебск,офисные столы,1,0,0.0,0.0,0.0,повторный,звонок,True
2908,2026-06-24,Менеджер 1,Гродно,офисные кресла,1,0,0.0,0.0,0.0,новый,реклама,True
2909,2026-06-24,Менеджер 5,Брест,офисные столы,1,0,0.0,0.0,0.0,повторный,звонок,True
2910,2026-06-24,Менеджер 5,Могилёв,офисные кресла,1,0,0.0,0.0,0.0,новый,звонок,True
2911,2026-06-24,Менеджер 3,Гродно,офисные кресла,1,1,661.35,195.73,0.121,повторный,сайт,True
2912,2026-06-24,Менеджер 1,Брест,офисные кресла,1,1,604.11,176.89,0.106,новый,звонок,True
2913,2026-06-24,Менеджер 2,Гомель,шкафы,1,1,1005.13,319.09,0.0,повторный,реклама,True
2914,2026-06-24,Менеджер 1,Гродно,офисные столы,1,1,1058.49,287.62,0.114,новый,партнёр,True
2915,2026-06-24,Менеджер 5,Гродно,офисные столы,1,1,849.22,274.04,0.086,повторный,сайт,True
2916,2026-06-24,Менеджер 1,Витебск,офисные кресла,1,0,0.0,0.0,0.0,новый,реклама,True
2917,2026-06-24,Менеджер 3,Могилёв,офисные кресла,1,0,0.0,0.0,0.0,новый,партнёр,True
2918,2026-06-24,Менеджер 3,Брест,шкафы,1,0,0.0,0.0,0.0,новый,звонок,True
2919,2026-06-24,Менеджер 1,Брест,офисные кресла,1,0,0.0,0.0,0.0,новый,сайт,True
2920,2026-06-24,Менеджер 3,Гродно,офисные кресла,1,1,494.38,182.67,0.062,новый,партнёр,True
2921,2026-06-24,Менеджер 1,Витебск,офисные кресла,1,0,0.0,0.0,0.0,новый,сайт,True
2922,2026-06-25,Менеджер 2,Брест,шкафы,1,1,978.44,264.92,0.144,новый,сайт,True
2923,2026-06-25,Менеджер 1,Гомель,шкафы,1,0,0.0,0.0,0.0,новый,сайт,True
2924,2026-06-25,Менеджер 5,Брест,офисные столы,1,0,0.0,0.0,0.0,новый,реклама,True
2925,2026-06-25,Менеджер 3,Могилёв,шкафы,1,0,0.0,0.0,0.0,новый,сайт,True
2926,2026-06-25,Менеджер 1,Гомель,офисные кресла,1,0,0.0,0.0,0.0,новый,звонок,True
2927,2026-06-25,Менеджер 3,Витебск,офисные столы,1,0,0.0,0.0,0.0,новый,звонок,True
2928,2026-06-25,Менеджер 4,Гродно,шкафы,1,0,0.0,0.0,0.0,повторный,сайт,True
2929,2026-06-25,Менеджер 1,Брест,шкафы,1,1,883.82,244.98,0.089,повторный,партнёр,True
2930,2026-06-25,Менеджер 2,Гомель,офисные столы,1,0,0.0,0.0,0.0,новый,реклама,True
2931,2026-06-25,Менеджер 4,Гродно,шкафы,1,1,1291.19,363.86,0.113,новый,партнёр,True
2932,2026-06-25,Менеджер 5,Могилёв,офисные кресла,1,0,0.0,0.0,0.0,повторный,партнёр,True
2933,2026-06-25,Менеджер 3,Гродно,шкафы,1,0,0.0,0.0,0.0,повторный,реклама,True
2934,2026-06-25,Менеджер 2,Гродно,шкафы,1,0,0.0,0.0,0.0,новый,реклама,True
2935,2026-06-25,Менеджер 1,Витебск,офисные кресла,1,1,687.81,196.06,0.119,новый,партнёр,True
2936,2026-06-25,Менеджер 1,Гродно,шкафы,1,1,1212.23,345.96,0.057,новый,реклама,True
2937,2026-06-25,Менеджер 1,Гродно,офисные столы,1,0,0.0,0.0,0.0,новый,партнёр,True
2938,2026-06-25,Менеджер 3,Брест,офисные столы,1,0,0.0,0.0,0.0,новый,сайт,True
2939,2026-06-25,Менеджер 3,Гродно,офисные кресла,1,0,0.0,0.0,0.0,новый,звонок,True
2940,2026-06-25,Менеджер 5,Могилёв,офисные столы,1,0,0.0,0.0,0.0,новый,реклама,True
2941,2026-06-25,Менеджер 4,Гомель,офисные кресла,1,0,0.0,0.0,0.0,повторный,сайт,True
2942,2026-06-25,Менеджер 4,Витебск,офисные кресла,1,0,0.0,0.0,0.0,новый,звонок,True
2943,2026-06-25,Менеджер 5,Витебск,офисные кресла,1,0,0.0,0.0,0.0,повторный,партнёр,True
2944,2026-06-25,Менеджер 5,Брест,офисные кресла,1,0,0.0,0.0,0.0,повторный,сайт,True
2945,2026-06-25,Менеджер 5,Витебск,офисные столы,1,0,0.0,0.0,0.0,повторный,звонок,True
2946,2026-06-25,Менеджер 2,Брест,офисные кресла,1,1,670.03,198.98,0.076,новый,партнёр,True
2947,2026-06-25,Менеджер 5,Гомель,офисные кресла,1,0,0.0,0.0,0.0,повторный,сайт,True
2948,2026-06-25,Менеджер 1,Гомель,офисные кресла,1,1,834.18,240.84,0.076,новый,партнёр,True
2949,2026-06-25,Менеджер 3,Витебск,шкафы,1,0,0.0,0.0,0.0,новый,звонок,True
2950,2026-06-25,Менеджер 5,Могилёв,шкафы,1,0,0.0,0.0,0.0,повторный,партнёр,True
2951,2026-06-25,Менеджер 2,Могилёв,офисные кресла,1,0,0.0,0.0,0.0,новый,сайт,True
2952,2026-06-25,Менеджер 1,Витебск,шкафы,1,0,0.0,0.0,0.0,повторный,звонок,True
2953,2026-06-25,Менеджер 5,Могилёв,офисные кресла,1,0,0.0,0.0,0.0,новый,сайт,True
2954,2026-06-25,Менеджер 1,Гомель,шкафы,1,0,0.0,0.0,0.0,новый,партнёр,True
2955,2026-06-25,Менеджер 3,Брест,офисные столы,1,0,0.0,0.0,0.0,новый,звонок,True
2956,2026-06-25,Менеджер 3,Могилёв,офисные столы,1,0,0.0,0.0,0.0,новый,звонок,True
2957,2026-06-25,Менеджер 4,Гродно,офисные кресла,1,0,0.0,0.0,0.0,новый,звонок,True
2958,2026-06-25,Менеджер 1,Гомель,шкафы,1,0,0.0,0.0,0.0,новый,звонок,True
2959,2026-06-25,Менеджер 3,Могилёв,шкафы,1,0,0.0,0.0,0.0,новый,сайт,True
2960,2026-06-25,Менеджер 3,Гродно,офисные кресла,1,1,666.98,243.87,0.023,повторный,звонок,True
2961,2026-06-25,Менеджер 5,Гродно,шкафы,1,0,0.0,0.0,0.0,новый,сайт,True
2962,2026-06-25,Менеджер 5,Гродно,шкафы,1,0,0.0,0.0,0.0,повторный,сайт,True
2963,2026-06-25,Менеджер 1,Гомель,офисные кресла,1,0,0.0,0.0,0.0,новый,звонок,True
2964,2026-06-25,Менеджер 4,Гомель,офисные столы,1,1,1032.3,280.13,0.109,новый,сайт,True
2965,2026-06-25,Менеджер 4,Гродно,офисные столы,1,0,0.0,0.0,0.0,повторный,сайт,True
2966,2026-06-26,Менеджер 4,Брест,шкафы,1,0,0.0,0.0,0.0,новый,партнёр,True
2967,2026-06-26,Менеджер 5,Гомель,шкафы,1,1,1105.72,285.78,0.055,новый,партнёр,True
2968,2026-06-26,Менеджер 1,Брест,офисные столы,1,1,889.67,300.71,0.03,повторный,реклама,True
2969,2026-06-26,Менеджер 5,Гродно,офисные кресла,1,0,0.0,0.0,0.0,повторный,сайт,True
2970,2026-06-26,Менеджер 5,Гродно,офисные кресла,1,1,813.67,246.99,0.073,повторный,сайт,True
2971,2026-06-26,Менеджер 5,Витебск,шкафы,1,0,0.0,0.0,0.0,повторный,партнёр,True
2972,2026-06-26,Менеджер 2,Витебск,шкафы,1,0,0.0,0.0,0.0,новый,звонок,True
2973,2026-06-26,Менеджер 4,Брест,шкафы,1,0,0.0,0.0,0.0,повторный,сайт,True
2974,2026-06-26,Менеджер 1,Витебск,офисные столы,1,0,0.0,0.0,0.0,повторный,сайт,True
2975,2026-06-26,Менеджер 4,Брест,офисные столы,1,1,869.92,286.22,0.08,новый,сайт,True
2976,2026-06-26,Менеджер 5,Могилёв,офисные столы,1,1,739.43,188.17,0.133,повторный,партнёр,True
2977,2026-06-26,Менеджер 2,Витебск,офисные столы,1,0,0.0,0.0,0.0,новый,партнёр,True
2978,2026-06-26,Менеджер 3,Могилёв,офисные столы,1,0,0.0,0.0,0.0,новый,сайт,True
2979,2026-06-26,Менеджер 1,Брест,офисные кресла,1,1,701.23,211.57,0.102,повторный,партнёр,True
2980,2026-06-26,Менеджер 4,Могилёв,офисные кресла,1,1,776.95,267.31,0.022,новый,сайт,True
2981,2026-06-26,Менеджер 4,Гомель,офисные столы,1,0,0.0,0.0,0.0,новый,сайт,True
2982,2026-06-26,Менеджер 1,Гродно,офисные столы,1,0,0.0,0.0,0.0,новый,партнёр,True
2983,2026-06-26,Менеджер 2,Витебск,офисные кресла,1,0,0.0,0.0,0.0,новый,партнёр,True
2984,2026-06-26,Менеджер 2,Гомель,офисные кресла,1,0,0.0,0.0,0.0,новый,реклама,True
2985,2026-06-26,Менеджер 4,Могилёв,шкафы,1,0,0.0,0.0,0.0,повторный,сайт,True
2986,2026-06-26,Менеджер 2,Витебск,офисные столы,1,0,0.0,0.0,0.0,новый,партнёр,True
2987,2026-06-26,Менеджер 4,Гродно,шкафы,1,1,1461.63,415.79,0.162,новый,звонок,True
2988,2026-06-26,Менеджер 5,Гомель,шкафы,1,0,0.0,0.0,0.0,новый,партнёр,True
2989,2026-06-26,Менеджер 4,Витебск,шкафы,1,0,0.0,0.0,0.0,новый,партнёр,True
2990,2026-06-26,Менеджер 4,Брест,офисные столы,1,0,0.0,0.0,0.0,повторный,реклама,True
2991,2026-06-26,Менеджер 5,Витебск,шкафы,1,0,0.0,0.0,0.0,новый,звонок,True
2992,2026-06-26,Менеджер 1,Брест,офисные столы,1,1,957.29,270.72,0.118,новый,звонок,True
2993,2026-06-26,Менеджер 1,Брест,офисные столы,1,0,0.0,0.0,0.0,повторный,реклама,True
2994,2026-06-26,Менеджер 2,Брест,офисные столы,1,0,0.0,0.0,0.0,новый,партнёр,True
2995,2026-06-26,Менеджер 4,Могилёв,офисные кресла,1,0,0.0,0.0,0.0,новый,реклама,True
2996,2026-06-26,Менеджер 2,Гомель,офисные кресла,1,0,0.0,0.0,0.0,новый,звонок,True
2997,2026-06-26,Менеджер 5,Могилёв,офисные кресла,1,0,0.0,0.0,0.0,новый,партнёр,True
2998,2026-06-26,Менеджер 1,Гродно,офисные кресла,1,0,0.0,0.0,0.0,новый,звонок,True
2999,2026-06-26,Менеджер 1,Могилёв,офисные столы,1,0,0.0,0.0,0.0,новый,сайт,True
3000,2026-06-26,Менеджер 3,Гродно,офисные столы,1,0,0.0,0.0,0.0,новый,звонок,True
3001,2026-06-26,Менеджер 5,Гродно,офисные столы,1,0,0.0,0.0,0.0,повторный,реклама,True
3002,2026-06-26,Менеджер 3,Могилёв,шкафы,1,1,1439.05,441.51,0.043,новый,реклама,True
3003,2026-06-26,Менеджер 4,Могилёв,шкафы,1,0,0.0,0.0,0.0,повторный,звонок,True
3004,2026-06-26,Менеджер 1,Брест,шкафы,1,0,0.0,0.0,0.0,повторный,сайт,True
3005,2026-06-26,Менеджер 5,Гродно,шкафы,1,1,918.7,224.55,0.125,новый,сайт,True
3006,2026-06-26,Менеджер 5,Могилёв,офисные столы,1,0,0.0,0.0,0.0,повторный,звонок,True
3007,2026-06-26,Менеджер 4,Витебск,офисные кресла,1,1,503.4,173.09,0.05,повторный,сайт,True
3008,2026-06-26,Менеджер 3,Могилёв,шкафы,1,1,901.21,272.34,0.101,повторный,реклама,True
3009,2026-06-26,Менеджер 1,Гродно,офисные кресла,1,0,0.0,0.0,0.0,новый,партнёр,True
3010,2026-06-26,Менеджер 5,Витебск,офисные столы,1,0,0.0,0.0,0.0,новый,сайт,True
3011,2026-06-26,Менеджер 5,Брест,офисные кресла,1,0,0.0,0.0,0.0,новый,реклама,True
3012,2026-06-27,Менеджер 2,Гомель,офисные столы,1,0,0.0,0.0,0.0,новый,партнёр,True
3013,2026-06-27,Менеджер 4,Гомель,офисные кресла,1,0,0.0,0.0,0.0,новый,реклама,True
3014,2026-06-27,Менеджер 4,Гродно,офисные столы,1,0,0.0,0.0,0.0,повторный,партнёр,True
3015,2026-06-27,Менеджер 3,Брест,офисные столы,1,0,0.0,0.0,0.0,повторный,партнёр,True
3016,2026-06-27,Менеджер 1,Гомель,офисные столы,1,1,928.72,243.29,0.029,повторный,сайт,True
3017,2026-06-27,Менеджер 3,Гродно,шкафы,1,1,1092.66,298.34,0.087,новый,партнёр,True
3018,2026-06-27,Менеджер 2,Витебск,шкафы,1,0,0.0,0.0,0.0,новый,партнёр,True
3019,2026-06-27,Менеджер 4,Могилёв,офисные кресла,1,0,0.0,0.0,0.0,новый,партнёр,True
3020,2026-06-27,Менеджер 5,Брест,офисные кресла,1,1,772.73,287.73,0.106,повторный,сайт,True
3021,2026-06-27,Менеджер 1,Гомель,офисные столы,1,1,1128.9,344.79,0.088,новый,звонок,True
3022,2026-06-27,Менеджер 5,Гомель,шкафы,1,0,0.0,0.0,0.0,новый,звонок,True
3023,2026-06-27,Менеджер 1,Могилёв,офисные столы,1,1,872.77,248.32,0.075,новый,реклама,True
3024,2026-06-27,Менеджер 5,Могилёв,офисные кресла,1,1,615.15,193.21,0.129,повторный,реклама,True
3025,2026-06-27,Менеджер 4,Витебск,офисные столы,1,0,0.0,0.0,0.0,повторный,партнёр,True
3026,2026-06-27,Менеджер 5,Гомель,офисные кресла,1,0,0.0,0.0,0.0,повторный,сайт,True
3027,2026-06-27,Менеджер 4,Могилёв,офисные кресла,1,1,701.94,244.73,0.037,новый,сайт,True
3028,2026-06-27,Менеджер 1,Витебск,офисные кресла,1,0,0.0,0.0,0.0,новый,звонок,True
3029,2026-06-27,Менеджер 5,Витебск,офисные столы,1,0,0.0,0.0,0.0,новый,звонок,True
3030,2026-06-27,Менеджер 1,Могилёв,офисные столы,1,0,0.0,0.0,0.0,новый,сайт,True
3031,2026-06-27,Менеджер 5,Гродно,шкафы,1,0,0.0,0.0,0.0,новый,реклама,True
3032,2026-06-27,Менеджер 2,Могилёв,шкафы,1,0,0.0,0.0,0.0,новый,сайт,True
3033,2026-06-27,Менеджер 2,Могилёв,офисные столы,1,0,0.0,0.0,0.0,новый,звонок,True
3034,2026-06-27,Менеджер 2,Могилёв,офисные кресла,1,0,0.0,0.0,0.0,новый,партнёр,True
3035,2026-06-27,Менеджер 2,Витебск,офисные кресла,1,0,0.0,0.0,0.0,новый,реклама,True
3036,2026-06-27,Менеджер 5,Витебск,офисные кресла,1,0,0.0,0.0,0.0,повторный,реклама,True
3037,2026-06-27,Менеджер 2,Брест,шкафы,1,0,0.0,0.0,0.0,повторный,сайт,True
3038,2026-06-27,Менеджер 3,Витебск,офисные кресла,1,0,0.0,0.0,0.0,новый,звонок,True
3039,2026-06-27,Менеджер 4,Гродно,офисные столы,1,0,0.0,0.0,0.0,повторный,партнёр,True
3040,2026-06-27,Менеджер 1,Брест,офисные кресла,1,1,552.88,200.02,0.081,повторный,звонок,True
3041,2026-06-27,Менеджер 1,Витебск,шкафы,1,0,0.0,0.0,0.0,повторный,сайт,True
3042,2026-06-27,Менеджер 2,Могилёв,шкафы,1,0,0.0,0.0,0.0,новый,звонок,True
3043,2026-06-27,Менеджер 4,Гомель,шкафы,1,0,0.0,0.0,0.0,повторный,сайт,True
3044,2026-06-27,Менеджер 5,Гродно,офисные столы,1,0,0.0,0.0,0.0,повторный,сайт,True
3045,2026-06-27,Менеджер 4,Гродно,шкафы,1,1,1403.77,347.69,0.081,повторный,реклама,True
3046,2026-06-27,Менеджер 3,Брест,шкафы,1,0,0.0,0.0,0.0,повторный,звонок,True
3047,2026-06-27,Менеджер 3,Брест,офисные кресла,1,0,0.0,0.0,0.0,новый,звонок,True
3048,2026-06-27,Менеджер 3,Гродно,офисные кресла,1,0,0.0,0.0,0.0,повторный,сайт,True
3049,2026-06-27,Менеджер 5,Гомель,офисные кресла,1,1,742.81,240.97,0.075,повторный,реклама,True
3050,2026-06-27,Менеджер 2,Брест,офисные кресла,1,1,525.88,162.67,0.096,повторный,партнёр,True
3051,2026-06-27,Менеджер 1,Могилёв,офисные столы,1,0,0.0,0.0,0.0,новый,сайт,True
3052,2026-06-27,Менеджер 5,Брест,офисные кресла,1,0,0.0,0.0,0.0,новый,реклама,True
3053,2026-06-27,Менеджер 3,Гродно,офисные кресла,1,0,0.0,0.0,0.0,повторный,реклама,True
3054,2026-06-27,Менеджер 2,Могилёв,офисные кресла,1,0,0.0,0.0,0.0,новый,звонок,True
3055,2026-06-27,Менеджер 2,Брест,офисные столы,1,0,0.0,0.0,0.0,повторный,сайт,True
3056,2026-06-27,Менеджер 5,Гомель,офисные кресла,1,0,0.0,0.0,0.0,новый,партнёр,True
3057,2026-06-27,Менеджер 1,Брест,офисные столы,1,0,0.0,0.0,0.0,новый,партнёр,True
3058,2026-06-27,Менеджер 4,Гомель,шкафы,1,1,1075.18,250.1,0.1,новый,сайт,True
3059,2026-06-27,Менеджер 3,Могилёв,офисные кресла,1,0,0.0,0.0,0.0,новый,звонок,True
3060,2026-06-28,Менеджер 1,Брест,офисные кресла,1,0,0.0,0.0,0.0,новый,реклама,True
3061,2026-06-28,Менеджер 2,Могилёв,офисные столы,1,0,0.0,0.0,0.0,новый,звонок,True
3062,2026-06-28,Менеджер 4,Витебск,шкафы,1,0,0.0,0.0,0.0,новый,партнёр,True
3063,2026-06-28,Менеджер 1,Могилёв,офисные столы,1,0,0.0,0.0,0.0,новый,сайт,True
3064,2026-06-28,Менеджер 1,Гродно,офисные кресла,1,0,0.0,0.0,0.0,новый,партнёр,True
3065,2026-06-28,Менеджер 4,Гомель,офисные кресла,1,1,478.99,141.09,0.066,новый,сайт,True
3066,2026-06-28,Менеджер 1,Гомель,офисные кресла,1,1,624.42,195.78,0.095,новый,реклама,True
3067,2026-06-28,Менеджер 1,Гродно,офисные кресла,1,0,0.0,0.0,0.0,новый,партнёр,True
3068,2026-06-28,Менеджер 4,Гродно,офисные кресла,1,1,623.65,188.02,0.07,новый,реклама,True
3069,2026-06-28,Менеджер 2,Гомель,офисные кресла,1,1,720.94,210.6,0.072,повторный,сайт,True
3070,2026-06-28,Менеджер 3,Гродно,офисные кресла,1,0,0.0,0.0,0.0,новый,звонок,True
3071,2026-06-28,Менеджер 2,Брест,офисные кресла,1,0,0.0,0.0,0.0,новый,реклама,True
3072,2026-06-28,Менеджер 4,Гродно,офисные кресла,1,0,0.0,0.0,0.0,новый,звонок,True
3073,2026-06-28,Менеджер 4,Гродно,шкафы,1,0,0.0,0.0,0.0,повторный,партнёр,True
3074,2026-06-28,Менеджер 1,Брест,шкафы,1,1,1127.38,300.3,0.068,новый,звонок,True
3075,2026-06-28,Менеджер 5,Гомель,офисные столы,1,1,905.62,271.09,0.039,новый,партнёр,True
3076,2026-06-28,Менеджер 3,Витебск,шкафы,1,0,0.0,0.0,0.0,новый,партнёр,True
3077,2026-06-28,Менеджер 2,Витебск,шкафы,1,0,0.0,0.0,0.0,новый,реклама,True
3078,2026-06-28,Менеджер 4,Гомель,офисные кресла,1,0,0.0,0.0,0.0,повторный,партнёр,True
3079,2026-06-28,Менеджер 5,Брест,шкафы,1,0,0.0,0.0,0.0,новый,партнёр,True
3080,2026-06-28,Менеджер 2,Брест,шкафы,1,1,1106.96,317.23,0.069,новый,партнёр,True
3081,2026-06-28,Менеджер 2,Гомель,офисные столы,1,0,0.0,0.0,0.0,новый,звонок,True
3082,2026-06-28,Менеджер 3,Витебск,шкафы,1,1,1152.16,278.26,0.089,повторный,реклама,True
3083,2026-06-28,Менеджер 3,Брест,офисные столы,1,0,0.0,0.0,0.0,новый,реклама,True
3084,2026-06-28,Менеджер 4,Витебск,офисные столы,1,1,925.47,275.79,0.061,новый,партнёр,True
3085,2026-06-28,Менеджер 1,Витебск,шкафы,1,0,0.0,0.0,0.0,новый,партнёр,True
3086,2026-06-28,Менеджер 5,Гомель,офисные столы,1,0,0.0,0.0,0.0,новый,партнёр,True
3087,2026-06-28,Менеджер 5,Гродно,шкафы,1,0,0.0,0.0,0.0,повторный,сайт,True
3088,2026-06-28,Менеджер 1,Брест,шкафы,1,0,0.0,0.0,0.0,повторный,реклама,True
3089,2026-06-28,Менеджер 3,Гродно,офисные столы,1,1,1034.79,260.15,0.047,повторный,звонок,True
3090,2026-06-28,Менеджер 4,Гродно,офисные столы,1,1,1071.95,304.31,0.124,новый,звонок,True
3091,2026-06-28,Менеджер 1,Гомель,офисные столы,1,0,0.0,0.0,0.0,повторный,звонок,True
3092,2026-06-28,Менеджер 2,Витебск,шкафы,1,1,1413.73,390.92,0.062,новый,звонок,True
3093,2026-06-28,Менеджер 1,Гродно,шкафы,1,1,884.49,263.37,0.071,повторный,реклама,True
3094,2026-06-28,Менеджер 4,Брест,офисные столы,1,0,0.0,0.0,0.0,новый,сайт,True
3095,2026-06-28,Менеджер 4,Гродно,шкафы,1,0,0.0,0.0,0.0,новый,реклама,True
3096,2026-06-28,Менеджер 2,Витебск,шкафы,1,1,1267.02,316.59,0.116,новый,звонок,True
3097,2026-06-28,Менеджер 5,Могилёв,офисные столы,1,1,736.96,204.84,0.059,новый,партнёр,True
3098,2026-06-28,Менеджер 4,Могилёв,офисные столы,1,0,0.0,0.0,0.0,новый,сайт,True
3099,2026-06-28,Менеджер 3,Витебск,офисные кресла,1,0,0.0,0.0,0.0,новый,партнёр,True
3100,2026-06-28,Менеджер 4,Гродно,офисные кресла,1,0,0.0,0.0,0.0,новый,звонок,True
3101,2026-06-28,Менеджер 5,Витебск,офисные столы,1,1,1083.83,340.07,0.059,повторный,сайт,True
3102,2026-06-28,Менеджер 5,Брест,офисные столы,1,1,1102.88,280.18,0.096,новый,реклама,True
3103,2026-06-28,Менеджер 1,Гомель,офисные кресла,1,0,0.0,0.0,0.0,повторный,партнёр,True
3104,2026-06-28,Менеджер 1,Гомель,офисные столы,1,0,0.0,0.0,0.0,новый,сайт,True
3105,2026-06-28,Менеджер 1,Витебск,офисные кресла,1,0,0.0,0.0,0.0,новый,реклама,True
3106,2026-06-28,Менеджер 4,Гомель,офисные кресла,1,0,0.0,0.0,0.0,новый,реклама,True
3107,2026-06-28,Менеджер 1,Гродно,офисные столы,1,1,1046.84,347.93,0.072,повторный,звонок,True
3108,2026-06-28,Менеджер 3,Витебск,офисные кресла,1,1,787.7,238.91,0.053,новый,реклама,True
3109,2026-06-28,Менеджер 4,Витебск,офисные столы,1,1,929.52,284.94,0.106,новый,партнёр,True
3110,2026-06-29,Менеджер 2,Гродно,офисные столы,1,1,1136.6,354.94,0.083,новый,звонок,True
3111,2026-06-29,Менеджер 3,Витебск,офисные столы,1,1,878.09,224.69,0.15,повторный,реклама,True
3112,2026-06-29,Менеджер 3,Витебск,офисные столы,1,1,1158.43,350.32,0.07,повторный,партнёр,True
3113,2026-06-29,Менеджер 1,Гродно,шкафы,1,0,0.0,0.0,0.0,новый,звонок,True
3114,2026-06-29,Менеджер 4,Гродно,офисные кресла,1,0,0.0,0.0,0.0,повторный,звонок,True
3115,2026-06-29,Менеджер 1,Брест,офисные столы,1,0,0.0,0.0,0.0,новый,реклама,True
3116,2026-06-29,Менеджер 4,Гомель,офисные столы,1,1,1020.2,343.01,0.06,новый,реклама,True
3117,2026-06-29,Менеджер 5,Витебск,офисные столы,1,0,0.0,0.0,0.0,новый,сайт,True
3118,2026-06-29,Менеджер 2,Гомель,шкафы,1,0,0.0,0.0,0.0,повторный,реклама,True
3119,2026-06-29,Менеджер 3,Могилёв,шкафы,1,1,846.11,201.12,0.144,повторный,реклама,True
3120,2026-06-29,Менеджер 2,Гомель,офисные кресла,1,0,0.0,0.0,0.0,повторный,сайт,True
3121,2026-06-29,Менеджер 2,Витебск,шкафы,1,0,0.0,0.0,0.0,новый,сайт,True
3122,2026-06-29,Менеджер 2,Брест,офисные столы,1,1,1011.0,256.14,0.098,повторный,сайт,True
3123,2026-06-29,Менеджер 4,Гродно,офисные кресла,1,0,0.0,0.0,0.0,повторный,реклама,True
3124,2026-06-29,Менеджер 5,Брест,офисные кресла,1,0,0.0,0.0,0.0,новый,сайт,True
3125,2026-06-29,Менеджер 4,Гродно,офисные кресла,1,1,618.6,174.24,0.1,повторный,партнёр,True
3126,2026-06-29,Менеджер 4,Гродно,офисные столы,1,0,0.0,0.0,0.0,новый,реклама,True
3127,2026-06-29,Менеджер 4,Гомель,офисные столы,1,0,0.0,0.0,0.0,новый,сайт,True
3128,2026-06-29,Менеджер 5,Могилёв,офисные столы,1,0,0.0,0.0,0.0,новый,сайт,True
3129,2026-06-29,Менеджер 1,Брест,шкафы,1,0,0.0,0.0,0.0,повторный,партнёр,True
3130,2026-06-29,Менеджер 1,Гомель,офисные столы,1,0,0.0,0.0,0.0,повторный,сайт,True
3131,2026-06-29,Менеджер 3,Гродно,шкафы,1,0,0.0,0.0,0.0,новый,реклама,True
3132,2026-06-29,Менеджер 2,Витебск,шкафы,1,0,0.0,0.0,0.0,новый,партнёр,True
3133,2026-06-29,Менеджер 2,Гомель,офисные столы,1,0,0.0,0.0,0.0,новый,сайт,True
3134,2026-06-29,Менеджер 3,Брест,офисные кресла,1,1,708.02,233.71,0.083,новый,реклама,True
3135,2026-06-29,Менеджер 2,Гродно,офисные кресла,1,0,0.0,0.0,0.0,повторный,звонок,True
3136,2026-06-29,Менеджер 1,Могилёв,офисные столы,1,1,1143.42,296.98,0.026,повторный,реклама,True
3137,2026-06-29,Менеджер 4,Могилёв,шкафы,1,0,0.0,0.0,0.0,новый,сайт,True
3138,2026-06-29,Менеджер 5,Брест,офисные кресла,1,0,0.0,0.0,0.0,повторный,реклама,True
3139,2026-06-29,Менеджер 2,Гомель,офисные столы,1,0,0.0,0.0,0.0,повторный,партнёр,True
3140,2026-06-29,Менеджер 4,Гродно,офисные столы,1,0,0.0,0.0,0.0,новый,сайт,True
3141,2026-06-29,Менеджер 4,Гомель,офисные кресла,1,0,0.0,0.0,0.0,новый,сайт,True
3142,2026-06-29,Менеджер 5,Гродно,офисные столы,1,0,0.0,0.0,0.0,новый,звонок,True
3143,2026-06-29,Менеджер 2,Брест,офисные столы,1,0,0.0,0.0,0.0,повторный,реклама,True
3144,2026-06-29,Менеджер 3,Витебск,офисные кресла,1,0,0.0,0.0,0.0,новый,партнёр,True
3145,2026-06-29,Менеджер 1,Гомель,офисные столы,1,0,0.0,0.0,0.0,повторный,сайт,True
3146,2026-06-29,Менеджер 5,Брест,офисные кресла,1,1,738.22,236.87,0.037,новый,реклама,True
3147,2026-06-29,Менеджер 4,Гродно,офисные кресла,1,1,614.85,192.78,0.122,новый,реклама,True
3148,2026-06-29,Менеджер 1,Витебск,офисные кресла,1,0,0.0,0.0,0.0,новый,звонок,True
3149,2026-06-29,Менеджер 5,Гомель,шкафы,1,0,0.0,0.0,0.0,новый,звонок,True
3150,2026-06-29,Менеджер 5,Могилёв,шкафы,1,0,0.0,0.0,0.0,повторный,партнёр,True
3151,2026-06-29,Менеджер 1,Гродно,офисные кресла,1,0,0.0,0.0,0.0,новый,звонок,True
3152,2026-06-29,Менеджер 2,Гомель,офисные кресла,1,1,816.15,279.93,0.073,новый,реклама,True
3153,2026-06-29,Менеджер 1,Могилёв,офисные столы,1,1,644.94,173.94,0.091,новый,звонок,True
3154,2026-06-29,Менеджер 3,Гомель,офисные кресла,1,0,0.0,0.0,0.0,новый,партнёр,True
3155,2026-06-29,Менеджер 5,Брест,офисные столы,1,0,0.0,0.0,0.0,новый,реклама,True
3156,2026-06-29,Менеджер 1,Гомель,шкафы,1,0,0.0,0.0,0.0,новый,сайт,True
3157,2026-06-29,Менеджер 3,Брест,шкафы,1,0,0.0,0.0,0.0,повторный,сайт,True
3158,2026-06-29,Менеджер 3,Брест,шкафы,1,0,0.0,0.0,0.0,повторный,звонок,True
3159,2026-06-29,Менеджер 4,Витебск,офисные столы,1,0,0.0,0.0,0.0,новый,партнёр,True
3160,2026-06-29,Менеджер 5,Гродно,офисные кресла,1,0,0.0,0.0,0.0,новый,реклама,True
3161,2026-06-30,Менеджер 1,Могилёв,офисные кресла,1,1,763.3,275.41,0.022,повторный,партнёр,True
3162,2026-06-30,Менеджер 3,Витебск,офисные столы,1,0,0.0,0.0,0.0,новый,сайт,True
3163,2026-06-30,Менеджер 1,Гомель,офисные кресла,1,1,813.73,265.81,0.085,новый,партнёр,True
3164,2026-06-30,Менеджер 2,Гомель,шкафы,1,1,1069.71,266.34,0.12,повторный,звонок,True
3165,2026-06-30,Менеджер 3,Гомель,офисные столы,1,0,0.0,0.0,0.0,повторный,звонок,True
3166,2026-06-30,Менеджер 5,Брест,офисные столы,1,0,0.0,0.0,0.0,новый,звонок,True
3167,2026-06-30,Менеджер 4,Брест,шкафы,1,0,0.0,0.0,0.0,новый,сайт,True
3168,2026-06-30,Менеджер 5,Брест,офисные столы,1,1,930.65,241.31,0.08,новый,звонок,True
3169,2026-06-30,Менеджер 2,Гродно,офисные столы,1,1,969.28,279.12,0.079,новый,сайт,True
3170,2026-06-30,Менеджер 4,Гродно,офисные кресла,1,0,0.0,0.0,0.0,новый,партнёр,True
3171,2026-06-30,Менеджер 4,Брест,офисные кресла,1,1,756.94,269.06,0.059,повторный,сайт,True
3172,2026-06-30,Менеджер 2,Гродно,офисные кресла,1,1,775.08,228.34,0.045,новый,сайт,True
3173,2026-06-30,Менеджер 5,Гомель,шкафы,1,0,0.0,0.0,0.0,новый,реклама,True
3174,2026-06-30,Менеджер 2,Гродно,шкафы,1,1,1075.51,294.93,0.13,новый,сайт,True
3175,2026-06-30,Менеджер 4,Гомель,офисные столы,1,0,0.0,0.0,0.0,новый,сайт,True
3176,2026-06-30,Менеджер 5,Брест,шкафы,1,0,0.0,0.0,0.0,новый,реклама,True
3177,2026-06-30,Менеджер 5,Витебск,офисные кресла,1,1,759.14,284.85,0.067,новый,реклама,True
3178,2026-06-30,Менеджер 5,Могилёв,офисные столы,1,0,0.0,0.0,0.0,новый,звонок,True
3179,2026-06-30,Менеджер 5,Могилёв,шкафы,1,1,1479.48,341.51,0.077,новый,звонок,True
3180,2026-06-30,Менеджер 4,Витебск,шкафы,1,0,0.0,0.0,0.0,новый,реклама,True
3181,2026-06-30,Менеджер 4,Витебск,шкафы,1,1,1386.39,379.86,0.117,новый,партнёр,True
3182,2026-06-30,Менеджер 5,Брест,шкафы,1,0,0.0,0.0,0.0,новый,сайт,True
3183,2026-06-30,Менеджер 3,Витебск,офисные столы,1,1,706.76,214.3,0.127,новый,реклама,True
3184,2026-06-30,Менеджер 1,Витебск,офисные столы,1,0,0.0,0.0,0.0,новый,партнёр,True
3185,2026-06-30,Менеджер 5,Гомель,офисные столы,1,1,938.71,307.71,0.022,новый,сайт,True
3186,2026-06-30,Менеджер 1,Гродно,офисные столы,1,0,0.0,0.0,0.0,новый,звонок,True
3187,2026-06-30,Менеджер 1,Брест,офисные столы,1,1,779.06,255.8,0.0,новый,сайт,True
3188,2026-06-30,Менеджер 1,Брест,офисные кресла,1,0,0.0,0.0,0.0,повторный,партнёр,True
3189,2026-06-30,Менеджер 3,Витебск,офисные столы,1,1,1153.05,374.13,0.067,повторный,реклама,True
3190,2026-06-30,Менеджер 2,Брест,офисные кресла,1,1,650.87,201.26,0.106,новый,партнёр,True
3191,2026-06-30,Менеджер 5,Гродно,офисные кресла,1,1,529.42,182.67,0.13,новый,сайт,True
3192,2026-06-30,Менеджер 3,Могилёв,офисные кресла,1,0,0.0,0.0,0.0,новый,звонок,True
3193,2026-06-30,Менеджер 4,Могилёв,офисные кресла,1,0,0.0,0.0,0.0,новый,звонок,True
3194,2026-06-30,Менеджер 5,Могилёв,шкафы,1,0,0.0,0.0,0.0,повторный,партнёр,True
3195,2026-06-30,Менеджер 2,Гомель,шкафы,1,0,0.0,0.0,0.0,повторный,звонок,True
3196,2026-06-30,Менеджер 4,Могилёв,офисные кресла,1,0,0.0,0.0,0.0,новый,сайт,True
3197,2026-06-30,Менеджер 1,Гродно,шкафы,1,0,0.0,0.0,0.0,повторный,партнёр,True
3198,2026-06-30,Менеджер 5,Гомель,офисные столы,1,0,0.0,0.0,0.0,повторный,партнёр,True
3199,2026-06-30,Менеджер 5,Гомель,офисные кресла,1,0,0.0,0.0,0.0,повторный,партнёр,True
3200,2026-06-30,Менеджер 1,Витебск,шкафы,1,1,1039.92,327.78,0.028,повторный,партнёр,True
3201,2026-06-30,Менеджер 1,Гомель,офисные столы,1,0,0.0,0.0,0.0,новый,звонок,True
3202,2026-06-30,Менеджер 3,Гродно,шкафы,1,1,959.02,285.25,0.119,новый,звонок,True
3203,2026-06-30,Менеджер 1,Гродно,офисные столы,1,0,0.0,0.0,0.0,повторный,реклама,True
3204,2026-06-30,Менеджер 1,Могилёв,офисные столы,1,0,0.0,0.0,0.0,новый,звонок,True
3205,2026-06-30,Менеджер 1,Гомель,офисные столы,1,1,873.01,264.97,0.032,новый,реклама,True
3206,2026-07-01,Менеджер 3,Брест,шкафы,1,0,0.0,0.0,0.0,новый,сайт,True
3207,2026-07-01,Менеджер 2,Витебск,офисные кресла,1,1,566.7,212.78,0.083,новый,партнёр,True
3208,2026-07-01,Менеджер 2,Гомель,офисные столы,1,0,0.0,0.0,0.0,новый,партнёр,True
3209,2026-07-01,Менеджер 1,Брест,шкафы,1,0,0.0,0.0,0.0,новый,партнёр,True
3210,2026-07-01,Менеджер 5,Гродно,офисные столы,1,1,749.14,233.77,0.103,повторный,партнёр,True
3211,2026-07-01,Менеджер 5,Гомель,офисные столы,1,0,0.0,0.0,0.0,новый,реклама,True
3212,2026-07-01,Менеджер 2,Гродно,офисные столы,1,0,0.0,0.0,0.0,новый,сайт,True
3213,2026-07-01,Менеджер 3,Витебск,офисные столы,1,0,0.0,0.0,0.0,новый,реклама,True
3214,2026-07-01,Менеджер 5,Гомель,офисные кресла,1,0,0.0,0.0,0.0,повторный,звонок,True
3215,2026-07-01,Менеджер 3,Брест,шкафы,1,0,0.0,0.0,0.0,новый,сайт,True
3216,2026-07-01,Менеджер 4,Гродно,офисные кресла,1,0,0.0,0.0,0.0,новый,реклама,True
3217,2026-07-01,Менеджер 4,Могилёв,шкафы,1,1,1489.19,414.24,0.088,новый,сайт,True
3218,2026-07-01,Менеджер 1,Витебск,шкафы,1,0,0.0,0.0,0.0,новый,партнёр,True
3219,2026-07-01,Менеджер 1,Витебск,офисные кресла,1,1,601.62,180.86,0.167,новый,звонок,True
3220,2026-07-01,Менеджер 1,Гродно,офисные столы,1,0,0.0,0.0,0.0,новый,звонок,True
3221,2026-07-01,Менеджер 3,Брест,шкафы,1,1,1542.84,378.51,0.052,повторный,сайт,True
3222,2026-07-01,Менеджер 3,Брест,офисные столы,1,0,0.0,0.0,0.0,повторный,партнёр,True
3223,2026-07-01,Менеджер 5,Могилёв,шкафы,1,1,1229.92,334.26,0.012,новый,сайт,True
3224,2026-07-01,Менеджер 2,Витебск,офисные столы,1,1,1142.76,334.69,0.057,повторный,реклама,True
3225,2026-07-01,Менеджер 3,Могилёв,офисные столы,1,0,0.0,0.0,0.0,новый,сайт,True
3226,2026-07-01,Менеджер 5,Гомель,офисные кресла,1,1,618.79,221.27,0.066,новый,сайт,True
3227,2026-07-01,Менеджер 1,Витебск,офисные кресла,1,0,0.0,0.0,0.0,новый,партнёр,True
3228,2026-07-01,Менеджер 5,Гомель,шкафы,1,1,1524.24,374.85,0.11,новый,реклама,True
3229,2026-07-01,Менеджер 5,Гродно,шкафы,1,0,0.0,0.0,0.0,новый,реклама,True
3230,2026-07-01,Менеджер 4,Брест,шкафы,1,0,0.0,0.0,0.0,новый,звонок,True
3231,2026-07-01,Менеджер 5,Брест,шкафы,1,0,0.0,0.0,0.0,повторный,звонок,True
3232,2026-07-01,Менеджер 3,Брест,шкафы,1,0,0.0,0.0,0.0,новый,партнёр,True
3233,2026-07-01,Менеджер 5,Брест,офисные кресла,1,0,0.0,0.0,0.0,новый,реклама,True
3234,2026-07-01,Менеджер 3,Могилёв,шкафы,1,1,1579.85,417.17,0.039,повторный,партнёр,True
3235,2026-07-01,Менеджер 4,Гомель,шкафы,1,1,1353.61,398.08,0.132,новый,сайт,True
3236,2026-07-01,Менеджер 1,Гродно,офисные кресла,1,0,0.0,0.0,0.0,повторный,партнёр,True
3237,2026-07-01,Менеджер 5,Гомель,офисные кресла,1,0,0.0,0.0,0.0,новый,сайт,True
3238,2026-07-01,Менеджер 4,Гродно,офисные кресла,1,1,630.71,177.26,0.069,новый,партнёр,True
3239,2026-07-01,Менеджер 4,Могилёв,шкафы,1,1,1274.78,325.91,0.049,повторный,звонок,True
3240,2026-07-01,Менеджер 1,Гомель,офисные кресла,1,0,0.0,0.0,0.0,повторный,партнёр,True
3241,2026-07-01,Менеджер 1,Гомель,офисные кресла,1,1,776.46,275.78,0.118,повторный,реклама,True
3242,2026-07-01,Менеджер 1,Брест,шкафы,1,0,0.0,0.0,0.0,повторный,звонок,True
3243,2026-07-01,Менеджер 2,Брест,шкафы,1,0,0.0,0.0,0.0,новый,реклама,True
3244,2026-07-01,Менеджер 3,Брест,офисные кресла,1,0,0.0,0.0,0.0,повторный,реклама,True
3245,2026-07-01,Менеджер 1,Могилёв,офисные кресла,1,0,0.0,0.0,0.0,новый,реклама,True
3246,2026-07-01,Менеджер 2,Витебск,офисные столы,1,1,1059.29,301.5,0.069,новый,реклама,True
3247,2026-07-01,Менеджер 4,Гомель,офисные кресла,1,1,507.11,163.53,0.091,новый,партнёр,True
3248,2026-07-01,Менеджер 5,Гомель,шкафы,1,0,0.0,0.0,0.0,новый,сайт,True
3249,2026-07-01,Менеджер 1,Могилёв,офисные столы,1,0,0.0,0.0,0.0,новый,партнёр,True
3250,2026-07-01,Менеджер 3,Гомель,офисные кресла,1,0,0.0,0.0,0.0,новый,сайт,True
3251,2026-07-01,Менеджер 2,Гродно,шкафы,1,0,0.0,0.0,0.0,новый,реклама,True
3252,2026-07-01,Менеджер 3,Витебск,шкафы,1,0,0.0,0.0,0.0,повторный,звонок,True
3253,2026-07-01,Менеджер 5,Брест,шкафы,1,1,1189.43,299.95,0.107,повторный,сайт,True
3254,2026-07-01,Менеджер 4,Гомель,шкафы,1,0,0.0,0.0,0.0,новый,реклама,True
3255,2026-07-01,Менеджер 1,Гомель,шкафы,1,0,0.0,0.0,0.0,повторный,реклама,True
3256,2026-07-02,Менеджер 1,Могилёв,офисные столы,1,0,0.0,0.0,0.0,новый,сайт,True
3257,2026-07-02,Менеджер 5,Гомель,офисные кресла,1,1,654.42,212.35,0.141,повторный,реклама,True
3258,2026-07-02,Менеджер 5,Брест,шкафы,1,0,0.0,0.0,0.0,новый,сайт,True
3259,2026-07-02,Менеджер 5,Брест,шкафы,1,0,0.0,0.0,0.0,новый,сайт,True
3260,2026-07-02,Менеджер 1,Брест,шкафы,1,1,1405.03,349.35,0.064,новый,реклама,True
3261,2026-07-02,Менеджер 3,Брест,офисные кресла,1,1,555.64,192.09,0.083,повторный,реклама,True
3262,2026-07-02,Менеджер 4,Витебск,офисные столы,1,0,0.0,0.0,0.0,повторный,реклама,True
3263,2026-07-02,Менеджер 4,Витебск,офисные кресла,1,0,0.0,0.0,0.0,новый,звонок,True
3264,2026-07-02,Менеджер 5,Могилёв,шкафы,1,1,1225.34,308.26,0.014,повторный,сайт,True
3265,2026-07-02,Менеджер 1,Гродно,офисные кресла,1,1,534.45,177.66,0.088,новый,партнёр,True
3266,2026-07-02,Менеджер 5,Брест,офисные кресла,1,0,0.0,0.0,0.0,повторный,звонок,True
3267,2026-07-02,Менеджер 4,Гродно,офисные столы,1,0,0.0,0.0,0.0,новый,звонок,True
3268,2026-07-02,Менеджер 2,Витебск,офисные кресла,1,0,0.0,0.0,0.0,повторный,реклама,True
3269,2026-07-02,Менеджер 4,Витебск,офисные столы,1,0,0.0,0.0,0.0,новый,звонок,True
3270,2026-07-02,Менеджер 3,Гомель,офисные столы,1,0,0.0,0.0,0.0,новый,реклама,True
3271,2026-07-02,Менеджер 3,Брест,шкафы,1,1,986.02,282.86,0.105,новый,реклама,True
3272,2026-07-02,Менеджер 2,Могилёв,офисные столы,1,0,0.0,0.0,0.0,новый,партнёр,True
3273,2026-07-02,Менеджер 5,Могилёв,офисные кресла,1,1,716.19,199.46,0.109,повторный,звонок,True
3274,2026-07-02,Менеджер 4,Могилёв,шкафы,1,0,0.0,0.0,0.0,новый,сайт,True
3275,2026-07-02,Менеджер 5,Гомель,офисные кресла,1,0,0.0,0.0,0.0,повторный,партнёр,True
3276,2026-07-02,Менеджер 3,Могилёв,офисные столы,1,0,0.0,0.0,0.0,повторный,звонок,True
3277,2026-07-02,Менеджер 5,Витебск,шкафы,1,1,1359.87,323.95,0.097,новый,партнёр,True
3278,2026-07-02,Менеджер 1,Гомель,офисные столы,1,0,0.0,0.0,0.0,новый,реклама,True
3279,2026-07-02,Менеджер 5,Витебск,офисные кресла,1,0,0.0,0.0,0.0,новый,сайт,True
3280,2026-07-02,Менеджер 4,Брест,офисные столы,1,0,0.0,0.0,0.0,новый,партнёр,True
3281,2026-07-02,Менеджер 5,Витебск,офисные столы,1,0,0.0,0.0,0.0,новый,партнёр,True
3282,2026-07-02,Менеджер 2,Могилёв,офисные кресла,1,0,0.0,0.0,0.0,повторный,партнёр,True
3283,2026-07-02,Менеджер 1,Витебск,офисные столы,1,0,0.0,0.0,0.0,новый,сайт,True
3284,2026-07-02,Менеджер 2,Брест,офисные столы,1,0,0.0,0.0,0.0,повторный,звонок,True
3285,2026-07-02,Менеджер 5,Могилёв,шкафы,1,0,0.0,0.0,0.0,новый,звонок,True
3286,2026-07-02,Менеджер 3,Витебск,офисные кресла,1,0,0.0,0.0,0.0,новый,партнёр,True
3287,2026-07-02,Менеджер 2,Гродно,офисные столы,1,1,1137.89,333.28,0.073,новый,звонок,True
3288,2026-07-02,Менеджер 5,Гродно,офисные кресла,1,0,0.0,0.0,0.0,повторный,партнёр,True
3289,2026-07-02,Менеджер 1,Могилёв,шкафы,1,1,1270.31,382.38,0.053,новый,сайт,True
3290,2026-07-02,Менеджер 1,Гомель,шкафы,1,0,0.0,0.0,0.0,повторный,сайт,True
3291,2026-07-02,Менеджер 5,Брест,шкафы,1,1,1237.45,315.24,0.058,новый,реклама,True
3292,2026-07-02,Менеджер 3,Могилёв,офисные кресла,1,0,0.0,0.0,0.0,новый,звонок,True
3293,2026-07-02,Менеджер 4,Гомель,офисные столы,1,0,0.0,0.0,0.0,новый,реклама,True
3294,2026-07-02,Менеджер 4,Гродно,офисные кресла,1,1,735.9,267.35,0.047,новый,сайт,True
3295,2026-07-02,Менеджер 1,Брест,офисные столы,1,1,1105.06,272.49,0.092,повторный,сайт,True
3296,2026-07-02,Менеджер 3,Могилёв,офисные кресла,1,0,0.0,0.0,0.0,повторный,партнёр,True
3297,2026-07-02,Менеджер 4,Гродно,офисные кресла,1,0,0.0,0.0,0.0,повторный,сайт,True
3298,2026-07-02,Менеджер 3,Гомель,офисные столы,1,1,1043.77,322.94,0.077,повторный,партнёр,True
3299,2026-07-02,Менеджер 3,Гродно,офисные столы,1,1,703.36,204.45,0.11,новый,звонок,True
3300,2026-07-02,Менеджер 2,Витебск,офисные кресла,1,1,792.18,224.6,0.118,повторный,звонок,True
3301,2026-07-02,Менеджер 1,Могилёв,шкафы,1,0,0.0,0.0,0.0,повторный,сайт,True
3302,2026-07-02,Менеджер 4,Гродно,шкафы,1,0,0.0,0.0,0.0,повторный,партнёр,True
3303,2026-07-02,Менеджер 1,Гродно,офисные кресла,1,0,0.0,0.0,0.0,новый,звонок,True
3304,2026-07-02,Менеджер 2,Могилёв,офисные кресла,1,0,0.0,0.0,0.0,новый,реклама,True
3305,2026-07-02,Менеджер 5,Гродно,шкафы,1,0,0.0,0.0,0.0,новый,звонок,True
3306,2026-07-02,Менеджер 1,Гомель,офисные столы,1,1,812.23,214.41,0.102,повторный,партнёр,True
3307,2026-07-02,Менеджер 1,Могилёв,шкафы,1,0,0.0,0.0,0.0,новый,реклама,True
3308,2026-07-02,Менеджер 2,Могилёв,офисные кресла,1,1,506.6,153.73,0.034,новый,звонок,True
3309,2026-07-03,Менеджер 1,Гродно,офисные столы,1,1,999.34,290.97,0.067,новый,реклама,True
3310,2026-07-03,Менеджер 4,Гомель,шкафы,1,0,0.0,0.0,0.0,повторный,сайт,True
3311,2026-07-03,Менеджер 3,Гродно,офисные кресла,1,0,0.0,0.0,0.0,повторный,сайт,True
3312,2026-07-03,Менеджер 1,Гродно,офисные столы,1,0,0.0,0.0,0.0,повторный,реклама,True
3313,2026-07-03,Менеджер 2,Гомель,шкафы,1,1,1408.85,415.59,0.081,повторный,сайт,True
3314,2026-07-03,Менеджер 3,Гродно,шкафы,1,1,1051.84,290.99,0.108,новый,сайт,True
3315,2026-07-03,Менеджер 2,Брест,шкафы,1,1,1390.28,410.95,0.1,новый,реклама,True
3316,2026-07-03,Менеджер 5,Гомель,офисные столы,1,1,948.96,288.96,0.02,новый,звонок,True
3317,2026-07-03,Менеджер 3,Витебск,офисные столы,1,0,0.0,0.0,0.0,новый,реклама,True
3318,2026-07-03,Менеджер 5,Витебск,офисные столы,1,0,0.0,0.0,0.0,новый,партнёр,True
3319,2026-07-03,Менеджер 5,Брест,офисные столы,1,0,0.0,0.0,0.0,новый,реклама,True
3320,2026-07-03,Менеджер 1,Витебск,шкафы,1,1,1101.12,316.05,0.06,новый,партнёр,True
3321,2026-07-03,Менеджер 3,Гомель,шкафы,1,0,0.0,0.0,0.0,новый,реклама,True
3322,2026-07-03,Менеджер 5,Гомель,офисные кресла,1,0,0.0,0.0,0.0,повторный,звонок,True
3323,2026-07-03,Менеджер 3,Гомель,офисные столы,1,0,0.0,0.0,0.0,новый,сайт,True
3324,2026-07-03,Менеджер 1,Могилёв,офисные кресла,1,0,0.0,0.0,0.0,повторный,партнёр,True
3325,2026-07-03,Менеджер 4,Брест,офисные кресла,1,1,811.05,300.18,0.085,новый,звонок,True
3326,2026-07-03,Менеджер 2,Могилёв,шкафы,1,1,882.34,234.98,0.083,повторный,реклама,True
3327,2026-07-03,Менеджер 3,Гомель,шкафы,1,1,1150.9,305.03,0.012,повторный,звонок,True
3328,2026-07-03,Менеджер 5,Витебск,офисные кресла,1,0,0.0,0.0,0.0,новый,сайт,True
3329,2026-07-03,Менеджер 3,Гомель,офисные кресла,1,0,0.0,0.0,0.0,повторный,реклама,True
3330,2026-07-03,Менеджер 4,Витебск,шкафы,1,0,0.0,0.0,0.0,новый,реклама,True
3331,2026-07-03,Менеджер 1,Брест,офисные кресла,1,1,858.43,263.22,0.004,новый,реклама,True
3332,2026-07-03,Менеджер 2,Гродно,офисные кресла,1,1,804.92,268.58,0.04,повторный,партнёр,True
3333,2026-07-03,Менеджер 4,Могилёв,шкафы,1,0,0.0,0.0,0.0,новый,сайт,True
3334,2026-07-03,Менеджер 2,Гомель,офисные кресла,1,0,0.0,0.0,0.0,новый,реклама,True
3335,2026-07-03,Менеджер 5,Брест,офисные столы,1,0,0.0,0.0,0.0,повторный,реклама,True
3336,2026-07-03,Менеджер 4,Витебск,офисные кресла,1,0,0.0,0.0,0.0,новый,реклама,True
3337,2026-07-03,Менеджер 1,Гродно,офисные столы,1,0,0.0,0.0,0.0,повторный,партнёр,True
3338,2026-07-03,Менеджер 5,Могилёв,офисные столы,1,0,0.0,0.0,0.0,новый,сайт,True
3339,2026-07-03,Менеджер 4,Брест,офисные столы,1,1,888.84,289.0,0.057,повторный,сайт,True
3340,2026-07-03,Менеджер 5,Витебск,офисные кресла,1,0,0.0,0.0,0.0,новый,партнёр,True
3341,2026-07-03,Менеджер 3,Брест,шкафы,1,0,0.0,0.0,0.0,повторный,звонок,True
3342,2026-07-03,Менеджер 4,Могилёв,офисные кресла,1,0,0.0,0.0,0.0,новый,партнёр,True
3343,2026-07-03,Менеджер 4,Гродно,офисные столы,1,0,0.0,0.0,0.0,новый,сайт,True
3344,2026-07-03,Менеджер 2,Витебск,офисные столы,1,0,0.0,0.0,0.0,новый,звонок,True
3345,2026-07-03,Менеджер 4,Гомель,шкафы,1,0,0.0,0.0,0.0,новый,звонок,True
3346,2026-07-03,Менеджер 4,Гродно,шкафы,1,0,0.0,0.0,0.0,повторный,сайт,True
3347,2026-07-03,Менеджер 2,Могилёв,шкафы,1,1,1232.59,292.85,0.073,новый,партнёр,True
3348,2026-07-03,Менеджер 5,Витебск,шкафы,1,1,1377.8,328.1,0.018,новый,сайт,True
3349,2026-07-03,Менеджер 5,Гродно,офисные кресла,1,1,528.31,192.67,0.126,новый,сайт,True
3350,2026-07-03,Менеджер 4,Витебск,офисные столы,1,0,0.0,0.0,0.0,новый,реклама,True
3351,2026-07-03,Менеджер 1,Могилёв,шкафы,1,0,0.0,0.0,0.0,новый,сайт,True
3352,2026-07-03,Менеджер 2,Брест,шкафы,1,1,1400.29,422.16,0.091,новый,звонок,True
3353,2026-07-03,Менеджер 5,Гродно,офисные кресла,1,0,0.0,0.0,0.0,новый,партнёр,True
3354,2026-07-03,Менеджер 1,Витебск,офисные кресла,1,1,859.1,312.78,0.016,новый,реклама,True
3355,2026-07-03,Менеджер 3,Витебск,офисные кресла,1,1,491.43,162.38,0.146,новый,партнёр,True
3356,2026-07-03,Менеджер 1,Гомель,шкафы,1,0,0.0,0.0,0.0,повторный,реклама,True
3357,2026-07-03,Менеджер 3,Витебск,офисные кресла,1,0,0.0,0.0,0.0,новый,реклама,True
3358,2026-07-03,Менеджер 5,Брест,офисные столы,1,0,0.0,0.0,0.0,новый,партнёр,True
3359,2026-07-03,Менеджер 5,Гродно,шкафы,1,0,0.0,0.0,0.0,новый,реклама,True
3360,2026-07-04,Менеджер 5,Витебск,офисные кресла,1,0,0.0,0.0,0.0,новый,партнёр,True
3361,2026-07-04,Менеджер 1,Витебск,шкафы,1,0,0.0,0.0,0.0,новый,сайт,True
3362,2026-07-04,Менеджер 5,Витебск,шкафы,1,0,0.0,0.0,0.0,повторный,сайт,True
3363,2026-07-04,Менеджер 1,Брест,шкафы,1,1,1086.85,317.02,0.057,новый,партнёр,True
3364,2026-07-04,Менеджер 3,Могилёв,офисные кресла,1,0,0.0,0.0,0.0,новый,реклама,True
3365,2026-07-04,Менеджер 5,Гродно,офисные кресла,1,0,0.0,0.0,0.0,новый,партнёр,True
3366,2026-07-04,Менеджер 3,Гомель,офисные кресла,1,0,0.0,0.0,0.0,повторный,реклама,True
3367,2026-07-04,Менеджер 5,Брест,шкафы,1,0,0.0,0.0,0.0,новый,партнёр,True
3368,2026-07-04,Менеджер 4,Гомель,офисные столы,1,0,0.0,0.0,0.0,новый,партнёр,True
3369,2026-07-04,Менеджер 1,Брест,офисные столы,1,0,0.0,0.0,0.0,новый,звонок,True
3370,2026-07-04,Менеджер 5,Витебск,офисные столы,1,0,0.0,0.0,0.0,новый,партнёр,True
3371,2026-07-04,Менеджер 1,Витебск,офисные кресла,1,0,0.0,0.0,0.0,новый,звонок,True
3372,2026-07-04,Менеджер 3,Брест,офисные кресла,1,0,0.0,0.0,0.0,новый,сайт,True
3373,2026-07-04,Менеджер 2,Гродно,шкафы,1,0,0.0,0.0,0.0,новый,звонок,True
3374,2026-07-04,Менеджер 4,Витебск,офисные кресла,1,1,732.28,235.44,0.071,повторный,реклама,True
3375,2026-07-04,Менеджер 5,Гродно,офисные столы,1,0,0.0,0.0,0.0,новый,партнёр,True
3376,2026-07-04,Менеджер 2,Гродно,офисные столы,1,0,0.0,0.0,0.0,повторный,реклама,True
3377,2026-07-04,Менеджер 5,Могилёв,офисные кресла,1,0,0.0,0.0,0.0,повторный,сайт,True
3378,2026-07-04,Менеджер 4,Гродно,офисные столы,1,0,0.0,0.0,0.0,новый,реклама,True
3379,2026-07-04,Менеджер 4,Гродно,шкафы,1,0,0.0,0.0,0.0,повторный,звонок,True
3380,2026-07-04,Менеджер 5,Могилёв,шкафы,1,1,936.57,267.04,0.135,новый,звонок,True
3381,2026-07-04,Менеджер 4,Гомель,шкафы,1,0,0.0,0.0,0.0,повторный,партнёр,True
3382,2026-07-04,Менеджер 4,Гродно,офисные столы,1,0,0.0,0.0,0.0,новый,партнёр,True
3383,2026-07-04,Менеджер 4,Витебск,шкафы,1,0,0.0,0.0,0.0,новый,партнёр,True
3384,2026-07-04,Менеджер 4,Могилёв,офисные кресла,1,0,0.0,0.0,0.0,новый,реклама,True
3385,2026-07-04,Менеджер 1,Брест,офисные столы,1,0,0.0,0.0,0.0,новый,звонок,True
3386,2026-07-04,Менеджер 4,Могилёв,шкафы,1,0,0.0,0.0,0.0,новый,сайт,True
3387,2026-07-04,Менеджер 3,Гродно,офисные столы,1,0,0.0,0.0,0.0,новый,сайт,True
3388,2026-07-04,Менеджер 4,Гродно,офисные столы,1,0,0.0,0.0,0.0,повторный,сайт,True
3389,2026-07-04,Менеджер 2,Гомель,офисные кресла,1,0,0.0,0.0,0.0,новый,сайт,True
3390,2026-07-04,Менеджер 1,Гомель,офисные столы,1,1,929.02,308.07,0.052,новый,звонок,True
3391,2026-07-04,Менеджер 3,Гомель,шкафы,1,1,1462.3,441.0,0.129,новый,партнёр,True
3392,2026-07-04,Менеджер 2,Гомель,шкафы,1,1,977.32,231.67,0.162,новый,сайт,True
3393,2026-07-04,Менеджер 5,Витебск,офисные столы,1,0,0.0,0.0,0.0,новый,звонок,True
3394,2026-07-04,Менеджер 1,Могилёв,шкафы,1,0,0.0,0.0,0.0,повторный,реклама,True
3395,2026-07-04,Менеджер 3,Гомель,офисные кресла,1,0,0.0,0.0,0.0,повторный,сайт,True
3396,2026-07-04,Менеджер 3,Гродно,офисные столы,1,0,0.0,0.0,0.0,новый,реклама,True
3397,2026-07-04,Менеджер 2,Гродно,офисные кресла,1,0,0.0,0.0,0.0,новый,партнёр,True
3398,2026-07-04,Менеджер 4,Гомель,шкафы,1,1,1191.78,335.99,0.042,новый,сайт,True
3399,2026-07-04,Менеджер 2,Брест,офисные столы,1,1,1193.43,377.58,0.032,новый,сайт,True
3400,2026-07-04,Менеджер 1,Гродно,офисные кресла,1,1,814.47,295.3,0.092,повторный,звонок,True
3401,2026-07-04,Менеджер 2,Гродно,офисные кресла,1,0,0.0,0.0,0.0,новый,партнёр,True
3402,2026-07-04,Менеджер 3,Брест,шкафы,1,1,979.2,299.36,0.124,новый,реклама,True
3403,2026-07-04,Менеджер 2,Могилёв,шкафы,1,0,0.0,0.0,0.0,новый,сайт,True
3404,2026-07-04,Менеджер 2,Витебск,шкафы,1,0,0.0,0.0,0.0,повторный,реклама,True
3405,2026-07-04,Менеджер 3,Гродно,офисные кресла,1,0,0.0,0.0,0.0,повторный,партнёр,True
3406,2026-07-04,Менеджер 3,Витебск,шкафы,1,0,0.0,0.0,0.0,новый,реклама,True
3407,2026-07-04,Менеджер 4,Могилёв,офисные кресла,1,1,664.36,219.91,0.0,повторный,звонок,True
3408,2026-07-04,Менеджер 3,Гомель,офисные кресла,1,0,0.0,0.0,0.0,новый,сайт,True
3409,2026-07-04,Менеджер 1,Гомель,офисные кресла,1,1,791.83,284.24,0.081,новый,реклама,True
3410,2026-07-05,Менеджер 3,Витебск,офисные столы,1,0,0.0,0.0,0.0,повторный,звонок,True
3411,2026-07-05,Менеджер 5,Гродно,шкафы,1,0,0.0,0.0,0.0,новый,партнёр,True
3412,2026-07-05,Менеджер 2,Гродно,шкафы,1,0,0.0,0.0,0.0,повторный,партнёр,True
3413,2026-07-05,Менеджер 4,Витебск,офисные столы,1,1,731.57,202.83,0.07,новый,звонок,True
3414,2026-07-05,Менеджер 1,Гомель,офисные столы,1,1,1139.96,356.42,0.117,новый,партнёр,True
3415,2026-07-05,Менеджер 4,Брест,офисные кресла,1,0,0.0,0.0,0.0,новый,сайт,True
3416,2026-07-05,Менеджер 1,Брест,шкафы,1,1,1482.25,361.15,0.143,повторный,сайт,True
3417,2026-07-05,Менеджер 4,Витебск,офисные кресла,1,0,0.0,0.0,0.0,повторный,партнёр,True
3418,2026-07-05,Менеджер 4,Могилёв,офисные столы,1,0,0.0,0.0,0.0,повторный,партнёр,True
3419,2026-07-05,Менеджер 2,Гродно,шкафы,1,0,0.0,0.0,0.0,повторный,реклама,True
3420,2026-07-05,Менеджер 2,Брест,офисные кресла,1,0,0.0,0.0,0.0,повторный,партнёр,True
3421,2026-07-05,Менеджер 5,Витебск,офисные кресла,1,0,0.0,0.0,0.0,новый,реклама,True
3422,2026-07-05,Менеджер 2,Брест,офисные столы,1,0,0.0,0.0,0.0,новый,реклама,True
3423,2026-07-05,Менеджер 1,Гродно,офисные кресла,1,0,0.0,0.0,0.0,новый,реклама,True
3424,2026-07-05,Менеджер 5,Могилёв,шкафы,1,0,0.0,0.0,0.0,повторный,сайт,True
3425,2026-07-05,Менеджер 3,Витебск,шкафы,1,0,0.0,0.0,0.0,новый,реклама,True
3426,2026-07-05,Менеджер 1,Гомель,шкафы,1,0,0.0,0.0,0.0,новый,партнёр,True
3427,2026-07-05,Менеджер 3,Витебск,офисные кресла,1,1,538.56,163.44,0.054,новый,звонок,True
3428,2026-07-05,Менеджер 1,Брест,шкафы,1,1,1425.61,333.04,0.052,новый,сайт,True
3429,2026-07-05,Менеджер 1,Могилёв,офисные столы,1,0,0.0,0.0,0.0,новый,реклама,True
3430,2026-07-05,Менеджер 5,Витебск,офисные кресла,1,0,0.0,0.0,0.0,новый,реклама,True
3431,2026-07-05,Менеджер 1,Гродно,офисные кресла,1,0,0.0,0.0,0.0,новый,звонок,True
3432,2026-07-05,Менеджер 1,Гомель,шкафы,1,0,0.0,0.0,0.0,новый,реклама,True
3433,2026-07-05,Менеджер 3,Могилёв,офисные столы,1,0,0.0,0.0,0.0,новый,партнёр,True
3434,2026-07-05,Менеджер 5,Гомель,шкафы,1,1,1415.53,379.32,0.1,новый,партнёр,True
3435,2026-07-05,Менеджер 2,Могилёв,офисные кресла,1,0,0.0,0.0,0.0,повторный,партнёр,True
3436,2026-07-05,Менеджер 5,Могилёв,офисные кресла,1,1,842.03,269.25,0.023,повторный,реклама,True
3437,2026-07-05,Менеджер 4,Гомель,шкафы,1,1,1422.91,408.05,0.089,повторный,сайт,True
3438,2026-07-05,Менеджер 2,Гродно,шкафы,1,0,0.0,0.0,0.0,новый,сайт,True
3439,2026-07-05,Менеджер 3,Брест,офисные кресла,1,0,0.0,0.0,0.0,новый,реклама,True
3440,2026-07-05,Менеджер 4,Гродно,офисные кресла,1,1,790.27,256.06,0.104,новый,звонок,True
3441,2026-07-05,Менеджер 2,Гродно,офисные кресла,1,0,0.0,0.0,0.0,новый,звонок,True
3442,2026-07-05,Менеджер 5,Брест,офисные кресла,1,1,669.33,223.51,0.131,новый,звонок,True
3443,2026-07-05,Менеджер 1,Брест,шкафы,1,1,921.89,250.51,0.056,новый,реклама,True
3444,2026-07-05,Менеджер 1,Брест,офисные столы,1,0,0.0,0.0,0.0,новый,звонок,True
3445,2026-07-05,Менеджер 4,Брест,офисные кресла,1,0,0.0,0.0,0.0,новый,реклама,True
3446,2026-07-05,Менеджер 2,Витебск,офисные столы,1,0,0.0,0.0,0.0,новый,сайт,True
3447,2026-07-05,Менеджер 4,Могилёв,офисные кресла,1,1,835.73,320.98,0.019,новый,реклама,True
3448,2026-07-05,Менеджер 3,Гродно,шкафы,1,0,0.0,0.0,0.0,новый,реклама,True
3449,2026-07-05,Менеджер 1,Могилёв,шкафы,1,1,1514.47,424.06,0.094,новый,реклама,True
3450,2026-07-05,Менеджер 4,Гродно,шкафы,1,1,1418.25,340.81,0.079,новый,партнёр,True
3451,2026-07-05,Менеджер 2,Витебск,офисные столы,1,1,1025.22,253.17,0.106,повторный,сайт,True
3452,2026-07-05,Менеджер 2,Витебск,шкафы,1,0,0.0,0.0,0.0,новый,партнёр,True
3453,2026-07-06,Менеджер 4,Гомель,шкафы,1,0,0.0,0.0,0.0,повторный,партнёр,True
3454,2026-07-06,Менеджер 2,Витебск,офисные столы,1,0,0.0,0.0,0.0,новый,сайт,True
3455,2026-07-06,Менеджер 3,Могилёв,офисные столы,1,0,0.0,0.0,0.0,новый,сайт,True
3456,2026-07-06,Менеджер 3,Могилёв,шкафы,1,0,0.0,0.0,0.0,повторный,звонок,True
3457,2026-07-06,Менеджер 5,Витебск,офисные кресла,1,0,0.0,0.0,0.0,новый,реклама,True
3458,2026-07-06,Менеджер 3,Гродно,офисные кресла,1,1,513.31,174.54,0.126,новый,партнёр,True
3459,2026-07-06,Менеджер 1,Гомель,шкафы,1,0,0.0,0.0,0.0,новый,звонок,True
3460,2026-07-06,Менеджер 1,Могилёв,офисные столы,1,0,0.0,0.0,0.0,новый,реклама,True
3461,2026-07-06,Менеджер 1,Гомель,офисные кресла,1,0,0.0,0.0,0.0,новый,реклама,True
3462,2026-07-06,Менеджер 4,Могилёв,офисные столы,1,0,0.0,0.0,0.0,новый,реклама,True
3463,2026-07-06,Менеджер 4,Брест,офисные кресла,1,0,0.0,0.0,0.0,повторный,реклама,True
3464,2026-07-06,Менеджер 3,Гродно,офисные столы,1,0,0.0,0.0,0.0,повторный,партнёр,True
3465,2026-07-06,Менеджер 4,Гродно,шкафы,1,1,1471.05,455.6,0.077,повторный,реклама,True
3466,2026-07-06,Менеджер 5,Гомель,шкафы,1,0,0.0,0.0,0.0,повторный,реклама,True
3467,2026-07-06,Менеджер 2,Могилёв,офисные кресла,1,0,0.0,0.0,0.0,новый,сайт,True
3468,2026-07-06,Менеджер 4,Могилёв,офисные кресла,1,1,598.52,209.85,0.031,новый,сайт,True
3469,2026-07-06,Менеджер 1,Витебск,офисные кресла,1,0,0.0,0.0,0.0,новый,партнёр,True
3470,2026-07-06,Менеджер 5,Гомель,офисные столы,1,0,0.0,0.0,0.0,новый,сайт,True
3471,2026-07-06,Менеджер 3,Брест,офисные столы,1,0,0.0,0.0,0.0,новый,партнёр,True
3472,2026-07-06,Менеджер 2,Брест,офисные столы,1,1,677.61,224.71,0.058,новый,сайт,True
3473,2026-07-06,Менеджер 1,Брест,шкафы,1,1,1245.14,333.59,0.148,новый,реклама,True
3474,2026-07-06,Менеджер 5,Брест,офисные столы,1,1,1022.78,340.32,0.077,новый,реклама,True
3475,2026-07-06,Менеджер 3,Витебск,офисные кресла,1,0,0.0,0.0,0.0,новый,звонок,True
3476,2026-07-06,Менеджер 4,Гродно,офисные столы,1,1,1074.19,318.32,0.084,новый,партнёр,True
3477,2026-07-06,Менеджер 1,Брест,офисные столы,1,1,681.34,224.22,0.03,новый,партнёр,True
3478,2026-07-06,Менеджер 1,Витебск,офисные кресла,1,1,713.44,198.83,0.093,новый,реклама,True
3479,2026-07-06,Менеджер 5,Могилёв,офисные кресла,1,0,0.0,0.0,0.0,повторный,реклама,True
3480,2026-07-06,Менеджер 4,Могилёв,шкафы,1,1,1331.85,361.46,0.089,новый,партнёр,True
3481,2026-07-06,Менеджер 4,Гомель,офисные столы,1,0,0.0,0.0,0.0,новый,реклама,True
3482,2026-07-06,Менеджер 1,Могилёв,офисные столы,1,0,0.0,0.0,0.0,повторный,реклама,True
3483,2026-07-06,Менеджер 2,Брест,шкафы,1,0,0.0,0.0,0.0,повторный,сайт,True
3484,2026-07-06,Менеджер 1,Витебск,офисные столы,1,0,0.0,0.0,0.0,новый,звонок,True
3485,2026-07-06,Менеджер 3,Могилёв,офисные кресла,1,0,0.0,0.0,0.0,повторный,партнёр,True
3486,2026-07-06,Менеджер 4,Могилёв,офисные кресла,1,0,0.0,0.0,0.0,повторный,звонок,True
3487,2026-07-06,Менеджер 3,Могилёв,шкафы,1,0,0.0,0.0,0.0,повторный,партнёр,True
3488,2026-07-06,Менеджер 2,Витебск,офисные столы,1,1,1068.9,274.49,0.104,новый,реклама,True
3489,2026-07-06,Менеджер 5,Гродно,офисные кресла,1,0,0.0,0.0,0.0,повторный,звонок,True
3490,2026-07-06,Менеджер 3,Брест,офисные кресла,1,0,0.0,0.0,0.0,новый,партнёр,True
3491,2026-07-06,Менеджер 4,Гродно,офисные столы,1,0,0.0,0.0,0.0,новый,звонок,True
3492,2026-07-06,Менеджер 3,Могилёв,офисные столы,1,0,0.0,0.0,0.0,повторный,сайт,True
3493,2026-07-06,Менеджер 5,Гродно,офисные кресла,1,0,0.0,0.0,0.0,новый,партнёр,True
3494,2026-07-06,Менеджер 4,Могилёв,офисные кресла,1,0,0.0,0.0,0.0,повторный,реклама,True
3495,2026-07-06,Менеджер 5,Могилёв,шкафы,1,1,1061.21,320.11,0.116,новый,сайт,True
3496,2026-07-06,Менеджер 1,Гомель,шкафы,1,0,0.0,0.0,0.0,новый,звонок,True
3497,2026-07-06,Менеджер 5,Гомель,офисные кресла,1,0,0.0,0.0,0.0,повторный,партнёр,True
3498,2026-07-06,Менеджер 3,Могилёв,офисные столы,1,0,0.0,0.0,0.0,новый,реклама,True
3499,2026-07-06,Менеджер 3,Витебск,офисные столы,1,0,0.0,0.0,0.0,новый,звонок,True
3500,2026-07-06,Менеджер 4,Витебск,шкафы,1,1,1259.21,374.43,0.076,новый,партнёр,True
3501,2026-07-06,Менеджер 5,Гродно,офисные столы,1,1,875.49,242.21,0.123,повторный,партнёр,True
3502,2026-07-06,Менеджер 4,Брест,шкафы,1,1,1093.6,329.77,0.075,новый,партнёр,True
3503,2026-07-06,Менеджер 2,Витебск,офисные кресла,1,0,0.0,0.0,0.0,новый,звонок,True
3504,2026-07-07,Менеджер 2,Гомель,шкафы,1,0,0.0,0.0,0.0,новый,партнёр,True
3505,2026-07-07,Менеджер 5,Могилёв,офисные кресла,1,1,513.81,186.46,0.072,новый,реклама,True
3506,2026-07-07,Менеджер 3,Брест,шкафы,1,1,1312.07,362.55,0.093,новый,сайт,True
3507,2026-07-07,Менеджер 4,Гродно,офисные столы,1,0,0.0,0.0,0.0,повторный,сайт,True
3508,2026-07-07,Менеджер 5,Гомель,офисные столы,1,0,0.0,0.0,0.0,повторный,звонок,True
3509,2026-07-07,Менеджер 4,Брест,офисные кресла,1,0,0.0,0.0,0.0,повторный,партнёр,True
3510,2026-07-07,Менеджер 5,Гродно,офисные кресла,1,0,0.0,0.0,0.0,повторный,звонок,True
3511,2026-07-07,Менеджер 4,Витебск,офисные кресла,1,1,699.34,235.15,0.108,новый,реклама,True
3512,2026-07-07,Менеджер 4,Брест,офисные столы,1,0,0.0,0.0,0.0,новый,реклама,True
3513,2026-07-07,Менеджер 4,Витебск,шкафы,1,1,902.95,238.22,0.089,новый,партнёр,True
3514,2026-07-07,Менеджер 5,Витебск,офисные кресла,1,1,722.04,227.01,0.149,новый,звонок,True
3515,2026-07-07,Менеджер 5,Витебск,шкафы,1,0,0.0,0.0,0.0,новый,звонок,True
3516,2026-07-07,Менеджер 4,Витебск,офисные кресла,1,0,0.0,0.0,0.0,повторный,сайт,True
3517,2026-07-07,Менеджер 1,Могилёв,офисные кресла,1,1,498.3,167.74,0.051,новый,партнёр,True
3518,2026-07-07,Менеджер 1,Могилёв,офисные столы,1,0,0.0,0.0,0.0,повторный,звонок,True
3519,2026-07-07,Менеджер 4,Гомель,офисные столы,1,1,803.83,263.51,0.079,повторный,сайт,True
3520,2026-07-07,Менеджер 1,Могилёв,шкафы,1,0,0.0,0.0,0.0,новый,реклама,True
3521,2026-07-07,Менеджер 2,Гродно,шкафы,1,1,1201.62,315.29,0.071,повторный,реклама,True
3522,2026-07-07,Менеджер 3,Брест,шкафы,1,0,0.0,0.0,0.0,повторный,реклама,True
3523,2026-07-07,Менеджер 3,Брест,шкафы,1,1,1397.15,409.31,0.106,новый,звонок,True
3524,2026-07-07,Менеджер 2,Гродно,офисные столы,1,1,910.53,236.94,0.081,новый,партнёр,True
3525,2026-07-07,Менеджер 1,Гродно,офисные столы,1,0,0.0,0.0,0.0,новый,сайт,True
3526,2026-07-07,Менеджер 5,Могилёв,офисные кресла,1,0,0.0,0.0,0.0,новый,реклама,True
3527,2026-07-07,Менеджер 1,Брест,офисные кресла,1,1,484.58,153.31,0.042,повторный,реклама,True
3528,2026-07-07,Менеджер 1,Гомель,офисные кресла,1,1,837.1,269.54,0.063,новый,звонок,True
3529,2026-07-07,Менеджер 1,Витебск,офисные кресла,1,0,0.0,0.0,0.0,новый,реклама,True
3530,2026-07-07,Менеджер 3,Гомель,офисные столы,1,1,909.88,300.89,0.063,повторный,партнёр,True
3531,2026-07-07,Менеджер 1,Брест,офисные столы,1,0,0.0,0.0,0.0,повторный,партнёр,True
3532,2026-07-07,Менеджер 5,Гродно,офисные кресла,1,1,555.92,187.65,0.095,новый,сайт,True
3533,2026-07-07,Менеджер 2,Гомель,офисные кресла,1,0,0.0,0.0,0.0,новый,сайт,True
3534,2026-07-07,Менеджер 1,Гродно,офисные столы,1,1,1052.12,336.66,0.123,новый,сайт,True
3535,2026-07-07,Менеджер 5,Гомель,офисные столы,1,0,0.0,0.0,0.0,повторный,сайт,True
3536,2026-07-07,Менеджер 5,Витебск,офисные столы,1,0,0.0,0.0,0.0,новый,реклама,True
3537,2026-07-07,Менеджер 5,Витебск,шкафы,1,1,1409.8,376.77,0.077,новый,реклама,True
3538,2026-07-07,Менеджер 2,Гомель,офисные столы,1,1,870.4,285.69,0.001,новый,реклама,True
3539,2026-07-07,Менеджер 1,Гродно,офисные столы,1,0,0.0,0.0,0.0,повторный,сайт,True
3540,2026-07-07,Менеджер 4,Гомель,офисные столы,1,0,0.0,0.0,0.0,новый,реклама,True
3541,2026-07-07,Менеджер 5,Брест,офисные кресла,1,0,0.0,0.0,0.0,повторный,реклама,True
3542,2026-07-07,Менеджер 5,Витебск,офисные столы,1,0,0.0,0.0,0.0,повторный,партнёр,True
3543,2026-07-07,Менеджер 5,Гомель,офисные кресла,1,0,0.0,0.0,0.0,повторный,реклама,True
3544,2026-07-07,Менеджер 2,Витебск,шкафы,1,0,0.0,0.0,0.0,новый,звонок,True
3545,2026-07-07,Менеджер 1,Витебск,шкафы,1,0,0.0,0.0,0.0,новый,партнёр,True
3546,2026-07-07,Менеджер 1,Брест,офисные кресла,1,1,531.61,147.47,0.222,повторный,партнёр,True
3547,2026-07-07,Менеджер 5,Гродно,шкафы,1,1,974.29,256.01,0.139,повторный,звонок,True
3548,2026-07-07,Менеджер 5,Витебск,офисные кресла,1,0,0.0,0.0,0.0,новый,партнёр,True
3549,2026-07-07,Менеджер 3,Гродно,офисные столы,1,0,0.0,0.0,0.0,новый,звонок,True
3550,2026-07-07,Менеджер 5,Гродно,шкафы,1,0,0.0,0.0,0.0,повторный,реклама,True
3551,2026-07-07,Менеджер 1,Витебск,офисные столы,1,0,0.0,0.0,0.0,повторный,партнёр,True
3552,2026-07-08,Менеджер 4,Могилёв,офисные кресла,1,0,0.0,0.0,0.0,новый,реклама,True
3553,2026-07-08,Менеджер 1,Гомель,офисные столы,1,0,0.0,0.0,0.0,новый,партнёр,True
3554,2026-07-08,Менеджер 3,Витебск,шкафы,1,1,955.87,257.18,0.08,новый,звонок,True
3555,2026-07-08,Менеджер 4,Витебск,офисные столы,1,1,685.99,174.42,0.036,новый,партнёр,True
3556,2026-07-08,Менеджер 2,Могилёв,офисные кресла,1,0,0.0,0.0,0.0,повторный,партнёр,True
3557,2026-07-08,Менеджер 4,Гомель,офисные кресла,1,1,649.62,219.39,0.094,новый,партнёр,True
3558,2026-07-08,Менеджер 5,Могилёв,шкафы,1,0,0.0,0.0,0.0,новый,сайт,True
3559,2026-07-08,Менеджер 3,Могилёв,офисные столы,1,0,0.0,0.0,0.0,новый,звонок,True
3560,2026-07-08,Менеджер 3,Гродно,шкафы,1,1,1426.68,450.51,0.015,новый,партнёр,True
3561,2026-07-08,Менеджер 4,Гомель,офисные столы,1,1,754.8,196.57,0.038,новый,звонок,True
3562,2026-07-08,Менеджер 5,Гомель,офисные кресла,1,0,0.0,0.0,0.0,повторный,реклама,True
3563,2026-07-08,Менеджер 3,Гродно,офисные столы,1,1,1183.26,369.73,0.0,новый,партнёр,True
3564,2026-07-08,Менеджер 1,Гомель,шкафы,1,1,1076.17,273.36,0.107,новый,реклама,True
3565,2026-07-08,Менеджер 5,Могилёв,офисные кресла,1,0,0.0,0.0,0.0,новый,реклама,True
3566,2026-07-08,Менеджер 2,Витебск,офисные столы,1,0,0.0,0.0,0.0,новый,реклама,True
3567,2026-07-08,Менеджер 5,Могилёв,шкафы,1,1,1495.23,377.38,0.12,новый,партнёр,True
3568,2026-07-08,Менеджер 5,Гомель,шкафы,1,0,0.0,0.0,0.0,новый,реклама,True
3569,2026-07-08,Менеджер 1,Гомель,шкафы,1,0,0.0,0.0,0.0,новый,реклама,True
3570,2026-07-08,Менеджер 1,Брест,офисные столы,1,0,0.0,0.0,0.0,новый,партнёр,True
3571,2026-07-08,Менеджер 3,Гродно,шкафы,1,0,0.0,0.0,0.0,новый,реклама,True
3572,2026-07-08,Менеджер 5,Гомель,офисные кресла,1,0,0.0,0.0,0.0,повторный,сайт,True
3573,2026-07-08,Менеджер 1,Гомель,офисные столы,1,0,0.0,0.0,0.0,новый,реклама,True
3574,2026-07-08,Менеджер 3,Гомель,офисные столы,1,0,0.0,0.0,0.0,новый,реклама,True
3575,2026-07-08,Менеджер 2,Брест,офисные кресла,1,0,0.0,0.0,0.0,новый,сайт,True
3576,2026-07-08,Менеджер 5,Гродно,офисные столы,1,0,0.0,0.0,0.0,повторный,звонок,True
3577,2026-07-08,Менеджер 1,Могилёв,шкафы,1,0,0.0,0.0,0.0,повторный,реклама,True
3578,2026-07-08,Менеджер 2,Витебск,офисные кресла,1,0,0.0,0.0,0.0,повторный,звонок,True
3579,2026-07-08,Менеджер 3,Могилёв,шкафы,1,0,0.0,0.0,0.0,новый,реклама,True
3580,2026-07-08,Менеджер 4,Могилёв,офисные столы,1,0,0.0,0.0,0.0,повторный,звонок,True
3581,2026-07-08,Менеджер 1,Витебск,офисные столы,1,1,810.91,204.38,0.084,повторный,звонок,True
3582,2026-07-08,Менеджер 5,Брест,офисные столы,1,0,0.0,0.0,0.0,новый,партнёр,True
3583,2026-07-08,Менеджер 2,Гродно,шкафы,1,0,0.0,0.0,0.0,повторный,реклама,True
3584,2026-07-08,Менеджер 3,Гродно,шкафы,1,1,1254.47,333.21,0.118,новый,реклама,True
3585,2026-07-08,Менеджер 4,Гродно,шкафы,1,0,0.0,0.0,0.0,новый,реклама,True
3586,2026-07-08,Менеджер 4,Витебск,офисные столы,1,0,0.0,0.0,0.0,новый,партнёр,True
3587,2026-07-08,Менеджер 4,Могилёв,офисные кресла,1,0,0.0,0.0,0.0,новый,партнёр,True
3588,2026-07-08,Менеджер 3,Могилёв,шкафы,1,0,0.0,0.0,0.0,новый,реклама,True
3589,2026-07-08,Менеджер 4,Витебск,офисные столы,1,0,0.0,0.0,0.0,новый,сайт,True
3590,2026-07-08,Менеджер 5,Могилёв,шкафы,1,0,0.0,0.0,0.0,новый,сайт,True
3591,2026-07-08,Менеджер 1,Гомель,офисные кресла,1,0,0.0,0.0,0.0,новый,звонок,True
3592,2026-07-08,Менеджер 5,Гродно,шкафы,1,0,0.0,0.0,0.0,новый,сайт,True
3593,2026-07-08,Менеджер 1,Гомель,офисные столы,1,0,0.0,0.0,0.0,новый,сайт,True
3594,2026-07-08,Менеджер 5,Гродно,офисные столы,1,0,0.0,0.0,0.0,новый,сайт,True
3595,2026-07-08,Менеджер 1,Брест,офисные столы,1,0,0.0,0.0,0.0,повторный,реклама,True
3596,2026-07-08,Менеджер 5,Могилёв,офисные кресла,1,1,616.21,207.05,0.099,новый,звонок,True
3597,2026-07-08,Менеджер 5,Гомель,офисные столы,1,0,0.0,0.0,0.0,новый,звонок,True
3598,2026-07-08,Менеджер 3,Гродно,офисные столы,1,0,0.0,0.0,0.0,повторный,реклама,True
3599,2026-07-08,Менеджер 4,Гомель,шкафы,1,0,0.0,0.0,0.0,новый,звонок,True
3600,2026-07-08,Менеджер 5,Гомель,офисные кресла,1,1,835.45,320.01,0.022,новый,реклама,True
3601,2026-07-08,Менеджер 5,Могилёв,офисные столы,1,0,0.0,0.0,0.0,новый,реклама,True
3602,2026-07-09,Менеджер 3,Гродно,офисные кресла,1,0,0.0,0.0,0.0,новый,звонок,True
3603,2026-07-09,Менеджер 5,Витебск,офисные столы,1,0,0.0,0.0,0.0,новый,звонок,True
3604,2026-07-09,Менеджер 3,Гомель,шкафы,1,0,0.0,0.0,0.0,новый,сайт,True
3605,2026-07-09,Менеджер 4,Брест,офисные кресла,1,1,772.85,221.53,0.141,повторный,реклама,True
3606,2026-07-09,Менеджер 2,Витебск,офисные столы,1,0,0.0,0.0,0.0,повторный,реклама,True
3607,2026-07-09,Менеджер 4,Гомель,шкафы,1,1,1506.52,413.05,0.091,повторный,партнёр,True
3608,2026-07-09,Менеджер 3,Могилёв,шкафы,1,1,1069.11,284.16,0.084,повторный,реклама,True
3609,2026-07-09,Менеджер 2,Могилёв,офисные кресла,1,0,0.0,0.0,0.0,новый,партнёр,True
3610,2026-07-09,Менеджер 4,Гомель,офисные столы,1,0,0.0,0.0,0.0,повторный,реклама,True
3611,2026-07-09,Менеджер 4,Гродно,офисные кресла,1,0,0.0,0.0,0.0,новый,реклама,True
3612,2026-07-09,Менеджер 5,Гомель,офисные кресла,1,0,0.0,0.0,0.0,новый,звонок,True
3613,2026-07-09,Менеджер 3,Гродно,офисные кресла,1,0,0.0,0.0,0.0,новый,партнёр,True
3614,2026-07-09,Менеджер 4,Витебск,офисные кресла,1,0,0.0,0.0,0.0,повторный,реклама,True
3615,2026-07-09,Менеджер 1,Брест,офисные кресла,1,0,0.0,0.0,0.0,повторный,сайт,True
3616,2026-07-09,Менеджер 1,Брест,офисные кресла,1,1,659.09,211.72,0.073,повторный,звонок,True
3617,2026-07-09,Менеджер 2,Могилёв,шкафы,1,0,0.0,0.0,0.0,новый,партнёр,True
3618,2026-07-09,Менеджер 5,Брест,шкафы,1,0,0.0,0.0,0.0,новый,звонок,True
3619,2026-07-09,Менеджер 5,Брест,офисные столы,1,0,0.0,0.0,0.0,новый,партнёр,True
3620,2026-07-09,Менеджер 5,Могилёв,офисные столы,1,1,842.45,257.58,0.043,новый,сайт,True
3621,2026-07-09,Менеджер 2,Брест,офисные столы,1,1,657.04,178.19,0.072,новый,звонок,True
3622,2026-07-09,Менеджер 3,Брест,шкафы,1,0,0.0,0.0,0.0,повторный,звонок,True
3623,2026-07-09,Менеджер 3,Гомель,офисные кресла,1,0,0.0,0.0,0.0,новый,звонок,True
3624,2026-07-09,Менеджер 5,Витебск,офисные столы,1,0,0.0,0.0,0.0,новый,реклама,True
3625,2026-07-09,Менеджер 2,Гродно,офисные столы,1,0,0.0,0.0,0.0,новый,партнёр,True
3626,2026-07-09,Менеджер 1,Могилёв,офисные кресла,1,0,0.0,0.0,0.0,новый,партнёр,True
3627,2026-07-09,Менеджер 1,Брест,офисные кресла,1,1,740.92,244.3,0.102,новый,сайт,True
3628,2026-07-09,Менеджер 5,Брест,офисные кресла,1,1,512.77,182.54,0.107,новый,партнёр,True
3629,2026-07-09,Менеджер 5,Витебск,офисные столы,1,0,0.0,0.0,0.0,повторный,партнёр,True
3630,2026-07-09,Менеджер 5,Витебск,офисные столы,1,0,0.0,0.0,0.0,новый,реклама,True
3631,2026-07-09,Менеджер 3,Брест,офисные кресла,1,0,0.0,0.0,0.0,повторный,реклама,True
3632,2026-07-09,Менеджер 3,Гомель,шкафы,1,1,1360.09,322.77,0.064,новый,сайт,True
3633,2026-07-09,Менеджер 2,Брест,офисные кресла,1,0,0.0,0.0,0.0,повторный,сайт,True
3634,2026-07-09,Менеджер 3,Гомель,офисные кресла,1,1,761.6,216.13,0.111,новый,звонок,True
3635,2026-07-09,Менеджер 2,Гродно,офисные кресла,1,1,575.88,180.79,0.127,новый,реклама,True
3636,2026-07-09,Менеджер 3,Гродно,офисные столы,1,0,0.0,0.0,0.0,новый,звонок,True
3637,2026-07-09,Менеджер 2,Брест,офисные столы,1,0,0.0,0.0,0.0,новый,реклама,True
3638,2026-07-09,Менеджер 3,Гомель,шкафы,1,0,0.0,0.0,0.0,новый,реклама,True
3639,2026-07-09,Менеджер 2,Витебск,офисные столы,1,1,834.58,254.26,0.17,новый,звонок,True
3640,2026-07-09,Менеджер 5,Брест,офисные кресла,1,0,0.0,0.0,0.0,повторный,звонок,True
3641,2026-07-09,Менеджер 1,Брест,офисные кресла,1,0,0.0,0.0,0.0,новый,партнёр,True
3642,2026-07-09,Менеджер 4,Гомель,офисные кресла,1,0,0.0,0.0,0.0,новый,сайт,True
3643,2026-07-09,Менеджер 1,Гомель,офисные кресла,1,0,0.0,0.0,0.0,новый,партнёр,True
3644,2026-07-09,Менеджер 1,Могилёв,офисные столы,1,0,0.0,0.0,0.0,новый,сайт,True
3645,2026-07-09,Менеджер 5,Могилёв,офисные кресла,1,0,0.0,0.0,0.0,повторный,сайт,True
3646,2026-07-09,Менеджер 2,Брест,офисные столы,1,0,0.0,0.0,0.0,новый,сайт,True
3647,2026-07-10,Менеджер 5,Гродно,шкафы,1,0,0.0,0.0,0.0,повторный,партнёр,True
3648,2026-07-10,Менеджер 4,Брест,офисные кресла,1,0,0.0,0.0,0.0,повторный,реклама,True
3649,2026-07-10,Менеджер 3,Могилёв,шкафы,1,0,0.0,0.0,0.0,новый,реклама,True
3650,2026-07-10,Менеджер 2,Могилёв,офисные кресла,1,0,0.0,0.0,0.0,повторный,сайт,True
3651,2026-07-10,Менеджер 2,Гродно,офисные столы,1,1,1008.86,301.85,0.106,новый,сайт,True
3652,2026-07-10,Менеджер 2,Брест,шкафы,1,0,0.0,0.0,0.0,повторный,звонок,True
3653,2026-07-10,Менеджер 3,Витебск,шкафы,1,0,0.0,0.0,0.0,повторный,звонок,True
3654,2026-07-10,Менеджер 4,Гродно,шкафы,1,1,1424.2,411.89,0.078,повторный,звонок,True
3655,2026-07-10,Менеджер 2,Витебск,шкафы,1,1,1116.57,271.82,0.101,новый,звонок,True
3656,2026-07-10,Менеджер 5,Могилёв,офисные столы,1,0,0.0,0.0,0.0,новый,реклама,True
3657,2026-07-10,Менеджер 2,Витебск,шкафы,1,0,0.0,0.0,0.0,повторный,партнёр,True
3658,2026-07-10,Менеджер 1,Гомель,офисные кресла,1,0,0.0,0.0,0.0,повторный,реклама,True
3659,2026-07-10,Менеджер 5,Гомель,офисные кресла,1,0,0.0,0.0,0.0,повторный,сайт,True
3660,2026-07-10,Менеджер 5,Витебск,офисные столы,1,1,881.97,290.1,0.01,новый,партнёр,True
3661,2026-07-10,Менеджер 1,Витебск,офисные кресла,1,1,478.22,170.86,0.077,повторный,звонок,True
3662,2026-07-10,Менеджер 1,Брест,офисные столы,1,0,0.0,0.0,0.0,новый,сайт,True
3663,2026-07-10,Менеджер 4,Гомель,шкафы,1,0,0.0,0.0,0.0,новый,реклама,True
3664,2026-07-10,Менеджер 3,Брест,офисные кресла,1,1,779.79,290.02,0.023,повторный,звонок,True
3665,2026-07-10,Менеджер 1,Витебск,шкафы,1,0,0.0,0.0,0.0,повторный,звонок,True
3666,2026-07-10,Менеджер 5,Витебск,офисные столы,1,0,0.0,0.0,0.0,новый,реклама,True
3667,2026-07-10,Менеджер 1,Гродно,офисные столы,1,1,744.7,222.95,0.053,повторный,партнёр,True
3668,2026-07-10,Менеджер 3,Брест,офисные кресла,1,0,0.0,0.0,0.0,новый,сайт,True
3669,2026-07-10,Менеджер 3,Гомель,офисные кресла,1,0,0.0,0.0,0.0,повторный,партнёр,True
3670,2026-07-10,Менеджер 3,Брест,шкафы,1,0,0.0,0.0,0.0,повторный,реклама,True
3671,2026-07-10,Менеджер 3,Гродно,офисные кресла,1,0,0.0,0.0,0.0,повторный,звонок,True
3672,2026-07-10,Менеджер 4,Гродно,шкафы,1,0,0.0,0.0,0.0,новый,звонок,True
3673,2026-07-10,Менеджер 5,Могилёв,шкафы,1,0,0.0,0.0,0.0,повторный,звонок,True
3674,2026-07-10,Менеджер 1,Могилёв,шкафы,1,1,1541.29,431.51,0.051,новый,сайт,True
3675,2026-07-10,Менеджер 3,Гомель,офисные столы,1,0,0.0,0.0,0.0,новый,сайт,True
3676,2026-07-10,Менеджер 1,Витебск,шкафы,1,0,0.0,0.0,0.0,новый,партнёр,True
3677,2026-07-10,Менеджер 1,Гродно,шкафы,1,0,0.0,0.0,0.0,новый,партнёр,True
3678,2026-07-10,Менеджер 5,Гродно,шкафы,1,0,0.0,0.0,0.0,повторный,звонок,True
3679,2026-07-10,Менеджер 1,Брест,офисные столы,1,0,0.0,0.0,0.0,новый,звонок,True
3680,2026-07-10,Менеджер 2,Гомель,шкафы,1,0,0.0,0.0,0.0,новый,звонок,True
3681,2026-07-10,Менеджер 3,Гомель,офисные кресла,1,0,0.0,0.0,0.0,повторный,реклама,True
3682,2026-07-10,Менеджер 2,Гомель,офисные столы,1,0,0.0,0.0,0.0,новый,реклама,True
3683,2026-07-10,Менеджер 3,Гомель,офисные кресла,1,0,0.0,0.0,0.0,новый,звонок,True
3684,2026-07-10,Менеджер 1,Витебск,шкафы,1,0,0.0,0.0,0.0,новый,реклама,True
3685,2026-07-10,Менеджер 4,Витебск,офисные столы,1,0,0.0,0.0,0.0,повторный,сайт,True
3686,2026-07-10,Менеджер 2,Брест,офисные столы,1,1,899.6,234.02,0.026,новый,партнёр,True
3687,2026-07-10,Менеджер 4,Брест,офисные столы,1,0,0.0,0.0,0.0,повторный,сайт,True
3688,2026-07-10,Менеджер 1,Витебск,офисные кресла,1,0,0.0,0.0,0.0,новый,звонок,True
3689,2026-07-10,Менеджер 4,Витебск,шкафы,1,0,0.0,0.0,0.0,новый,сайт,True
3690,2026-07-10,Менеджер 2,Могилёв,шкафы,1,0,0.0,0.0,0.0,новый,сайт,True
3691,2026-07-10,Менеджер 4,Могилёв,офисные кресла,1,0,0.0,0.0,0.0,повторный,реклама,True
3692,2026-07-10,Менеджер 4,Брест,офисные столы,1,0,0.0,0.0,0.0,повторный,звонок,True
3693,2026-07-10,Менеджер 1,Могилёв,офисные кресла,1,0,0.0,0.0,0.0,новый,сайт,True
3694,2026-07-11,Менеджер 1,Гомель,офисные кресла,1,0,0.0,0.0,0.0,повторный,звонок,True
3695,2026-07-11,Менеджер 3,Гродно,офисные столы,1,0,0.0,0.0,0.0,новый,звонок,True
3696,2026-07-11,Менеджер 5,Могилёв,офисные столы,1,0,0.0,0.0,0.0,повторный,реклама,True
3697,2026-07-11,Менеджер 4,Брест,офисные столы,1,0,0.0,0.0,0.0,новый,реклама,True
3698,2026-07-11,Менеджер 1,Гродно,офисные кресла,1,0,0.0,0.0,0.0,повторный,сайт,True
3699,2026-07-11,Менеджер 3,Витебск,шкафы,1,0,0.0,0.0,0.0,новый,реклама,True
3700,2026-07-11,Менеджер 5,Гомель,офисные кресла,1,0,0.0,0.0,0.0,повторный,сайт,True
3701,2026-07-11,Менеджер 2,Витебск,шкафы,1,1,1130.27,290.35,0.103,новый,звонок,True
3702,2026-07-11,Менеджер 5,Брест,офисные столы,1,0,0.0,0.0,0.0,новый,реклама,True
3703,2026-07-11,Менеджер 1,Гомель,офисные столы,1,0,0.0,0.0,0.0,повторный,сайт,True
3704,2026-07-11,Менеджер 5,Брест,шкафы,1,0,0.0,0.0,0.0,новый,реклама,True
3705,2026-07-11,Менеджер 4,Гомель,шкафы,1,1,1411.51,353.14,0.0,новый,сайт,True
3706,2026-07-11,Менеджер 3,Гродно,шкафы,1,1,1435.77,355.72,0.0,новый,реклама,True
3707,2026-07-11,Менеджер 3,Гродно,офисные столы,1,1,973.11,280.96,0.099,повторный,сайт,True
3708,2026-07-11,Менеджер 2,Могилёв,шкафы,1,0,0.0,0.0,0.0,новый,реклама,True
3709,2026-07-11,Менеджер 1,Гомель,офисные кресла,1,1,615.37,170.05,0.147,повторный,партнёр,True
3710,2026-07-11,Менеджер 4,Могилёв,офисные кресла,1,0,0.0,0.0,0.0,повторный,реклама,True
3711,2026-07-11,Менеджер 4,Витебск,шкафы,1,0,0.0,0.0,0.0,новый,партнёр,True
3712,2026-07-11,Менеджер 2,Могилёв,офисные кресла,1,0,0.0,0.0,0.0,повторный,звонок,True
3713,2026-07-11,Менеджер 5,Гродно,офисные кресла,1,0,0.0,0.0,0.0,новый,партнёр,True
3714,2026-07-11,Менеджер 4,Брест,офисные кресла,1,0,0.0,0.0,0.0,повторный,реклама,True
3715,2026-07-11,Менеджер 2,Витебск,шкафы,1,0,0.0,0.0,0.0,повторный,звонок,True
3716,2026-07-11,Менеджер 4,Брест,офисные столы,1,0,0.0,0.0,0.0,новый,партнёр,True
3717,2026-07-11,Менеджер 3,Брест,шкафы,1,0,0.0,0.0,0.0,повторный,сайт,True
3718,2026-07-11,Менеджер 2,Гомель,шкафы,1,0,0.0,0.0,0.0,повторный,звонок,True
3719,2026-07-11,Менеджер 2,Могилёв,офисные столы,1,0,0.0,0.0,0.0,новый,звонок,True
3720,2026-07-11,Менеджер 3,Гродно,шкафы,1,1,1277.28,331.26,0.01,повторный,реклама,True
3721,2026-07-11,Менеджер 2,Витебск,офисные кресла,1,0,0.0,0.0,0.0,новый,реклама,True
3722,2026-07-11,Менеджер 3,Витебск,шкафы,1,0,0.0,0.0,0.0,повторный,партнёр,True
3723,2026-07-11,Менеджер 1,Брест,офисные кресла,1,0,0.0,0.0,0.0,новый,реклама,True
3724,2026-07-11,Менеджер 1,Гродно,шкафы,1,0,0.0,0.0,0.0,новый,партнёр,True
3725,2026-07-11,Менеджер 5,Брест,офисные кресла,1,0,0.0,0.0,0.0,повторный,реклама,True
3726,2026-07-11,Менеджер 2,Гомель,шкафы,1,1,1030.3,296.0,0.03,новый,сайт,True
3727,2026-07-11,Менеджер 3,Гомель,офисные кресла,1,1,552.44,201.96,0.045,повторный,звонок,True
3728,2026-07-11,Менеджер 1,Гродно,офисные кресла,1,1,604.53,223.26,0.121,повторный,звонок,True
3729,2026-07-11,Менеджер 1,Могилёв,офисные кресла,1,1,498.69,142.9,0.072,новый,сайт,True
3730,2026-07-11,Менеджер 4,Могилёв,офисные кресла,1,0,0.0,0.0,0.0,новый,звонок,True
3731,2026-07-11,Менеджер 3,Витебск,офисные столы,1,1,950.34,285.76,0.115,повторный,сайт,True
3732,2026-07-11,Менеджер 3,Брест,шкафы,1,0,0.0,0.0,0.0,новый,звонок,True
3733,2026-07-11,Менеджер 1,Гродно,офисные кресла,1,0,0.0,0.0,0.0,повторный,реклама,True
3734,2026-07-11,Менеджер 4,Гродно,офисные кресла,1,1,662.44,234.45,0.099,новый,сайт,True
3735,2026-07-11,Менеджер 5,Витебск,офисные столы,1,0,0.0,0.0,0.0,повторный,реклама,True
3736,2026-07-11,Менеджер 2,Могилёв,офисные кресла,1,1,514.88,165.45,0.014,новый,звонок,True
3737,2026-07-11,Менеджер 4,Витебск,шкафы,1,0,0.0,0.0,0.0,новый,звонок,True
3738,2026-07-11,Менеджер 5,Брест,шкафы,1,0,0.0,0.0,0.0,новый,реклама,True
3739,2026-07-11,Менеджер 4,Витебск,офисные столы,1,0,0.0,0.0,0.0,новый,реклама,True
3740,2026-07-11,Менеджер 4,Могилёв,шкафы,1,0,0.0,0.0,0.0,повторный,сайт,True
3741,2026-07-11,Менеджер 4,Могилёв,офисные кресла,1,0,0.0,0.0,0.0,новый,сайт,True
3742,2026-07-11,Менеджер 5,Витебск,офисные столы,1,0,0.0,0.0,0.0,новый,звонок,True
3743,2026-07-11,Менеджер 5,Витебск,шкафы,1,0,0.0,0.0,0.0,новый,сайт,True
3744,2026-07-11,Менеджер 5,Брест,офисные столы,1,0,0.0,0.0,0.0,новый,реклама,True
3745,2026-07-11,Менеджер 2,Витебск,шкафы,1,0,0.0,0.0,0.0,новый,партнёр,True
3746,2026-07-12,Менеджер 1,Брест,офисные столы,1,1,781.94,230.51,0.122,повторный,сайт,True
3747,2026-07-12,Менеджер 3,Брест,офисные столы,1,1,681.46,221.11,0.134,новый,звонок,True
3748,2026-07-12,Менеджер 1,Гродно,офисные кресла,1,0,0.0,0.0,0.0,новый,звонок,True
3749,2026-07-12,Менеджер 2,Брест,шкафы,1,0,0.0,0.0,0.0,повторный,сайт,True
3750,2026-07-12,Менеджер 4,Могилёв,шкафы,1,1,1272.73,297.58,0.163,новый,сайт,True
3751,2026-07-12,Менеджер 1,Витебск,офисные столы,1,0,0.0,0.0,0.0,новый,партнёр,True
3752,2026-07-12,Менеджер 2,Брест,шкафы,1,1,923.52,275.06,0.063,новый,партнёр,True
3753,2026-07-12,Менеджер 5,Витебск,офисные кресла,1,0,0.0,0.0,0.0,новый,партнёр,True
3754,2026-07-12,Менеджер 2,Могилёв,офисные кресла,1,0,0.0,0.0,0.0,новый,звонок,True
3755,2026-07-12,Менеджер 1,Витебск,офисные кресла,1,1,787.28,287.11,0.047,повторный,реклама,True
3756,2026-07-12,Менеджер 1,Витебск,офисные столы,1,0,0.0,0.0,0.0,повторный,партнёр,True
3757,2026-07-12,Менеджер 5,Могилёв,шкафы,1,0,0.0,0.0,0.0,новый,реклама,True
3758,2026-07-12,Менеджер 1,Могилёв,офисные столы,1,0,0.0,0.0,0.0,новый,звонок,True
3759,2026-07-12,Менеджер 1,Витебск,шкафы,1,0,0.0,0.0,0.0,новый,партнёр,True
3760,2026-07-12,Менеджер 2,Гомель,шкафы,1,1,938.63,249.04,0.091,новый,звонок,True
3761,2026-07-12,Менеджер 4,Витебск,шкафы,1,1,1104.54,341.4,0.059,новый,сайт,True
3762,2026-07-12,Менеджер 3,Гомель,офисные кресла,1,0,0.0,0.0,0.0,новый,реклама,True
3763,2026-07-12,Менеджер 5,Витебск,офисные кресла,1,0,0.0,0.0,0.0,повторный,сайт,True
3764,2026-07-12,Менеджер 5,Гродно,офисные кресла,1,1,529.57,158.69,0.092,повторный,звонок,True
3765,2026-07-12,Менеджер 5,Могилёв,офисные столы,1,0,0.0,0.0,0.0,новый,реклама,True
3766,2026-07-12,Менеджер 4,Могилёв,шкафы,1,1,1458.29,347.04,0.094,повторный,звонок,True
3767,2026-07-12,Менеджер 3,Витебск,шкафы,1,0,0.0,0.0,0.0,новый,звонок,True
3768,2026-07-12,Менеджер 4,Брест,шкафы,1,0,0.0,0.0,0.0,повторный,сайт,True
3769,2026-07-12,Менеджер 5,Брест,офисные кресла,1,0,0.0,0.0,0.0,новый,партнёр,True
3770,2026-07-12,Менеджер 5,Брест,офисные кресла,1,0,0.0,0.0,0.0,новый,партнёр,True
3771,2026-07-12,Менеджер 2,Гродно,офисные кресла,1,0,0.0,0.0,0.0,новый,реклама,True
3772,2026-07-12,Менеджер 3,Гомель,шкафы,1,0,0.0,0.0,0.0,новый,партнёр,True
3773,2026-07-12,Менеджер 4,Витебск,офисные кресла,1,0,0.0,0.0,0.0,повторный,реклама,True
3774,2026-07-12,Менеджер 2,Гродно,шкафы,1,0,0.0,0.0,0.0,новый,сайт,True
3775,2026-07-12,Менеджер 5,Могилёв,офисные кресла,1,0,0.0,0.0,0.0,новый,партнёр,True
3776,2026-07-12,Менеджер 1,Могилёв,офисные кресла,1,0,0.0,0.0,0.0,новый,звонок,True
3777,2026-07-12,Менеджер 3,Могилёв,шкафы,1,0,0.0,0.0,0.0,новый,звонок,True
3778,2026-07-12,Менеджер 2,Могилёв,шкафы,1,0,0.0,0.0,0.0,новый,звонок,True
3779,2026-07-12,Менеджер 3,Брест,офисные столы,1,0,0.0,0.0,0.0,новый,звонок,True
3780,2026-07-12,Менеджер 4,Могилёв,офисные кресла,1,0,0.0,0.0,0.0,повторный,звонок,True
3781,2026-07-12,Менеджер 2,Гродно,офисные кресла,1,0,0.0,0.0,0.0,новый,звонок,True
3782,2026-07-12,Менеджер 4,Гродно,шкафы,1,1,1290.58,343.18,0.069,новый,реклама,True
3783,2026-07-12,Менеджер 1,Гомель,офисные кресла,1,0,0.0,0.0,0.0,новый,реклама,True
3784,2026-07-12,Менеджер 2,Брест,офисные кресла,1,0,0.0,0.0,0.0,новый,реклама,True
3785,2026-07-12,Менеджер 5,Гомель,офисные кресла,1,0,0.0,0.0,0.0,новый,сайт,True
3786,2026-07-12,Менеджер 5,Брест,офисные столы,1,1,670.29,198.32,0.019,новый,сайт,True
3787,2026-07-12,Менеджер 2,Брест,офисные кресла,1,1,737.66,261.61,0.0,новый,сайт,True
3788,2026-07-12,Менеджер 2,Брест,шкафы,1,0,0.0,0.0,0.0,новый,сайт,True
3789,2026-07-12,Менеджер 1,Могилёв,шкафы,1,0,0.0,0.0,0.0,новый,звонок,True
3790,2026-07-12,Менеджер 4,Гомель,шкафы,1,0,0.0,0.0,0.0,новый,реклама,True
3791,2026-07-12,Менеджер 4,Гомель,офисные столы,1,0,0.0,0.0,0.0,повторный,партнёр,True
3792,2026-07-12,Менеджер 5,Гродно,офисные кресла,1,0,0.0,0.0,0.0,новый,звонок,True
3793,2026-07-12,Менеджер 4,Гродно,офисные кресла,1,0,0.0,0.0,0.0,новый,звонок,True
3794,2026-07-12,Менеджер 2,Брест,офисные кресла,1,0,0.0,0.0,0.0,новый,звонок,True
3795,2026-07-12,Менеджер 5,Могилёв,шкафы,1,0,0.0,0.0,0.0,повторный,сайт,True
3796,2026-07-12,Менеджер 4,Гомель,шкафы,1,0,0.0,0.0,0.0,повторный,сайт,True
3797,2026-07-12,Менеджер 2,Гомель,офисные кресла,1,0,0.0,0.0,0.0,новый,партнёр,True
3798,2026-07-13,Менеджер 2,Гомель,офисные кресла,1,1,784.15,262.04,0.107,повторный,партнёр,True
3799,2026-07-13,Менеджер 4,Витебск,офисные столы,1,1,959.35,312.12,0.107,новый,сайт,True
3800,2026-07-13,Менеджер 5,Гродно,шкафы,1,0,0.0,0.0,0.0,новый,реклама,True
3801,2026-07-13,Менеджер 2,Брест,шкафы,1,0,0.0,0.0,0.0,повторный,сайт,True
3802,2026-07-13,Менеджер 4,Могилёв,офисные столы,1,1,693.37,227.51,0.039,повторный,партнёр,True
3803,2026-07-13,Менеджер 5,Гродно,офисные кресла,1,0,0.0,0.0,0.0,новый,сайт,True
3804,2026-07-13,Менеджер 3,Витебск,офисные кресла,1,0,0.0,0.0,0.0,новый,звонок,True
3805,2026-07-13,Менеджер 4,Гродно,шкафы,1,0,0.0,0.0,0.0,новый,партнёр,True
3806,2026-07-13,Менеджер 5,Гродно,офисные столы,1,0,0.0,0.0,0.0,повторный,звонок,True
3807,2026-07-13,Менеджер 4,Витебск,офисные столы,1,1,915.42,220.37,0.144,новый,реклама,True
3808,2026-07-13,Менеджер 1,Брест,офисные кресла,1,0,0.0,0.0,0.0,новый,реклама,True
3809,2026-07-13,Менеджер 5,Могилёв,офисные кресла,1,0,0.0,0.0,0.0,новый,звонок,True
3810,2026-07-13,Менеджер 5,Могилёв,шкафы,1,0,0.0,0.0,0.0,повторный,сайт,True
3811,2026-07-13,Менеджер 2,Могилёв,офисные кресла,1,0,0.0,0.0,0.0,повторный,реклама,True
3812,2026-07-13,Менеджер 4,Могилёв,офисные кресла,1,0,0.0,0.0,0.0,повторный,реклама,True
3813,2026-07-13,Менеджер 3,Гродно,офисные кресла,1,0,0.0,0.0,0.0,новый,партнёр,True
3814,2026-07-13,Менеджер 3,Гродно,офисные кресла,1,0,0.0,0.0,0.0,новый,партнёр,True
3815,2026-07-13,Менеджер 4,Гродно,шкафы,1,0,0.0,0.0,0.0,новый,партнёр,True
3816,2026-07-13,Менеджер 5,Могилёв,офисные кресла,1,0,0.0,0.0,0.0,повторный,партнёр,True
3817,2026-07-13,Менеджер 3,Гродно,офисные столы,1,1,815.59,230.21,0.07,новый,сайт,True
3818,2026-07-13,Менеджер 4,Гродно,шкафы,1,0,0.0,0.0,0.0,новый,сайт,True
3819,2026-07-13,Менеджер 5,Могилёв,офисные кресла,1,0,0.0,0.0,0.0,новый,реклама,True
3820,2026-07-13,Менеджер 3,Могилёв,офисные столы,1,1,1174.62,351.39,0.031,новый,звонок,True
3821,2026-07-13,Менеджер 5,Гродно,офисные кресла,1,1,553.02,180.78,0.018,повторный,реклама,True
3822,2026-07-13,Менеджер 3,Витебск,офисные кресла,1,1,670.56,221.08,0.065,повторный,звонок,True
3823,2026-07-13,Менеджер 4,Гродно,шкафы,1,0,0.0,0.0,0.0,повторный,звонок,True
3824,2026-07-13,Менеджер 4,Гродно,офисные кресла,1,1,609.31,225.23,0.057,новый,партнёр,True
3825,2026-07-13,Менеджер 3,Могилёв,шкафы,1,0,0.0,0.0,0.0,повторный,сайт,True
3826,2026-07-13,Менеджер 5,Гомель,офисные столы,1,0,0.0,0.0,0.0,новый,реклама,True
3827,2026-07-13,Менеджер 2,Витебск,шкафы,1,1,1007.06,235.01,0.054,повторный,партнёр,True
3828,2026-07-13,Менеджер 1,Брест,офисные столы,1,0,0.0,0.0,0.0,новый,реклама,True
3829,2026-07-13,Менеджер 5,Брест,офисные кресла,1,1,838.33,296.34,0.071,новый,партнёр,True
3830,2026-07-13,Менеджер 3,Витебск,офисные кресла,1,0,0.0,0.0,0.0,повторный,звонок,True
3831,2026-07-13,Менеджер 5,Витебск,офисные кресла,1,0,0.0,0.0,0.0,повторный,сайт,True
3832,2026-07-13,Менеджер 3,Витебск,офисные кресла,1,0,0.0,0.0,0.0,новый,звонок,True
3833,2026-07-13,Менеджер 5,Гродно,офисные столы,1,0,0.0,0.0,0.0,повторный,реклама,True
3834,2026-07-13,Менеджер 4,Витебск,офисные кресла,1,0,0.0,0.0,0.0,новый,партнёр,True
3835,2026-07-13,Менеджер 5,Могилёв,шкафы,1,0,0.0,0.0,0.0,повторный,партнёр,True
3836,2026-07-13,Менеджер 3,Гомель,офисные столы,1,0,0.0,0.0,0.0,новый,партнёр,True
3837,2026-07-13,Менеджер 5,Витебск,шкафы,1,0,0.0,0.0,0.0,новый,партнёр,True
3838,2026-07-13,Менеджер 3,Могилёв,шкафы,1,0,0.0,0.0,0.0,повторный,партнёр,True
3839,2026-07-13,Менеджер 5,Витебск,офисные столы,1,1,1168.4,333.39,0.07,новый,реклама,True
3840,2026-07-13,Менеджер 5,Брест,офисные столы,1,1,746.2,187.35,0.094,повторный,звонок,True
3841,2026-07-13,Менеджер 2,Гомель,офисные столы,1,0,0.0,0.0,0.0,новый,звонок,True
3842,2026-07-13,Менеджер 1,Могилёв,офисные кресла,1,1,511.77,178.78,0.145,новый,звонок,True
3843,2026-07-13,Менеджер 3,Брест,офисные столы,1,0,0.0,0.0,0.0,новый,звонок,True
3844,2026-07-13,Менеджер 5,Могилёв,шкафы,1,0,0.0,0.0,0.0,повторный,сайт,True
3845,2026-07-14,Менеджер 1,Гродно,офисные столы,1,0,0.0,0.0,0.0,новый,партнёр,True
3846,2026-07-14,Менеджер 4,Витебск,шкафы,1,0,0.0,0.0,0.0,новый,реклама,True
3847,2026-07-14,Менеджер 5,Гродно,офисные кресла,1,1,670.81,229.89,0.11,новый,сайт,True
3848,2026-07-14,Менеджер 2,Гомель,офисные кресла,1,0,0.0,0.0,0.0,повторный,партнёр,True
3849,2026-07-14,Менеджер 1,Гомель,шкафы,1,1,1536.15,428.4,0.027,новый,партнёр,True
3850,2026-07-14,Менеджер 2,Гомель,офисные столы,1,0,0.0,0.0,0.0,новый,сайт,True
3851,2026-07-14,Менеджер 2,Витебск,офисные кресла,1,1,696.64,208.1,0.1,новый,звонок,True
3852,2026-07-14,Менеджер 4,Витебск,шкафы,1,0,0.0,0.0,0.0,повторный,сайт,True
3853,2026-07-14,Менеджер 1,Витебск,офисные кресла,1,1,570.1,205.03,0.072,новый,сайт,True
3854,2026-07-14,Менеджер 4,Гродно,офисные кресла,1,0,0.0,0.0,0.0,новый,звонок,True
3855,2026-07-14,Менеджер 2,Могилёв,офисные кресла,1,0,0.0,0.0,0.0,повторный,сайт,True
3856,2026-07-14,Менеджер 4,Могилёв,офисные кресла,1,0,0.0,0.0,0.0,новый,сайт,True
3857,2026-07-14,Менеджер 1,Гродно,офисные кресла,1,0,0.0,0.0,0.0,новый,звонок,True
3858,2026-07-14,Менеджер 5,Могилёв,шкафы,1,1,1473.77,364.54,0.013,новый,партнёр,True
3859,2026-07-14,Менеджер 1,Гомель,офисные кресла,1,0,0.0,0.0,0.0,новый,сайт,True
3860,2026-07-14,Менеджер 4,Могилёв,шкафы,1,0,0.0,0.0,0.0,новый,реклама,True
3861,2026-07-14,Менеджер 5,Могилёв,шкафы,1,0,0.0,0.0,0.0,новый,реклама,True
3862,2026-07-14,Менеджер 3,Витебск,офисные столы,1,0,0.0,0.0,0.0,новый,реклама,True
3863,2026-07-14,Менеджер 1,Гомель,офисные кресла,1,0,0.0,0.0,0.0,новый,звонок,True
3864,2026-07-14,Менеджер 4,Витебск,офисные кресла,1,0,0.0,0.0,0.0,новый,реклама,True
3865,2026-07-14,Менеджер 4,Могилёв,офисные кресла,1,0,0.0,0.0,0.0,новый,сайт,True
3866,2026-07-14,Менеджер 3,Гродно,офисные столы,1,0,0.0,0.0,0.0,новый,звонок,True
3867,2026-07-14,Менеджер 1,Гродно,шкафы,1,0,0.0,0.0,0.0,новый,звонок,True
3868,2026-07-14,Менеджер 3,Витебск,офисные столы,1,1,840.78,260.47,0.063,новый,сайт,True
3869,2026-07-14,Менеджер 3,Витебск,офисные столы,1,1,717.92,232.79,0.125,новый,реклама,True
3870,2026-07-14,Менеджер 4,Витебск,офисные кресла,1,1,613.23,185.33,0.111,новый,партнёр,True
3871,2026-07-14,Менеджер 3,Брест,шкафы,1,0,0.0,0.0,0.0,новый,реклама,True
3872,2026-07-14,Менеджер 2,Витебск,шкафы,1,0,0.0,0.0,0.0,повторный,сайт,True
3873,2026-07-14,Менеджер 4,Гродно,шкафы,1,0,0.0,0.0,0.0,повторный,звонок,True
3874,2026-07-14,Менеджер 5,Витебск,офисные столы,1,1,852.33,241.45,0.074,новый,звонок,True
3875,2026-07-14,Менеджер 2,Могилёв,шкафы,1,0,0.0,0.0,0.0,новый,звонок,True
3876,2026-07-14,Менеджер 2,Гродно,офисные столы,1,0,0.0,0.0,0.0,повторный,партнёр,True
3877,2026-07-14,Менеджер 1,Гродно,офисные кресла,1,0,0.0,0.0,0.0,повторный,сайт,True
3878,2026-07-14,Менеджер 3,Гомель,офисные столы,1,0,0.0,0.0,0.0,новый,реклама,True
3879,2026-07-14,Менеджер 4,Могилёв,офисные кресла,1,1,740.94,223.26,0.024,новый,сайт,True
3880,2026-07-14,Менеджер 5,Брест,офисные кресла,1,0,0.0,0.0,0.0,новый,партнёр,True
3881,2026-07-14,Менеджер 5,Гомель,офисные кресла,1,0,0.0,0.0,0.0,новый,звонок,True
3882,2026-07-14,Менеджер 3,Витебск,шкафы,1,0,0.0,0.0,0.0,новый,реклама,True
3883,2026-07-14,Менеджер 5,Брест,шкафы,1,0,0.0,0.0,0.0,новый,сайт,True
3884,2026-07-14,Менеджер 1,Брест,офисные столы,1,0,0.0,0.0,0.0,повторный,партнёр,True
3885,2026-07-14,Менеджер 1,Могилёв,шкафы,1,0,0.0,0.0,0.0,повторный,реклама,True
3886,2026-07-14,Менеджер 3,Витебск,шкафы,1,0,0.0,0.0,0.0,новый,партнёр,True
3887,2026-07-14,Менеджер 3,Брест,офисные столы,1,0,0.0,0.0,0.0,новый,партнёр,True
3888,2026-07-14,Менеджер 5,Гомель,офисные столы,1,0,0.0,0.0,0.0,новый,реклама,True
3889,2026-07-14,Менеджер 2,Брест,офисные кресла,1,1,632.84,219.52,0.052,повторный,партнёр,True
3890,2026-07-15,Менеджер 1,Витебск,офисные кресла,1,1,508.66,163.63,0.028,новый,реклама,True
3891,2026-07-15,Менеджер 4,Гомель,офисные столы,1,0,0.0,0.0,0.0,повторный,партнёр,True
3892,2026-07-15,Менеджер 2,Гомель,шкафы,1,1,1408.24,388.05,0.067,новый,партнёр,True
3893,2026-07-15,Менеджер 5,Витебск,офисные столы,1,0,0.0,0.0,0.0,новый,реклама,True
3894,2026-07-15,Менеджер 2,Могилёв,офисные столы,1,1,778.85,194.74,0.082,новый,звонок,True
3895,2026-07-15,Менеджер 3,Гродно,офисные столы,1,1,1110.63,288.48,0.065,повторный,звонок,True
3896,2026-07-15,Менеджер 4,Гродно,офисные столы,1,1,706.05,228.88,0.0,повторный,партнёр,True
3897,2026-07-15,Менеджер 4,Гомель,офисные кресла,1,0,0.0,0.0,0.0,повторный,звонок,True
3898,2026-07-15,Менеджер 1,Гродно,офисные кресла,1,1,463.76,165.21,0.114,новый,реклама,True
3899,2026-07-15,Менеджер 4,Брест,офисные столы,1,0,0.0,0.0,0.0,повторный,партнёр,True
3900,2026-07-15,Менеджер 4,Гомель,шкафы,1,0,0.0,0.0,0.0,новый,звонок,True
3901,2026-07-15,Менеджер 3,Гомель,офисные столы,1,0,0.0,0.0,0.0,повторный,звонок,True
3902,2026-07-15,Менеджер 4,Витебск,шкафы,1,1,914.51,265.87,0.037,новый,партнёр,True
3903,2026-07-15,Менеджер 3,Брест,шкафы,1,1,878.88,222.3,0.078,новый,партнёр,True
3904,2026-07-15,Менеджер 3,Витебск,офисные столы,1,0,0.0,0.0,0.0,повторный,партнёр,True
3905,2026-07-15,Менеджер 2,Гомель,офисные столы,1,0,0.0,0.0,0.0,новый,реклама,True
3906,2026-07-15,Менеджер 4,Витебск,офисные столы,1,1,934.99,249.75,0.066,повторный,сайт,True
3907,2026-07-15,Менеджер 1,Гродно,офисные кресла,1,0,0.0,0.0,0.0,новый,сайт,True
3908,2026-07-15,Менеджер 3,Гродно,офисные кресла,1,1,661.68,228.2,0.105,новый,сайт,True
3909,2026-07-15,Менеджер 1,Могилёв,офисные столы,1,0,0.0,0.0,0.0,новый,звонок,True
3910,2026-07-15,Менеджер 1,Гродно,офисные столы,1,0,0.0,0.0,0.0,новый,реклама,True
3911,2026-07-15,Менеджер 1,Витебск,шкафы,1,0,0.0,0.0,0.0,повторный,сайт,True
3912,2026-07-15,Менеджер 2,Гродно,шкафы,1,0,0.0,0.0,0.0,повторный,звонок,True
3913,2026-07-15,Менеджер 4,Гомель,офисные столы,1,0,0.0,0.0,0.0,новый,партнёр,True
3914,2026-07-15,Менеджер 2,Могилёв,шкафы,1,0,0.0,0.0,0.0,новый,реклама,True
3915,2026-07-15,Менеджер 2,Витебск,шкафы,1,1,1076.29,262.29,0.074,повторный,партнёр,True
3916,2026-07-15,Менеджер 1,Могилёв,офисные кресла,1,1,718.6,225.5,0.096,новый,сайт,True
3917,2026-07-15,Менеджер 1,Гродно,офисные столы,1,0,0.0,0.0,0.0,повторный,сайт,True
3918,2026-07-15,Менеджер 5,Могилёв,шкафы,1,1,880.15,231.82,0.045,новый,сайт,True
3919,2026-07-15,Менеджер 3,Гродно,офисные столы,1,0,0.0,0.0,0.0,новый,звонок,True
3920,2026-07-15,Менеджер 5,Могилёв,офисные столы,1,0,0.0,0.0,0.0,повторный,партнёр,True
3921,2026-07-15,Менеджер 5,Гродно,шкафы,1,1,1370.05,422.85,0.077,новый,партнёр,True
3922,2026-07-15,Менеджер 4,Могилёв,шкафы,1,0,0.0,0.0,0.0,новый,партнёр,True
3923,2026-07-15,Менеджер 2,Гомель,шкафы,1,0,0.0,0.0,0.0,новый,сайт,True
3924,2026-07-15,Менеджер 1,Гомель,офисные кресла,1,0,0.0,0.0,0.0,новый,звонок,True
3925,2026-07-15,Менеджер 1,Гомель,офисные столы,1,1,1024.18,306.55,0.189,новый,реклама,True
3926,2026-07-15,Менеджер 1,Гродно,шкафы,1,1,1188.19,270.96,0.116,новый,звонок,True
3927,2026-07-15,Менеджер 2,Гомель,офисные столы,1,0,0.0,0.0,0.0,новый,партнёр,True
3928,2026-07-15,Менеджер 4,Витебск,офисные столы,1,0,0.0,0.0,0.0,новый,сайт,True
3929,2026-07-15,Менеджер 5,Могилёв,офисные столы,1,0,0.0,0.0,0.0,новый,сайт,True
3930,2026-07-15,Менеджер 3,Могилёв,офисные кресла,1,0,0.0,0.0,0.0,повторный,звонок,True
3931,2026-07-15,Менеджер 5,Гродно,шкафы,1,0,0.0,0.0,0.0,новый,звонок,True
3932,2026-07-15,Менеджер 2,Могилёв,офисные столы,1,0,0.0,0.0,0.0,новый,сайт,True
3933,2026-07-15,Менеджер 3,Гомель,шкафы,1,1,1391.39,350.54,0.085,повторный,реклама,True
3934,2026-07-15,Менеджер 3,Витебск,шкафы,1,0,0.0,0.0,0.0,новый,звонок,True
3935,2026-07-15,Менеджер 2,Гродно,шкафы,1,0,0.0,0.0,0.0,новый,звонок,True
3936,2026-07-16,Менеджер 2,Витебск,офисные кресла,1,0,0.0,0.0,0.0,новый,партнёр,True
3937,2026-07-16,Менеджер 4,Гомель,шкафы,1,0,0.0,0.0,0.0,новый,сайт,True
3938,2026-07-16,Менеджер 4,Витебск,офисные кресла,1,0,0.0,0.0,0.0,новый,партнёр,True
3939,2026-07-16,Менеджер 2,Могилёв,офисные столы,1,0,0.0,0.0,0.0,новый,реклама,True
3940,2026-07-16,Менеджер 3,Брест,шкафы,1,0,0.0,0.0,0.0,новый,партнёр,True
3941,2026-07-16,Менеджер 3,Гомель,офисные столы,1,0,0.0,0.0,0.0,новый,партнёр,True
3942,2026-07-16,Менеджер 1,Витебск,офисные столы,1,1,998.22,309.65,0.106,новый,реклама,True
3943,2026-07-16,Менеджер 3,Гродно,офисные кресла,1,1,813.04,252.28,0.058,новый,реклама,True
3944,2026-07-16,Менеджер 2,Гомель,офисные кресла,1,0,0.0,0.0,0.0,новый,реклама,True
3945,2026-07-16,Менеджер 5,Могилёв,шкафы,1,1,1167.89,304.14,0.107,новый,сайт,True
3946,2026-07-16,Менеджер 4,Брест,офисные кресла,1,1,762.49,243.51,0.134,новый,звонок,True
3947,2026-07-16,Менеджер 1,Гомель,офисные кресла,1,1,720.34,269.26,0.096,новый,партнёр,True
3948,2026-07-16,Менеджер 3,Брест,офисные столы,1,0,0.0,0.0,0.0,повторный,звонок,True
3949,2026-07-16,Менеджер 3,Гомель,шкафы,1,1,1373.47,348.52,0.164,новый,звонок,True
3950,2026-07-16,Менеджер 1,Гомель,офисные столы,1,1,707.64,185.22,0.0,новый,реклама,True
3951,2026-07-16,Менеджер 1,Витебск,шкафы,1,0,0.0,0.0,0.0,повторный,партнёр,True
3952,2026-07-16,Менеджер 1,Гомель,офисные столы,1,0,0.0,0.0,0.0,новый,партнёр,True
3953,2026-07-16,Менеджер 3,Гомель,офисные столы,1,0,0.0,0.0,0.0,новый,сайт,True
3954,2026-07-16,Менеджер 2,Гродно,офисные кресла,1,0,0.0,0.0,0.0,новый,сайт,True
3955,2026-07-16,Менеджер 2,Витебск,шкафы,1,0,0.0,0.0,0.0,новый,реклама,True
3956,2026-07-16,Менеджер 1,Гродно,офисные столы,1,0,0.0,0.0,0.0,новый,звонок,True
3957,2026-07-16,Менеджер 3,Брест,офисные кресла,1,0,0.0,0.0,0.0,новый,партнёр,True
3958,2026-07-16,Менеджер 5,Могилёв,офисные столы,1,0,0.0,0.0,0.0,новый,сайт,True
3959,2026-07-16,Менеджер 5,Гродно,офисные кресла,1,0,0.0,0.0,0.0,новый,звонок,True
3960,2026-07-16,Менеджер 3,Гомель,шкафы,1,0,0.0,0.0,0.0,новый,звонок,True
3961,2026-07-16,Менеджер 4,Гомель,офисные столы,1,0,0.0,0.0,0.0,новый,звонок,True
3962,2026-07-16,Менеджер 4,Брест,шкафы,1,1,1273.13,348.61,0.072,повторный,партнёр,True
3963,2026-07-16,Менеджер 2,Брест,шкафы,1,0,0.0,0.0,0.0,повторный,сайт,True
3964,2026-07-16,Менеджер 4,Могилёв,офисные кресла,1,0,0.0,0.0,0.0,новый,сайт,True
3965,2026-07-16,Менеджер 1,Гродно,офисные столы,1,1,906.95,280.49,0.001,новый,сайт,True
3966,2026-07-16,Менеджер 1,Брест,офисные кресла,1,1,534.09,159.23,0.108,повторный,реклама,True
3967,2026-07-16,Менеджер 5,Брест,шкафы,1,0,0.0,0.0,0.0,повторный,сайт,True
3968,2026-07-16,Менеджер 2,Гродно,офисные столы,1,0,0.0,0.0,0.0,новый,звонок,True
3969,2026-07-16,Менеджер 5,Витебск,офисные столы,1,0,0.0,0.0,0.0,повторный,реклама,True
3970,2026-07-16,Менеджер 4,Брест,офисные столы,1,0,0.0,0.0,0.0,новый,звонок,True
3971,2026-07-16,Менеджер 1,Гродно,офисные столы,1,0,0.0,0.0,0.0,новый,звонок,True
3972,2026-07-16,Менеджер 1,Гомель,офисные столы,1,0,0.0,0.0,0.0,новый,сайт,True
3973,2026-07-16,Менеджер 3,Могилёв,офисные кресла,1,0,0.0,0.0,0.0,новый,реклама,True
3974,2026-07-16,Менеджер 4,Витебск,офисные кресла,1,0,0.0,0.0,0.0,новый,звонок,True
3975,2026-07-16,Менеджер 2,Гродно,офисные столы,1,0,0.0,0.0,0.0,новый,сайт,True
3976,2026-07-16,Менеджер 3,Брест,шкафы,1,0,0.0,0.0,0.0,повторный,сайт,True
3977,2026-07-16,Менеджер 3,Гродно,шкафы,1,1,1297.56,354.74,0.199,новый,звонок,True
3978,2026-07-16,Менеджер 3,Брест,шкафы,1,1,1351.01,334.53,0.154,новый,партнёр,True
3979,2026-07-16,Менеджер 1,Гродно,офисные кресла,1,1,573.99,166.61,0.105,повторный,партнёр,True
3980,2026-07-16,Менеджер 4,Могилёв,шкафы,1,0,0.0,0.0,0.0,повторный,реклама,True
3981,2026-07-16,Менеджер 5,Брест,шкафы,1,1,1051.93,289.95,0.046,новый,сайт,True
3982,2026-07-16,Менеджер 1,Могилёв,шкафы,1,0,0.0,0.0,0.0,новый,звонок,True
3983,2026-07-16,Менеджер 4,Гродно,офисные кресла,1,1,762.89,275.54,0.1,новый,партнёр,True
3984,2026-07-16,Менеджер 3,Могилёв,офисные столы,1,1,660.05,213.81,0.137,новый,звонок,True
3985,2026-07-16,Менеджер 2,Могилёв,шкафы,1,0,0.0,0.0,0.0,новый,звонок,True
3986,2026-07-17,Менеджер 1,Витебск,офисные кресла,1,0,0.0,0.0,0.0,новый,звонок,True
3987,2026-07-17,Менеджер 4,Гродно,шкафы,1,1,1377.68,385.47,0.074,новый,реклама,True
3988,2026-07-17,Менеджер 2,Брест,шкафы,1,0,0.0,0.0,0.0,новый,партнёр,True
3989,2026-07-17,Менеджер 3,Брест,шкафы,1,1,1327.64,347.96,0.037,повторный,партнёр,True
3990,2026-07-17,Менеджер 1,Гомель,офисные кресла,1,0,0.0,0.0,0.0,повторный,партнёр,True
3991,2026-07-17,Менеджер 5,Брест,офисные столы,1,0,0.0,0.0,0.0,новый,сайт,True
3992,2026-07-17,Менеджер 4,Могилёв,офисные столы,1,0,0.0,0.0,0.0,новый,реклама,True
3993,2026-07-17,Менеджер 5,Могилёв,офисные кресла,1,0,0.0,0.0,0.0,повторный,сайт,True
3994,2026-07-17,Менеджер 1,Витебск,офисные кресла,1,0,0.0,0.0,0.0,новый,партнёр,True
3995,2026-07-17,Менеджер 2,Могилёв,офисные кресла,1,1,483.66,174.83,0.079,новый,сайт,True
3996,2026-07-17,Менеджер 1,Могилёв,шкафы,1,0,0.0,0.0,0.0,новый,партнёр,True
3997,2026-07-17,Менеджер 3,Могилёв,шкафы,1,0,0.0,0.0,0.0,новый,партнёр,True
3998,2026-07-17,Менеджер 5,Могилёв,шкафы,1,1,1058.88,305.87,0.0,повторный,реклама,True
3999,2026-07-17,Менеджер 2,Витебск,офисные кресла,1,1,530.29,199.44,0.066,повторный,звонок,True
4000,2026-07-17,Менеджер 2,Брест,офисные столы,1,0,0.0,0.0,0.0,новый,реклама,True
4001,2026-07-17,Менеджер 1,Витебск,офисные столы,1,0,0.0,0.0,0.0,повторный,звонок,True
4002,2026-07-17,Менеджер 1,Гродно,офисные кресла,1,0,0.0,0.0,0.0,новый,партнёр,True
4003,2026-07-17,Менеджер 2,Витебск,шкафы,1,0,0.0,0.0,0.0,новый,звонок,True
4004,2026-07-17,Менеджер 5,Витебск,офисные столы,1,1,868.47,267.75,0.134,новый,реклама,True
4005,2026-07-17,Менеджер 2,Гомель,офисные столы,1,1,972.34,251.45,0.0,новый,звонок,True
4006,2026-07-17,Менеджер 3,Брест,офисные кресла,1,1,778.41,285.22,0.054,новый,сайт,True
4007,2026-07-17,Менеджер 3,Витебск,офисные кресла,1,1,485.47,157.76,0.047,новый,звонок,True
4008,2026-07-17,Менеджер 4,Гродно,офисные столы,1,0,0.0,0.0,0.0,повторный,партнёр,True
4009,2026-07-17,Менеджер 1,Брест,офисные кресла,1,0,0.0,0.0,0.0,новый,сайт,True
4010,2026-07-17,Менеджер 2,Гомель,офисные столы,1,0,0.0,0.0,0.0,новый,сайт,True
4011,2026-07-17,Менеджер 5,Гомель,офисные кресла,1,0,0.0,0.0,0.0,повторный,реклама,True
4012,2026-07-17,Менеджер 2,Гомель,офисные столы,1,0,0.0,0.0,0.0,новый,партнёр,True
4013,2026-07-17,Менеджер 3,Витебск,офисные столы,1,0,0.0,0.0,0.0,новый,сайт,True
4014,2026-07-17,Менеджер 2,Гомель,шкафы,1,1,1090.35,310.07,0.068,повторный,звонок,True
4015,2026-07-17,Менеджер 1,Витебск,офисные столы,1,1,965.83,289.3,0.044,новый,звонок,True
4016,2026-07-17,Менеджер 5,Могилёв,офисные кресла,1,0,0.0,0.0,0.0,новый,звонок,True
4017,2026-07-17,Менеджер 2,Могилёв,офисные кресла,1,0,0.0,0.0,0.0,новый,партнёр,True
4018,2026-07-17,Менеджер 3,Брест,офисные столы,1,0,0.0,0.0,0.0,новый,партнёр,True
4019,2026-07-17,Менеджер 3,Могилёв,шкафы,1,1,981.35,296.85,0.056,новый,звонок,True
4020,2026-07-17,Менеджер 3,Гродно,офисные кресла,1,0,0.0,0.0,0.0,новый,партнёр,True
4021,2026-07-17,Менеджер 3,Гродно,шкафы,1,0,0.0,0.0,0.0,новый,партнёр,True
4022,2026-07-17,Менеджер 3,Могилёв,офисные столы,1,1,1041.41,289.81,0.117,новый,реклама,True
4023,2026-07-17,Менеджер 3,Могилёв,шкафы,1,0,0.0,0.0,0.0,новый,сайт,True
4024,2026-07-17,Менеджер 5,Могилёв,шкафы,1,0,0.0,0.0,0.0,повторный,звонок,True
4025,2026-07-17,Менеджер 4,Витебск,офисные кресла,1,1,525.66,150.36,0.134,повторный,реклама,True
4026,2026-07-17,Менеджер 1,Гомель,офисные столы,1,1,905.22,278.18,0.062,новый,партнёр,True
4027,2026-07-17,Менеджер 2,Брест,офисные столы,1,1,699.52,174.36,0.09,повторный,звонок,True
4028,2026-07-17,Менеджер 3,Могилёв,офисные столы,1,1,1022.98,339.13,0.08,новый,сайт,True
4029,2026-07-17,Менеджер 1,Гомель,шкафы,1,1,936.85,282.57,0.055,повторный,сайт,True
4030,2026-07-17,Менеджер 4,Витебск,офисные столы,1,0,0.0,0.0,0.0,новый,сайт,True
4031,2026-07-17,Менеджер 4,Гродно,шкафы,1,0,0.0,0.0,0.0,новый,партнёр,True
4032,2026-07-18,Менеджер 3,Гомель,офисные столы,1,0,0.0,0.0,0.0,новый,реклама,True
4033,2026-07-18,Менеджер 2,Брест,офисные столы,1,0,0.0,0.0,0.0,новый,звонок,True
4034,2026-07-18,Менеджер 1,Гомель,офисные кресла,1,0,0.0,0.0,0.0,повторный,партнёр,True
4035,2026-07-18,Менеджер 1,Брест,офисные столы,1,0,0.0,0.0,0.0,повторный,звонок,True
4036,2026-07-18,Менеджер 5,Гродно,офисные кресла,1,0,0.0,0.0,0.0,новый,партнёр,True
4037,2026-07-18,Менеджер 5,Брест,офисные кресла,1,1,631.82,207.68,0.125,новый,звонок,True
4038,2026-07-18,Менеджер 2,Гомель,офисные столы,1,0,0.0,0.0,0.0,новый,партнёр,True
4039,2026-07-18,Менеджер 1,Могилёв,офисные кресла,1,0,0.0,0.0,0.0,новый,звонок,True
4040,2026-07-18,Менеджер 4,Витебск,офисные столы,1,0,0.0,0.0,0.0,новый,звонок,True
4041,2026-07-18,Менеджер 4,Могилёв,офисные кресла,1,0,0.0,0.0,0.0,повторный,партнёр,True
4042,2026-07-18,Менеджер 3,Витебск,офисные кресла,1,0,0.0,0.0,0.0,повторный,реклама,True
4043,2026-07-18,Менеджер 3,Могилёв,офисные столы,1,0,0.0,0.0,0.0,повторный,реклама,True
4044,2026-07-18,Менеджер 3,Брест,офисные столы,1,1,850.33,274.57,0.088,новый,реклама,True
4045,2026-07-18,Менеджер 1,Могилёв,офисные кресла,1,0,0.0,0.0,0.0,новый,звонок,True
4046,2026-07-18,Менеджер 1,Гродно,шкафы,1,0,0.0,0.0,0.0,новый,звонок,True
4047,2026-07-18,Менеджер 3,Могилёв,офисные столы,1,1,1114.85,286.06,0.109,повторный,реклама,True
4048,2026-07-18,Менеджер 5,Брест,офисные кресла,1,0,0.0,0.0,0.0,новый,сайт,True
4049,2026-07-18,Менеджер 5,Брест,офисные кресла,1,0,0.0,0.0,0.0,новый,партнёр,True
4050,2026-07-18,Менеджер 1,Витебск,шкафы,1,1,1085.53,269.95,0.144,новый,реклама,True
4051,2026-07-18,Менеджер 1,Гродно,шкафы,1,0,0.0,0.0,0.0,новый,партнёр,True
4052,2026-07-18,Менеджер 4,Витебск,офисные столы,1,0,0.0,0.0,0.0,повторный,сайт,True
4053,2026-07-18,Менеджер 4,Гродно,шкафы,1,0,0.0,0.0,0.0,новый,партнёр,True
4054,2026-07-18,Менеджер 2,Гомель,шкафы,1,0,0.0,0.0,0.0,новый,сайт,True
4055,2026-07-18,Менеджер 1,Гродно,офисные столы,1,0,0.0,0.0,0.0,новый,сайт,True
4056,2026-07-18,Менеджер 4,Могилёв,офисные столы,1,1,726.44,192.18,0.019,новый,звонок,True
4057,2026-07-18,Менеджер 1,Гомель,офисные кресла,1,0,0.0,0.0,0.0,новый,партнёр,True
4058,2026-07-18,Менеджер 3,Витебск,офисные кресла,1,0,0.0,0.0,0.0,новый,звонок,True
4059,2026-07-18,Менеджер 5,Гродно,шкафы,1,1,1289.82,411.43,0.01,повторный,звонок,True
4060,2026-07-18,Менеджер 2,Гродно,офисные столы,1,0,0.0,0.0,0.0,новый,сайт,True
4061,2026-07-18,Менеджер 5,Витебск,офисные столы,1,0,0.0,0.0,0.0,новый,звонок,True
4062,2026-07-18,Менеджер 2,Гомель,офисные столы,1,0,0.0,0.0,0.0,новый,партнёр,True
4063,2026-07-18,Менеджер 4,Витебск,офисные столы,1,1,978.44,315.26,0.039,новый,сайт,True
4064,2026-07-18,Менеджер 5,Гродно,офисные кресла,1,0,0.0,0.0,0.0,повторный,звонок,True
4065,2026-07-18,Менеджер 5,Могилёв,шкафы,1,0,0.0,0.0,0.0,новый,сайт,True
4066,2026-07-18,Менеджер 1,Гродно,офисные столы,1,1,1087.7,267.72,0.121,новый,звонок,True
4067,2026-07-18,Менеджер 3,Гомель,шкафы,1,0,0.0,0.0,0.0,новый,партнёр,True
4068,2026-07-18,Менеджер 2,Гомель,шкафы,1,0,0.0,0.0,0.0,новый,реклама,True
4069,2026-07-18,Менеджер 1,Гомель,офисные столы,1,1,929.35,254.56,0.13,повторный,звонок,True
4070,2026-07-18,Менеджер 2,Брест,шкафы,1,0,0.0,0.0,0.0,новый,сайт,True
4071,2026-07-18,Менеджер 4,Могилёв,шкафы,1,0,0.0,0.0,0.0,новый,партнёр,True
4072,2026-07-18,Менеджер 4,Гомель,шкафы,1,1,1339.59,378.66,0.123,новый,партнёр,True
4073,2026-07-18,Менеджер 3,Витебск,офисные столы,1,0,0.0,0.0,0.0,новый,реклама,True
4074,2026-07-18,Менеджер 3,Брест,шкафы,1,0,0.0,0.0,0.0,повторный,звонок,True
4075,2026-07-18,Менеджер 1,Витебск,офисные кресла,1,0,0.0,0.0,0.0,новый,сайт,True
4076,2026-07-18,Менеджер 1,Могилёв,офисные столы,1,0,0.0,0.0,0.0,новый,партнёр,True
4077,2026-07-19,Менеджер 1,Витебск,офисные столы,1,0,0.0,0.0,0.0,повторный,звонок,True
4078,2026-07-19,Менеджер 4,Могилёв,офисные кресла,1,1,595.3,191.58,0.032,повторный,реклама,True
4079,2026-07-19,Менеджер 2,Витебск,офисные кресла,1,0,0.0,0.0,0.0,повторный,реклама,True
4080,2026-07-19,Менеджер 2,Витебск,шкафы,1,0,0.0,0.0,0.0,новый,реклама,True
4081,2026-07-19,Менеджер 5,Витебск,шкафы,1,0,0.0,0.0,0.0,новый,сайт,True
4082,2026-07-19,Менеджер 2,Могилёв,офисные кресла,1,0,0.0,0.0,0.0,новый,звонок,True
4083,2026-07-19,Менеджер 4,Гродно,офисные кресла,1,0,0.0,0.0,0.0,новый,партнёр,True
4084,2026-07-19,Менеджер 3,Брест,шкафы,1,0,0.0,0.0,0.0,повторный,партнёр,True
4085,2026-07-19,Менеджер 3,Брест,офисные кресла,1,0,0.0,0.0,0.0,новый,реклама,True
4086,2026-07-19,Менеджер 2,Гомель,офисные столы,1,0,0.0,0.0,0.0,новый,сайт,True
4087,2026-07-19,Менеджер 1,Гомель,офисные кресла,1,1,758.11,249.76,0.046,повторный,партнёр,True
4088,2026-07-19,Менеджер 5,Гродно,офисные кресла,1,0,0.0,0.0,0.0,повторный,звонок,True
4089,2026-07-19,Менеджер 5,Могилёв,шкафы,1,0,0.0,0.0,0.0,новый,сайт,True
4090,2026-07-19,Менеджер 4,Витебск,шкафы,1,0,0.0,0.0,0.0,новый,сайт,True
4091,2026-07-19,Менеджер 4,Гомель,офисные кресла,1,1,529.19,192.34,0.064,новый,партнёр,True
4092,2026-07-19,Менеджер 3,Гомель,офисные кресла,1,0,0.0,0.0,0.0,новый,реклама,True
4093,2026-07-19,Менеджер 3,Брест,офисные столы,1,0,0.0,0.0,0.0,новый,реклама,True
4094,2026-07-19,Менеджер 1,Витебск,шкафы,1,1,843.09,196.58,0.142,повторный,сайт,True
4095,2026-07-19,Менеджер 3,Могилёв,офисные кресла,1,0,0.0,0.0,0.0,повторный,партнёр,True
4096,2026-07-19,Менеджер 3,Гомель,шкафы,1,1,1110.76,263.15,0.082,новый,реклама,True
4097,2026-07-19,Менеджер 3,Гомель,шкафы,1,1,1166.18,346.41,0.039,новый,партнёр,True
4098,2026-07-19,Менеджер 4,Могилёв,офисные кресла,1,0,0.0,0.0,0.0,новый,звонок,True
4099,2026-07-19,Менеджер 3,Гродно,шкафы,1,1,1421.66,356.47,0.096,новый,сайт,True
4100,2026-07-19,Менеджер 2,Гродно,шкафы,1,0,0.0,0.0,0.0,новый,сайт,True
4101,2026-07-19,Менеджер 4,Могилёв,офисные столы,1,0,0.0,0.0,0.0,новый,звонок,True
4102,2026-07-19,Менеджер 4,Гомель,офисные кресла,1,0,0.0,0.0,0.0,новый,реклама,True
4103,2026-07-19,Менеджер 1,Брест,офисные столы,1,1,1137.52,377.58,0.089,повторный,звонок,True
4104,2026-07-19,Менеджер 3,Могилёв,офисные столы,1,1,1017.11,312.18,0.044,новый,звонок,True
4105,2026-07-19,Менеджер 1,Гомель,шкафы,1,1,1350.98,324.41,0.08,новый,сайт,True
4106,2026-07-19,Менеджер 4,Гродно,шкафы,1,0,0.0,0.0,0.0,повторный,партнёр,True
4107,2026-07-19,Менеджер 4,Брест,офисные кресла,1,0,0.0,0.0,0.0,новый,партнёр,True
4108,2026-07-19,Менеджер 4,Брест,офисные столы,1,1,715.07,193.18,0.082,новый,звонок,True
4109,2026-07-19,Менеджер 2,Гомель,офисные кресла,1,1,781.44,265.01,0.116,новый,звонок,True
4110,2026-07-19,Менеджер 5,Брест,офисные столы,1,1,816.38,265.13,0.025,новый,партнёр,True
4111,2026-07-19,Менеджер 1,Гродно,шкафы,1,1,1356.77,369.5,0.09,новый,партнёр,True
4112,2026-07-19,Менеджер 1,Гродно,шкафы,1,0,0.0,0.0,0.0,новый,реклама,True
4113,2026-07-19,Менеджер 4,Витебск,офисные столы,1,0,0.0,0.0,0.0,новый,сайт,True
4114,2026-07-19,Менеджер 4,Витебск,офисные столы,1,1,730.97,191.92,0.147,новый,звонок,True
4115,2026-07-19,Менеджер 1,Гродно,офисные столы,1,0,0.0,0.0,0.0,новый,партнёр,True
4116,2026-07-19,Менеджер 5,Гомель,офисные столы,1,1,866.21,274.49,0.008,повторный,звонок,True
4117,2026-07-19,Менеджер 5,Брест,офисные столы,1,0,0.0,0.0,0.0,новый,реклама,True
4118,2026-07-19,Менеджер 2,Брест,офисные столы,1,1,739.6,238.33,0.043,повторный,реклама,True
4119,2026-07-19,Менеджер 5,Гомель,шкафы,1,1,987.82,295.23,0.137,новый,партнёр,True
4120,2026-07-19,Менеджер 3,Гродно,шкафы,1,0,0.0,0.0,0.0,новый,звонок,True
4121,2026-07-20,Менеджер 4,Брест,офисные столы,1,0,0.0,0.0,0.0,новый,партнёр,True
4122,2026-07-20,Менеджер 5,Могилёв,офисные столы,1,0,0.0,0.0,0.0,новый,сайт,True
4123,2026-07-20,Менеджер 2,Витебск,офисные столы,1,0,0.0,0.0,0.0,новый,реклама,True
4124,2026-07-20,Менеджер 4,Гродно,офисные кресла,1,1,644.45,217.65,0.012,повторный,партнёр,True
4125,2026-07-20,Менеджер 2,Витебск,офисные столы,1,1,838.71,236.79,0.143,новый,партнёр,True
4126,2026-07-20,Менеджер 2,Витебск,шкафы,1,0,0.0,0.0,0.0,новый,звонок,True
4127,2026-07-20,Менеджер 5,Витебск,офисные столы,1,0,0.0,0.0,0.0,повторный,сайт,True
4128,2026-07-20,Менеджер 5,Витебск,шкафы,1,0,0.0,0.0,0.0,новый,сайт,True
4129,2026-07-20,Менеджер 4,Могилёв,офисные столы,1,0,0.0,0.0,0.0,новый,реклама,True
4130,2026-07-20,Менеджер 5,Витебск,офисные кресла,1,0,0.0,0.0,0.0,новый,сайт,True
4131,2026-07-20,Менеджер 4,Могилёв,офисные кресла,1,0,0.0,0.0,0.0,новый,сайт,True
4132,2026-07-20,Менеджер 2,Брест,офисные кресла,1,0,0.0,0.0,0.0,новый,звонок,True
4133,2026-07-20,Менеджер 5,Гомель,шкафы,1,0,0.0,0.0,0.0,повторный,реклама,True
4134,2026-07-20,Менеджер 4,Гродно,офисные столы,1,0,0.0,0.0,0.0,новый,реклама,True
4135,2026-07-20,Менеджер 2,Могилёв,офисные кресла,1,1,602.09,173.5,0.054,новый,сайт,True
4136,2026-07-20,Менеджер 1,Гродно,офисные кресла,1,0,0.0,0.0,0.0,новый,реклама,True
4137,2026-07-20,Менеджер 4,Брест,шкафы,1,0,0.0,0.0,0.0,повторный,звонок,True
4138,2026-07-20,Менеджер 4,Брест,офисные столы,1,0,0.0,0.0,0.0,новый,партнёр,True
4139,2026-07-20,Менеджер 1,Гродно,офисные кресла,1,0,0.0,0.0,0.0,новый,реклама,True
4140,2026-07-20,Менеджер 4,Гродно,шкафы,1,1,1170.47,322.79,0.137,новый,партнёр,True
4141,2026-07-20,Менеджер 1,Гродно,шкафы,1,0,0.0,0.0,0.0,повторный,сайт,True
4142,2026-07-20,Менеджер 1,Брест,офисные столы,1,1,869.75,225.45,0.084,новый,партнёр,True
4143,2026-07-20,Менеджер 3,Брест,офисные столы,1,0,0.0,0.0,0.0,новый,сайт,True
4144,2026-07-20,Менеджер 4,Могилёв,офисные кресла,1,0,0.0,0.0,0.0,новый,партнёр,True
4145,2026-07-20,Менеджер 4,Брест,шкафы,1,0,0.0,0.0,0.0,новый,реклама,True
4146,2026-07-20,Менеджер 5,Витебск,шкафы,1,1,1535.55,418.59,0.062,повторный,сайт,True
4147,2026-07-20,Менеджер 4,Могилёв,шкафы,1,0,0.0,0.0,0.0,новый,сайт,True
4148,2026-07-20,Менеджер 5,Гродно,офисные кресла,1,0,0.0,0.0,0.0,новый,сайт,True
4149,2026-07-20,Менеджер 2,Брест,офисные столы,1,0,0.0,0.0,0.0,новый,реклама,True
4150,2026-07-20,Менеджер 1,Витебск,офисные кресла,1,0,0.0,0.0,0.0,новый,звонок,True
4151,2026-07-20,Менеджер 3,Витебск,офисные столы,1,0,0.0,0.0,0.0,повторный,сайт,True
4152,2026-07-20,Менеджер 3,Гродно,офисные столы,1,0,0.0,0.0,0.0,новый,партнёр,True
4153,2026-07-20,Менеджер 5,Могилёв,офисные кресла,1,0,0.0,0.0,0.0,новый,партнёр,True
4154,2026-07-20,Менеджер 2,Брест,офисные столы,1,0,0.0,0.0,0.0,повторный,реклама,True
4155,2026-07-20,Менеджер 2,Брест,шкафы,1,0,0.0,0.0,0.0,повторный,партнёр,True
4156,2026-07-20,Менеджер 2,Гомель,офисные столы,1,1,836.76,208.38,0.087,новый,звонок,True
4157,2026-07-20,Менеджер 4,Могилёв,офисные кресла,1,0,0.0,0.0,0.0,новый,сайт,True
4158,2026-07-20,Менеджер 3,Витебск,офисные столы,1,1,854.38,256.3,0.033,новый,партнёр,True
4159,2026-07-20,Менеджер 4,Брест,шкафы,1,0,0.0,0.0,0.0,новый,звонок,True
4160,2026-07-20,Менеджер 3,Витебск,шкафы,1,1,1578.89,405.37,0.037,повторный,партнёр,True
4161,2026-07-20,Менеджер 3,Витебск,шкафы,1,1,1355.08,341.04,0.04,повторный,реклама,True
4162,2026-07-20,Менеджер 2,Брест,офисные столы,1,1,712.33,191.13,0.13,новый,звонок,True
4163,2026-07-20,Менеджер 4,Витебск,офисные столы,1,1,665.21,165.17,0.087,новый,партнёр,True
4164,2026-07-20,Менеджер 2,Гродно,офисные столы,1,0,0.0,0.0,0.0,новый,сайт,True
4165,2026-07-20,Менеджер 2,Витебск,шкафы,1,0,0.0,0.0,0.0,повторный,сайт,True
4166,2026-07-20,Менеджер 2,Гомель,шкафы,1,1,1489.2,436.28,0.09,новый,реклама,True
4167,2026-07-21,Менеджер 5,Гомель,офисные столы,1,0,0.0,0.0,0.0,повторный,партнёр,True
4168,2026-07-21,Менеджер 2,Могилёв,офисные кресла,1,0,0.0,0.0,0.0,новый,партнёр,True
4169,2026-07-21,Менеджер 5,Гродно,офисные столы,1,1,699.31,179.39,0.029,повторный,сайт,True
4170,2026-07-21,Менеджер 2,Витебск,офисные столы,1,1,1079.51,285.88,0.11,повторный,реклама,True
4171,2026-07-21,Менеджер 2,Гродно,офисные кресла,1,0,0.0,0.0,0.0,новый,звонок,True
4172,2026-07-21,Менеджер 1,Витебск,офисные кресла,1,1,677.65,238.08,0.082,повторный,партнёр,True
4173,2026-07-21,Менеджер 1,Гродно,офисные кресла,1,1,589.92,186.59,0.1,новый,сайт,True
4174,2026-07-21,Менеджер 1,Гомель,офисные кресла,1,1,567.06,168.26,0.063,повторный,звонок,True
4175,2026-07-21,Менеджер 2,Витебск,офисные кресла,1,0,0.0,0.0,0.0,новый,сайт,True
4176,2026-07-21,Менеджер 3,Гомель,офисные кресла,1,0,0.0,0.0,0.0,новый,звонок,True
4177,2026-07-21,Менеджер 5,Могилёв,офисные столы,1,0,0.0,0.0,0.0,повторный,партнёр,True
4178,2026-07-21,Менеджер 4,Гродно,шкафы,1,1,1402.98,364.24,0.073,новый,сайт,True
4179,2026-07-21,Менеджер 4,Гродно,шкафы,1,0,0.0,0.0,0.0,новый,сайт,True
4180,2026-07-21,Менеджер 5,Могилёв,шкафы,1,0,0.0,0.0,0.0,новый,звонок,True
4181,2026-07-21,Менеджер 2,Могилёв,офисные кресла,1,1,763.65,214.88,0.089,новый,партнёр,True
4182,2026-07-21,Менеджер 1,Гродно,шкафы,1,0,0.0,0.0,0.0,новый,звонок,True
4183,2026-07-21,Менеджер 1,Брест,офисные столы,1,0,0.0,0.0,0.0,новый,сайт,True
4184,2026-07-21,Менеджер 4,Брест,офисные столы,1,0,0.0,0.0,0.0,новый,реклама,True
4185,2026-07-21,Менеджер 4,Гомель,шкафы,1,0,0.0,0.0,0.0,повторный,сайт,True
4186,2026-07-21,Менеджер 4,Брест,шкафы,1,0,0.0,0.0,0.0,новый,сайт,True
4187,2026-07-21,Менеджер 1,Витебск,шкафы,1,0,0.0,0.0,0.0,новый,звонок,True
4188,2026-07-21,Менеджер 3,Брест,офисные кресла,1,1,647.98,200.3,0.022,новый,звонок,True
4189,2026-07-21,Менеджер 5,Гродно,шкафы,1,0,0.0,0.0,0.0,повторный,сайт,True
4190,2026-07-21,Менеджер 2,Могилёв,офисные кресла,1,0,0.0,0.0,0.0,новый,партнёр,True
4191,2026-07-21,Менеджер 4,Могилёв,офисные кресла,1,0,0.0,0.0,0.0,повторный,звонок,True
4192,2026-07-21,Менеджер 5,Гомель,офисные кресла,1,0,0.0,0.0,0.0,новый,реклама,True
4193,2026-07-21,Менеджер 1,Гродно,шкафы,1,0,0.0,0.0,0.0,новый,звонок,True
4194,2026-07-21,Менеджер 2,Гродно,офисные столы,1,0,0.0,0.0,0.0,новый,звонок,True
4195,2026-07-21,Менеджер 2,Витебск,шкафы,1,0,0.0,0.0,0.0,новый,сайт,True
4196,2026-07-21,Менеджер 1,Гродно,офисные столы,1,0,0.0,0.0,0.0,новый,партнёр,True
4197,2026-07-21,Менеджер 1,Гомель,офисные кресла,1,0,0.0,0.0,0.0,повторный,реклама,True
4198,2026-07-21,Менеджер 1,Брест,шкафы,1,1,1047.96,310.77,0.07,новый,реклама,True
4199,2026-07-21,Менеджер 5,Витебск,офисные кресла,1,0,0.0,0.0,0.0,новый,звонок,True
4200,2026-07-21,Менеджер 3,Гомель,шкафы,1,1,1452.39,416.55,0.137,новый,партнёр,True
4201,2026-07-21,Менеджер 1,Гродно,шкафы,1,0,0.0,0.0,0.0,новый,реклама,True
4202,2026-07-21,Менеджер 5,Брест,шкафы,1,1,1405.67,367.48,0.061,повторный,звонок,True
4203,2026-07-21,Менеджер 2,Брест,офисные столы,1,0,0.0,0.0,0.0,новый,звонок,True
4204,2026-07-21,Менеджер 5,Брест,офисные столы,1,0,0.0,0.0,0.0,повторный,реклама,True
4205,2026-07-21,Менеджер 3,Гомель,офисные кресла,1,0,0.0,0.0,0.0,новый,звонок,True
4206,2026-07-21,Менеджер 4,Витебск,шкафы,1,1,1399.57,433.22,0.033,новый,сайт,True
4207,2026-07-21,Менеджер 5,Гродно,шкафы,1,1,1343.02,369.21,0.063,новый,партнёр,True
4208,2026-07-21,Менеджер 3,Витебск,офисные столы,1,0,0.0,0.0,0.0,новый,сайт,True
4209,2026-07-21,Менеджер 2,Могилёв,шкафы,1,0,0.0,0.0,0.0,повторный,партнёр,True
4210,2026-07-21,Менеджер 3,Витебск,офисные кресла,1,1,721.23,213.07,0.06,повторный,звонок,True
4211,2026-07-21,Менеджер 4,Витебск,офисные столы,1,0,0.0,0.0,0.0,новый,реклама,True
4212,2026-07-21,Менеджер 5,Могилёв,офисные кресла,1,0,0.0,0.0,0.0,новый,партнёр,True
4213,2026-07-21,Менеджер 4,Могилёв,шкафы,1,0,0.0,0.0,0.0,новый,сайт,True
4214,2026-07-21,Менеджер 2,Могилёв,офисные столы,1,0,0.0,0.0,0.0,повторный,сайт,True
4215,2026-07-21,Менеджер 4,Гомель,шкафы,1,0,0.0,0.0,0.0,новый,партнёр,True
4216,2026-07-21,Менеджер 4,Гомель,офисные столы,1,0,0.0,0.0,0.0,повторный,звонок,True
4217,2026-07-21,Менеджер 4,Витебск,офисные столы,1,0,0.0,0.0,0.0,новый,партнёр,True
4218,2026-07-21,Менеджер 5,Брест,офисные кресла,1,0,0.0,0.0,0.0,новый,звонок,True
4219,2026-07-21,Менеджер 4,Брест,офисные кресла,1,0,0.0,0.0,0.0,новый,реклама,True
4220,2026-07-22,Менеджер 1,Могилёв,офисные столы,1,0,0.0,0.0,0.0,новый,звонок,True
4221,2026-07-22,Менеджер 4,Витебск,офисные кресла,1,0,0.0,0.0,0.0,новый,партнёр,True
4222,2026-07-22,Менеджер 4,Брест,офисные столы,1,1,971.3,294.07,0.11,новый,реклама,True
4223,2026-07-22,Менеджер 2,Витебск,офисные столы,1,0,0.0,0.0,0.0,повторный,звонок,True
4224,2026-07-22,Менеджер 2,Гомель,офисные кресла,1,1,544.65,180.91,0.081,новый,звонок,True
4225,2026-07-22,Менеджер 2,Гомель,шкафы,1,0,0.0,0.0,0.0,повторный,реклама,True
4226,2026-07-22,Менеджер 2,Гомель,офисные столы,1,0,0.0,0.0,0.0,повторный,сайт,True
4227,2026-07-22,Менеджер 3,Гродно,шкафы,1,0,0.0,0.0,0.0,новый,звонок,True
4228,2026-07-22,Менеджер 3,Витебск,офисные кресла,1,1,707.19,211.58,0.079,повторный,сайт,True
4229,2026-07-22,Менеджер 3,Могилёв,офисные столы,1,0,0.0,0.0,0.0,новый,партнёр,True
4230,2026-07-22,Менеджер 4,Гродно,шкафы,1,0,0.0,0.0,0.0,новый,звонок,True
4231,2026-07-22,Менеджер 1,Гомель,шкафы,1,0,0.0,0.0,0.0,новый,сайт,True
4232,2026-07-22,Менеджер 1,Могилёв,шкафы,1,0,0.0,0.0,0.0,новый,партнёр,True
4233,2026-07-22,Менеджер 4,Брест,шкафы,1,0,0.0,0.0,0.0,новый,сайт,True
4234,2026-07-22,Менеджер 5,Брест,шкафы,1,1,1395.23,335.0,0.048,новый,партнёр,True
4235,2026-07-22,Менеджер 2,Витебск,офисные столы,1,0,0.0,0.0,0.0,новый,реклама,True
4236,2026-07-22,Менеджер 4,Могилёв,офисные кресла,1,0,0.0,0.0,0.0,повторный,звонок,True
4237,2026-07-22,Менеджер 4,Гродно,офисные столы,1,0,0.0,0.0,0.0,новый,сайт,True
4238,2026-07-22,Менеджер 4,Витебск,офисные кресла,1,0,0.0,0.0,0.0,новый,сайт,True
4239,2026-07-22,Менеджер 2,Витебск,шкафы,1,1,1503.43,392.13,0.037,повторный,звонок,True
4240,2026-07-22,Менеджер 2,Гомель,шкафы,1,0,0.0,0.0,0.0,новый,реклама,True
4241,2026-07-22,Менеджер 4,Гомель,офисные столы,1,0,0.0,0.0,0.0,новый,сайт,True
4242,2026-07-22,Менеджер 2,Гродно,шкафы,1,1,1384.44,344.04,0.121,повторный,реклама,True
4243,2026-07-22,Менеджер 1,Гомель,шкафы,1,0,0.0,0.0,0.0,новый,реклама,True
4244,2026-07-22,Менеджер 1,Могилёв,шкафы,1,1,1398.07,400.54,0.114,новый,сайт,True
4245,2026-07-22,Менеджер 1,Могилёв,офисные кресла,1,0,0.0,0.0,0.0,новый,звонок,True
4246,2026-07-22,Менеджер 1,Гомель,офисные столы,1,1,984.54,320.32,0.142,новый,сайт,True
4247,2026-07-22,Менеджер 4,Могилёв,офисные столы,1,0,0.0,0.0,0.0,новый,звонок,True
4248,2026-07-22,Менеджер 5,Витебск,офисные столы,1,1,997.4,326.68,0.084,повторный,звонок,True
4249,2026-07-22,Менеджер 4,Гомель,офисные кресла,1,0,0.0,0.0,0.0,повторный,реклама,True
4250,2026-07-22,Менеджер 1,Могилёв,офисные кресла,1,0,0.0,0.0,0.0,новый,реклама,True
4251,2026-07-22,Менеджер 5,Могилёв,шкафы,1,0,0.0,0.0,0.0,новый,звонок,True
4252,2026-07-22,Менеджер 4,Брест,шкафы,1,0,0.0,0.0,0.0,повторный,звонок,True
4253,2026-07-22,Менеджер 3,Гомель,офисные столы,1,0,0.0,0.0,0.0,новый,реклама,True
4254,2026-07-22,Менеджер 1,Гродно,шкафы,1,0,0.0,0.0,0.0,новый,звонок,True
4255,2026-07-22,Менеджер 4,Могилёв,офисные столы,1,0,0.0,0.0,0.0,новый,звонок,True
4256,2026-07-22,Менеджер 2,Витебск,офисные кресла,1,0,0.0,0.0,0.0,новый,партнёр,True
4257,2026-07-22,Менеджер 3,Витебск,шкафы,1,1,1039.27,289.09,0.059,новый,партнёр,True
4258,2026-07-22,Менеджер 2,Гомель,офисные столы,1,0,0.0,0.0,0.0,новый,звонок,True
4259,2026-07-22,Менеджер 4,Гомель,шкафы,1,0,0.0,0.0,0.0,повторный,сайт,True
4260,2026-07-22,Менеджер 2,Могилёв,офисные столы,1,0,0.0,0.0,0.0,новый,реклама,True
4261,2026-07-22,Менеджер 3,Гомель,офисные кресла,1,0,0.0,0.0,0.0,новый,звонок,True
4262,2026-07-22,Менеджер 4,Гомель,шкафы,1,0,0.0,0.0,0.0,повторный,звонок,True
4263,2026-07-22,Менеджер 5,Витебск,офисные столы,1,0,0.0,0.0,0.0,новый,реклама,True
4264,2026-07-22,Менеджер 5,Могилёв,офисные кресла,1,0,0.0,0.0,0.0,повторный,реклама,True
4265,2026-07-22,Менеджер 4,Гродно,офисные кресла,1,1,658.84,188.13,0.064,новый,реклама,True
4266,2026-07-22,Менеджер 2,Гродно,офисные кресла,1,0,0.0,0.0,0.0,новый,сайт,True
4267,2026-07-22,Менеджер 2,Витебск,офисные столы,1,0,0.0,0.0,0.0,новый,звонок,True
4268,2026-07-22,Менеджер 4,Витебск,шкафы,1,0,0.0,0.0,0.0,новый,реклама,True
4269,2026-07-22,Менеджер 5,Гомель,офисные столы,1,0,0.0,0.0,0.0,повторный,партнёр,True
4270,2026-07-22,Менеджер 4,Могилёв,офисные столы,1,0,0.0,0.0,0.0,новый,реклама,True
4271,2026-07-22,Менеджер 5,Гродно,офисные столы,1,0,0.0,0.0,0.0,новый,партнёр,True
4272,2026-07-22,Менеджер 1,Могилёв,шкафы,1,0,0.0,0.0,0.0,повторный,сайт,True
4273,2026-07-23,Менеджер 5,Брест,офисные столы,1,0,0.0,0.0,0.0,новый,сайт,True
4274,2026-07-23,Менеджер 3,Гомель,офисные кресла,1,0,0.0,0.0,0.0,повторный,звонок,True
4275,2026-07-23,Менеджер 2,Могилёв,офисные столы,1,0,0.0,0.0,0.0,новый,реклама,True
4276,2026-07-23,Менеджер 5,Брест,офисные столы,1,0,0.0,0.0,0.0,повторный,звонок,True
4277,2026-07-23,Менеджер 5,Витебск,шкафы,1,0,0.0,0.0,0.0,повторный,реклама,True
4278,2026-07-23,Менеджер 3,Гомель,шкафы,1,0,0.0,0.0,0.0,новый,партнёр,True
4279,2026-07-23,Менеджер 3,Гродно,шкафы,1,1,1459.81,443.33,0.103,новый,реклама,True
4280,2026-07-23,Менеджер 5,Брест,офисные столы,1,0,0.0,0.0,0.0,новый,реклама,True
4281,2026-07-23,Менеджер 2,Витебск,офисные столы,1,0,0.0,0.0,0.0,новый,звонок,True
4282,2026-07-23,Менеджер 5,Могилёв,офисные столы,1,1,1103.62,275.02,0.102,новый,партнёр,True
4283,2026-07-23,Менеджер 4,Брест,шкафы,1,0,0.0,0.0,0.0,новый,партнёр,True
4284,2026-07-23,Менеджер 5,Гомель,офисные столы,1,1,876.35,233.2,0.067,повторный,партнёр,True
4285,2026-07-23,Менеджер 3,Витебск,офисные кресла,1,0,0.0,0.0,0.0,новый,звонок,True
4286,2026-07-23,Менеджер 5,Витебск,шкафы,1,1,924.33,282.96,0.099,новый,сайт,True
4287,2026-07-23,Менеджер 2,Витебск,офисные столы,1,0,0.0,0.0,0.0,новый,звонок,True
4288,2026-07-23,Менеджер 3,Брест,шкафы,1,1,1378.75,395.71,0.074,новый,звонок,True
4289,2026-07-23,Менеджер 1,Гродно,офисные кресла,1,1,816.86,289.26,0.096,повторный,звонок,True
4290,2026-07-23,Менеджер 5,Гродно,шкафы,1,0,0.0,0.0,0.0,новый,сайт,True
4291,2026-07-23,Менеджер 5,Гродно,шкафы,1,0,0.0,0.0,0.0,новый,реклама,True
4292,2026-07-23,Менеджер 2,Брест,шкафы,1,0,0.0,0.0,0.0,повторный,звонок,True
4293,2026-07-23,Менеджер 4,Брест,шкафы,1,1,1018.95,291.76,0.087,новый,звонок,True
4294,2026-07-23,Менеджер 2,Брест,шкафы,1,0,0.0,0.0,0.0,повторный,реклама,True
4295,2026-07-23,Менеджер 4,Витебск,офисные столы,1,0,0.0,0.0,0.0,новый,сайт,True
4296,2026-07-23,Менеджер 3,Могилёв,офисные кресла,1,0,0.0,0.0,0.0,повторный,партнёр,True
4297,2026-07-23,Менеджер 3,Гродно,офисные кресла,1,0,0.0,0.0,0.0,повторный,сайт,True
4298,2026-07-23,Менеджер 2,Брест,офисные кресла,1,0,0.0,0.0,0.0,новый,сайт,True
4299,2026-07-23,Менеджер 2,Витебск,офисные столы,1,1,808.17,252.89,0.115,новый,партнёр,True
4300,2026-07-23,Менеджер 4,Гомель,шкафы,1,0,0.0,0.0,0.0,новый,партнёр,True
4301,2026-07-23,Менеджер 5,Брест,офисные столы,1,1,919.69,241.23,0.076,повторный,реклама,True
4302,2026-07-23,Менеджер 4,Брест,офисные столы,1,0,0.0,0.0,0.0,новый,звонок,True
4303,2026-07-23,Менеджер 4,Витебск,шкафы,1,1,1013.87,291.24,0.07,новый,партнёр,True
4304,2026-07-23,Менеджер 2,Брест,офисные кресла,1,1,639.42,187.8,0.062,новый,реклама,True
4305,2026-07-23,Менеджер 5,Гродно,шкафы,1,0,0.0,0.0,0.0,новый,партнёр,True
4306,2026-07-23,Менеджер 1,Брест,офисные кресла,1,1,535.41,161.3,0.087,повторный,реклама,True
4307,2026-07-23,Менеджер 5,Гродно,офисные кресла,1,0,0.0,0.0,0.0,новый,партнёр,True
4308,2026-07-23,Менеджер 4,Витебск,офисные кресла,1,0,0.0,0.0,0.0,новый,звонок,True
4309,2026-07-23,Менеджер 2,Могилёв,офисные столы,1,0,0.0,0.0,0.0,повторный,сайт,True
4310,2026-07-23,Менеджер 5,Брест,шкафы,1,0,0.0,0.0,0.0,новый,реклама,True
4311,2026-07-23,Менеджер 3,Могилёв,офисные кресла,1,1,680.72,223.96,0.103,повторный,реклама,True
4312,2026-07-23,Менеджер 4,Витебск,шкафы,1,1,958.65,283.19,0.103,повторный,сайт,True
4313,2026-07-23,Менеджер 2,Витебск,шкафы,1,0,0.0,0.0,0.0,новый,партнёр,True
4314,2026-07-23,Менеджер 4,Гомель,офисные столы,1,0,0.0,0.0,0.0,новый,звонок,True
4315,2026-07-23,Менеджер 3,Гродно,офисные кресла,1,1,765.9,243.32,0.058,новый,партнёр,True
4316,2026-07-23,Менеджер 5,Гродно,офисные столы,1,0,0.0,0.0,0.0,новый,сайт,True
4317,2026-07-23,Менеджер 4,Могилёв,офисные столы,1,0,0.0,0.0,0.0,повторный,сайт,True
4318,2026-07-23,Менеджер 1,Гомель,офисные столы,1,0,0.0,0.0,0.0,новый,партнёр,True
4319,2026-07-24,Менеджер 1,Гродно,офисные кресла,1,0,0.0,0.0,0.0,повторный,звонок,True
4320,2026-07-24,Менеджер 4,Витебск,офисные кресла,1,1,706.95,209.26,0.102,новый,звонок,True
4321,2026-07-24,Менеджер 1,Гродно,офисные кресла,1,0,0.0,0.0,0.0,новый,сайт,True
4322,2026-07-24,Менеджер 5,Брест,офисные кресла,1,0,0.0,0.0,0.0,повторный,сайт,True
4323,2026-07-24,Менеджер 1,Гродно,офисные столы,1,0,0.0,0.0,0.0,новый,сайт,True
4324,2026-07-24,Менеджер 5,Могилёв,шкафы,1,0,0.0,0.0,0.0,новый,звонок,True
4325,2026-07-24,Менеджер 2,Витебск,шкафы,1,0,0.0,0.0,0.0,новый,звонок,True
4326,2026-07-24,Менеджер 2,Гомель,офисные столы,1,0,0.0,0.0,0.0,новый,сайт,True
4327,2026-07-24,Менеджер 4,Брест,офисные столы,1,1,1164.3,330.46,0.0,новый,сайт,True
4328,2026-07-24,Менеджер 4,Гродно,офисные столы,1,0,0.0,0.0,0.0,повторный,звонок,True
4329,2026-07-24,Менеджер 1,Гомель,офисные столы,1,0,0.0,0.0,0.0,новый,сайт,True
4330,2026-07-24,Менеджер 2,Гомель,шкафы,1,0,0.0,0.0,0.0,повторный,сайт,True
4331,2026-07-24,Менеджер 5,Брест,офисные столы,1,0,0.0,0.0,0.0,новый,сайт,True
4332,2026-07-24,Менеджер 4,Витебск,офисные столы,1,0,0.0,0.0,0.0,повторный,звонок,True
4333,2026-07-24,Менеджер 5,Брест,шкафы,1,1,1048.16,264.55,0.135,новый,звонок,True
4334,2026-07-24,Менеджер 4,Витебск,шкафы,1,1,1036.49,263.05,0.038,повторный,звонок,True
4335,2026-07-24,Менеджер 4,Гродно,шкафы,1,0,0.0,0.0,0.0,повторный,реклама,True
4336,2026-07-24,Менеджер 3,Гомель,офисные столы,1,1,901.39,260.87,0.113,новый,звонок,True
4337,2026-07-24,Менеджер 1,Гродно,офисные столы,1,0,0.0,0.0,0.0,повторный,реклама,True
4338,2026-07-24,Менеджер 4,Гродно,шкафы,1,1,1197.66,347.85,0.062,новый,сайт,True
4339,2026-07-24,Менеджер 2,Витебск,шкафы,1,0,0.0,0.0,0.0,повторный,звонок,True
4340,2026-07-24,Менеджер 2,Брест,офисные столы,1,1,670.38,206.51,0.1,повторный,звонок,True
4341,2026-07-24,Менеджер 1,Витебск,шкафы,1,0,0.0,0.0,0.0,повторный,реклама,True
4342,2026-07-24,Менеджер 4,Гомель,офисные кресла,1,0,0.0,0.0,0.0,новый,сайт,True
4343,2026-07-24,Менеджер 4,Брест,офисные столы,1,0,0.0,0.0,0.0,новый,сайт,True
4344,2026-07-24,Менеджер 1,Гродно,офисные кресла,1,1,663.1,226.11,0.121,новый,реклама,True
4345,2026-07-24,Менеджер 4,Гродно,офисные столы,1,1,1033.8,328.06,0.095,новый,сайт,True
4346,2026-07-24,Менеджер 2,Гродно,офисные столы,1,0,0.0,0.0,0.0,новый,звонок,True
4347,2026-07-24,Менеджер 1,Гродно,шкафы,1,0,0.0,0.0,0.0,новый,реклама,True
4348,2026-07-24,Менеджер 4,Гродно,офисные столы,1,1,638.94,181.34,0.107,повторный,партнёр,True
4349,2026-07-24,Менеджер 4,Гродно,офисные кресла,1,1,764.68,258.71,0.113,новый,реклама,True
4350,2026-07-24,Менеджер 3,Гродно,офисные кресла,1,1,792.95,234.35,0.102,новый,сайт,True
4351,2026-07-24,Менеджер 4,Гродно,офисные столы,1,1,1009.78,327.59,0.041,новый,реклама,True
4352,2026-07-24,Менеджер 4,Брест,офисные столы,1,1,932.5,261.98,0.058,новый,партнёр,True
4353,2026-07-24,Менеджер 1,Могилёв,шкафы,1,1,1380.02,413.45,0.0,новый,сайт,True
4354,2026-07-24,Менеджер 1,Витебск,офисные столы,1,0,0.0,0.0,0.0,повторный,звонок,True
4355,2026-07-24,Менеджер 2,Гродно,офисные столы,1,0,0.0,0.0,0.0,повторный,звонок,True
4356,2026-07-24,Менеджер 3,Могилёв,офисные кресла,1,0,0.0,0.0,0.0,новый,партнёр,True
4357,2026-07-24,Менеджер 3,Витебск,офисные кресла,1,0,0.0,0.0,0.0,новый,партнёр,True
4358,2026-07-24,Менеджер 5,Гомель,офисные кресла,1,0,0.0,0.0,0.0,повторный,партнёр,True
4359,2026-07-24,Менеджер 2,Могилёв,офисные столы,1,1,670.1,213.22,0.066,новый,реклама,True
4360,2026-07-24,Менеджер 2,Гродно,офисные столы,1,0,0.0,0.0,0.0,повторный,реклама,True
4361,2026-07-24,Менеджер 2,Гомель,офисные столы,1,0,0.0,0.0,0.0,новый,сайт,True
4362,2026-07-24,Менеджер 2,Брест,офисные кресла,1,1,596.22,185.7,0.1,новый,партнёр,True
4363,2026-07-24,Менеджер 2,Могилёв,офисные столы,1,1,961.29,297.4,0.068,новый,партнёр,True
4364,2026-07-24,Менеджер 3,Брест,офисные столы,1,0,0.0,0.0,0.0,новый,сайт,True
4365,2026-07-24,Менеджер 4,Витебск,офисные кресла,1,0,0.0,0.0,0.0,новый,сайт,True
4366,2026-07-25,Менеджер 5,Брест,офисные столы,1,0,0.0,0.0,0.0,новый,сайт,True
4367,2026-07-25,Менеджер 2,Витебск,шкафы,1,0,0.0,0.0,0.0,новый,звонок,True
4368,2026-07-25,Менеджер 2,Витебск,офисные столы,1,1,755.19,235.48,0.142,новый,партнёр,True
4369,2026-07-25,Менеджер 4,Гомель,офисные столы,1,0,0.0,0.0,0.0,новый,реклама,True
4370,2026-07-25,Менеджер 5,Могилёв,офисные кресла,1,0,0.0,0.0,0.0,новый,партнёр,True
4371,2026-07-25,Менеджер 5,Брест,офисные столы,1,0,0.0,0.0,0.0,повторный,реклама,True
4372,2026-07-25,Менеджер 4,Гродно,офисные кресла,1,1,518.88,147.6,0.096,новый,партнёр,True
4373,2026-07-25,Менеджер 2,Гродно,офисные кресла,1,0,0.0,0.0,0.0,новый,звонок,True
4374,2026-07-25,Менеджер 1,Гомель,офисные столы,1,1,847.04,207.5,0.104,новый,партнёр,True
4375,2026-07-25,Менеджер 4,Гомель,шкафы,1,0,0.0,0.0,0.0,новый,звонок,True
4376,2026-07-25,Менеджер 1,Брест,шкафы,1,1,1486.05,399.19,0.081,новый,звонок,True
4377,2026-07-25,Менеджер 5,Могилёв,офисные кресла,1,0,0.0,0.0,0.0,новый,реклама,True
4378,2026-07-25,Менеджер 1,Витебск,офисные столы,1,0,0.0,0.0,0.0,повторный,партнёр,True
4379,2026-07-25,Менеджер 5,Брест,офисные кресла,1,0,0.0,0.0,0.0,новый,звонок,True
4380,2026-07-25,Менеджер 4,Могилёв,офисные столы,1,1,766.72,202.25,0.063,новый,звонок,True
4381,2026-07-25,Менеджер 1,Гомель,офисные кресла,1,0,0.0,0.0,0.0,новый,партнёр,True
4382,2026-07-25,Менеджер 3,Гомель,офисные кресла,1,1,558.77,177.44,0.015,новый,сайт,True
4383,2026-07-25,Менеджер 2,Могилёв,офисные столы,1,0,0.0,0.0,0.0,повторный,реклама,True
4384,2026-07-25,Менеджер 2,Гомель,шкафы,1,0,0.0,0.0,0.0,новый,реклама,True
4385,2026-07-25,Менеджер 3,Брест,офисные кресла,1,0,0.0,0.0,0.0,новый,сайт,True
4386,2026-07-25,Менеджер 2,Гомель,офисные кресла,1,1,571.07,174.84,0.014,новый,реклама,True
4387,2026-07-25,Менеджер 2,Гомель,офисные столы,1,0,0.0,0.0,0.0,новый,партнёр,True
4388,2026-07-25,Менеджер 2,Могилёв,офисные столы,1,1,868.25,234.35,0.069,новый,звонок,True
4389,2026-07-25,Менеджер 3,Могилёв,офисные столы,1,1,1009.12,282.13,0.138,новый,партнёр,True
4390,2026-07-25,Менеджер 3,Витебск,офисные столы,1,0,0.0,0.0,0.0,новый,звонок,True
4391,2026-07-25,Менеджер 3,Гродно,офисные кресла,1,0,0.0,0.0,0.0,повторный,звонок,True
4392,2026-07-25,Менеджер 4,Гродно,офисные кресла,1,0,0.0,0.0,0.0,новый,реклама,True
4393,2026-07-25,Менеджер 1,Гродно,офисные столы,1,0,0.0,0.0,0.0,повторный,партнёр,True
4394,2026-07-25,Менеджер 5,Могилёв,офисные столы,1,0,0.0,0.0,0.0,повторный,партнёр,True
4395,2026-07-25,Менеджер 3,Гомель,шкафы,1,0,0.0,0.0,0.0,повторный,реклама,True
4396,2026-07-25,Менеджер 4,Могилёв,офисные кресла,1,0,0.0,0.0,0.0,повторный,сайт,True
4397,2026-07-25,Менеджер 2,Витебск,офисные кресла,1,1,778.34,248.68,0.116,новый,сайт,True
4398,2026-07-25,Менеджер 5,Гомель,шкафы,1,0,0.0,0.0,0.0,повторный,реклама,True
4399,2026-07-25,Менеджер 5,Гомель,офисные кресла,1,0,0.0,0.0,0.0,повторный,звонок,True
4400,2026-07-25,Менеджер 4,Гомель,шкафы,1,1,1158.51,354.74,0.112,новый,сайт,True
4401,2026-07-25,Менеджер 4,Витебск,офисные кресла,1,0,0.0,0.0,0.0,новый,реклама,True
4402,2026-07-25,Менеджер 3,Гродно,шкафы,1,1,1326.09,320.89,0.121,новый,сайт,True
4403,2026-07-25,Менеджер 2,Гомель,офисные кресла,1,0,0.0,0.0,0.0,новый,реклама,True
4404,2026-07-25,Менеджер 5,Брест,шкафы,1,0,0.0,0.0,0.0,новый,сайт,True
4405,2026-07-25,Менеджер 2,Гродно,шкафы,1,0,0.0,0.0,0.0,повторный,сайт,True
4406,2026-07-25,Менеджер 3,Гомель,офисные столы,1,0,0.0,0.0,0.0,новый,сайт,True
4407,2026-07-25,Менеджер 3,Брест,офисные кресла,1,0,0.0,0.0,0.0,повторный,реклама,True
4408,2026-07-25,Менеджер 3,Брест,офисные кресла,1,0,0.0,0.0,0.0,новый,сайт,True
4409,2026-07-25,Менеджер 4,Гомель,шкафы,1,0,0.0,0.0,0.0,новый,сайт,True
4410,2026-07-25,Менеджер 1,Могилёв,шкафы,1,0,0.0,0.0,0.0,новый,звонок,True
4411,2026-07-25,Менеджер 1,Витебск,офисные кресла,1,1,735.74,213.29,0.098,новый,сайт,True
4412,2026-07-25,Менеджер 1,Брест,офисные столы,1,0,0.0,0.0,0.0,повторный,сайт,True
4413,2026-07-25,Менеджер 4,Витебск,офисные столы,1,0,0.0,0.0,0.0,новый,партнёр,True
4414,2026-07-26,Менеджер 2,Могилёв,шкафы,1,0,0.0,0.0,0.0,новый,сайт,True
4415,2026-07-26,Менеджер 1,Брест,офисные кресла,1,0,0.0,0.0,0.0,повторный,партнёр,True
4416,2026-07-26,Менеджер 4,Гродно,офисные кресла,1,0,0.0,0.0,0.0,повторный,реклама,True
4417,2026-07-26,Менеджер 4,Брест,шкафы,1,1,1565.24,460.29,0.051,новый,партнёр,True
4418,2026-07-26,Менеджер 3,Брест,офисные кресла,1,0,0.0,0.0,0.0,новый,сайт,True
4419,2026-07-26,Менеджер 2,Могилёв,шкафы,1,0,0.0,0.0,0.0,новый,сайт,True
4420,2026-07-26,Менеджер 3,Гродно,офисные кресла,1,0,0.0,0.0,0.0,новый,сайт,True
4421,2026-07-26,Менеджер 4,Могилёв,шкафы,1,0,0.0,0.0,0.0,новый,партнёр,True
4422,2026-07-26,Менеджер 5,Могилёв,шкафы,1,0,0.0,0.0,0.0,новый,звонок,True
4423,2026-07-26,Менеджер 3,Витебск,шкафы,1,0,0.0,0.0,0.0,новый,звонок,True
4424,2026-07-26,Менеджер 1,Брест,офисные столы,1,0,0.0,0.0,0.0,новый,звонок,True
4425,2026-07-26,Менеджер 1,Витебск,шкафы,1,1,1229.65,300.79,0.113,повторный,реклама,True
4426,2026-07-26,Менеджер 4,Гродно,шкафы,1,0,0.0,0.0,0.0,новый,сайт,True
4427,2026-07-26,Менеджер 4,Брест,офисные столы,1,0,0.0,0.0,0.0,новый,сайт,True
4428,2026-07-26,Менеджер 4,Могилёв,шкафы,1,0,0.0,0.0,0.0,повторный,сайт,True
4429,2026-07-26,Менеджер 3,Витебск,шкафы,1,1,1102.33,297.42,0.124,повторный,партнёр,True
4430,2026-07-26,Менеджер 4,Могилёв,офисные столы,1,1,936.04,251.18,0.113,новый,сайт,True
4431,2026-07-26,Менеджер 1,Могилёв,офисные кресла,1,0,0.0,0.0,0.0,новый,партнёр,True
4432,2026-07-26,Менеджер 5,Брест,шкафы,1,0,0.0,0.0,0.0,новый,звонок,True
4433,2026-07-26,Менеджер 2,Гомель,офисные столы,1,0,0.0,0.0,0.0,новый,реклама,True
4434,2026-07-26,Менеджер 2,Могилёв,офисные столы,1,0,0.0,0.0,0.0,повторный,звонок,True
4435,2026-07-26,Менеджер 4,Могилёв,шкафы,1,0,0.0,0.0,0.0,новый,звонок,True
4436,2026-07-26,Менеджер 2,Брест,шкафы,1,1,1441.07,441.5,0.084,новый,звонок,True
4437,2026-07-26,Менеджер 1,Витебск,офисные столы,1,0,0.0,0.0,0.0,повторный,сайт,True
4438,2026-07-26,Менеджер 3,Могилёв,шкафы,1,1,963.14,298.27,0.093,новый,реклама,True
4439,2026-07-26,Менеджер 1,Брест,офисные кресла,1,0,0.0,0.0,0.0,новый,сайт,True
4440,2026-07-26,Менеджер 5,Могилёв,офисные кресла,1,0,0.0,0.0,0.0,повторный,звонок,True
4441,2026-07-26,Менеджер 5,Могилёв,офисные столы,1,1,1150.07,361.92,0.054,новый,реклама,True
4442,2026-07-26,Менеджер 5,Гродно,офисные кресла,1,1,737.8,234.38,0.156,повторный,реклама,True
4443,2026-07-26,Менеджер 2,Гомель,офисные кресла,1,0,0.0,0.0,0.0,повторный,реклама,True
4444,2026-07-26,Менеджер 5,Гродно,шкафы,1,0,0.0,0.0,0.0,новый,партнёр,True
4445,2026-07-26,Менеджер 2,Брест,офисные столы,1,0,0.0,0.0,0.0,повторный,реклама,True
4446,2026-07-26,Менеджер 3,Гомель,офисные столы,1,0,0.0,0.0,0.0,новый,сайт,True
4447,2026-07-26,Менеджер 3,Брест,шкафы,1,0,0.0,0.0,0.0,новый,сайт,True
4448,2026-07-26,Менеджер 2,Гомель,шкафы,1,0,0.0,0.0,0.0,новый,сайт,True
4449,2026-07-26,Менеджер 4,Брест,офисные столы,1,1,711.04,215.13,0.149,новый,реклама,True
4450,2026-07-26,Менеджер 4,Гродно,шкафы,1,1,1209.3,374.04,0.096,новый,звонок,True
4451,2026-07-26,Менеджер 4,Витебск,офисные столы,1,0,0.0,0.0,0.0,новый,партнёр,True
4452,2026-07-26,Менеджер 1,Могилёв,шкафы,1,0,0.0,0.0,0.0,новый,партнёр,True
4453,2026-07-26,Менеджер 4,Гродно,офисные кресла,1,1,634.64,194.4,0.106,новый,звонок,True
4454,2026-07-26,Менеджер 1,Гомель,шкафы,1,0,0.0,0.0,0.0,повторный,сайт,True
4455,2026-07-26,Менеджер 4,Брест,офисные кресла,1,1,773.28,281.32,0.109,новый,сайт,True
4456,2026-07-26,Менеджер 2,Брест,офисные кресла,1,1,735.83,233.77,0.057,новый,партнёр,True
4457,2026-07-26,Менеджер 5,Гродно,офисные кресла,1,0,0.0,0.0,0.0,повторный,реклама,True
4458,2026-07-26,Менеджер 2,Брест,офисные кресла,1,0,0.0,0.0,0.0,новый,реклама,True
4459,2026-07-26,Менеджер 3,Гомель,шкафы,1,1,1024.69,288.1,0.082,новый,звонок,True
4460,2026-07-26,Менеджер 4,Могилёв,офисные столы,1,0,0.0,0.0,0.0,новый,звонок,True
4461,2026-07-26,Менеджер 3,Гомель,шкафы,1,0,0.0,0.0,0.0,новый,звонок,True
4462,2026-07-26,Менеджер 3,Брест,офисные кресла,1,1,697.83,237.29,0.025,новый,звонок,True
4463,2026-07-27,Менеджер 1,Гомель,офисные столы,1,0,0.0,0.0,0.0,новый,партнёр,True
4464,2026-07-27,Менеджер 3,Гомель,офисные кресла,1,1,650.86,223.14,0.039,повторный,сайт,True
4465,2026-07-27,Менеджер 2,Могилёв,офисные кресла,1,0,0.0,0.0,0.0,новый,сайт,True
4466,2026-07-27,Менеджер 5,Гродно,шкафы,1,0,0.0,0.0,0.0,новый,звонок,True
4467,2026-07-27,Менеджер 2,Витебск,шкафы,1,0,0.0,0.0,0.0,новый,звонок,True
4468,2026-07-27,Менеджер 2,Могилёв,офисные столы,1,1,751.71,238.54,0.043,новый,сайт,True
4469,2026-07-27,Менеджер 1,Брест,офисные столы,1,0,0.0,0.0,0.0,новый,сайт,True
4470,2026-07-27,Менеджер 1,Могилёв,шкафы,1,0,0.0,0.0,0.0,новый,реклама,True
4471,2026-07-27,Менеджер 5,Гомель,шкафы,1,0,0.0,0.0,0.0,новый,партнёр,True
4472,2026-07-27,Менеджер 2,Могилёв,шкафы,1,0,0.0,0.0,0.0,новый,партнёр,True
4473,2026-07-27,Менеджер 2,Гомель,офисные кресла,1,0,0.0,0.0,0.0,новый,партнёр,True
4474,2026-07-27,Менеджер 3,Гродно,шкафы,1,0,0.0,0.0,0.0,повторный,партнёр,True
4475,2026-07-27,Менеджер 3,Гродно,шкафы,1,0,0.0,0.0,0.0,повторный,реклама,True
4476,2026-07-27,Менеджер 1,Витебск,шкафы,1,0,0.0,0.0,0.0,новый,сайт,True
4477,2026-07-27,Менеджер 4,Гродно,шкафы,1,1,1417.51,396.16,0.136,новый,реклама,True
4478,2026-07-27,Менеджер 4,Гомель,офисные столы,1,0,0.0,0.0,0.0,повторный,реклама,True
4479,2026-07-27,Менеджер 3,Витебск,офисные кресла,1,0,0.0,0.0,0.0,новый,сайт,True
4480,2026-07-27,Менеджер 2,Витебск,офисные столы,1,1,1098.22,312.98,0.081,новый,партнёр,True
4481,2026-07-27,Менеджер 3,Гродно,шкафы,1,1,1133.99,352.51,0.019,повторный,сайт,True
4482,2026-07-27,Менеджер 1,Брест,шкафы,1,0,0.0,0.0,0.0,новый,сайт,True
4483,2026-07-27,Менеджер 2,Витебск,шкафы,1,1,1324.21,376.58,0.105,новый,сайт,True
4484,2026-07-27,Менеджер 2,Гродно,офисные столы,1,1,921.25,227.85,0.117,новый,сайт,True
4485,2026-07-27,Менеджер 5,Гродно,шкафы,1,0,0.0,0.0,0.0,новый,звонок,True
4486,2026-07-27,Менеджер 3,Могилёв,офисные кресла,1,0,0.0,0.0,0.0,повторный,сайт,True
4487,2026-07-27,Менеджер 2,Брест,офисные столы,1,0,0.0,0.0,0.0,новый,партнёр,True
4488,2026-07-27,Менеджер 3,Гродно,офисные кресла,1,0,0.0,0.0,0.0,новый,звонок,True
4489,2026-07-27,Менеджер 3,Брест,офисные кресла,1,0,0.0,0.0,0.0,новый,звонок,True
4490,2026-07-27,Менеджер 1,Брест,офисные кресла,1,0,0.0,0.0,0.0,новый,сайт,True
4491,2026-07-27,Менеджер 1,Могилёв,офисные столы,1,1,1045.86,286.71,0.028,новый,сайт,True
4492,2026-07-27,Менеджер 5,Могилёв,офисные столы,1,0,0.0,0.0,0.0,новый,звонок,True
4493,2026-07-27,Менеджер 2,Гродно,шкафы,1,1,1092.54,330.56,0.084,повторный,звонок,True
4494,2026-07-27,Менеджер 2,Гродно,офисные кресла,1,0,0.0,0.0,0.0,новый,реклама,True
4495,2026-07-27,Менеджер 1,Могилёв,шкафы,1,0,0.0,0.0,0.0,новый,сайт,True
4496,2026-07-27,Менеджер 5,Гродно,офисные кресла,1,0,0.0,0.0,0.0,новый,сайт,True
4497,2026-07-27,Менеджер 1,Витебск,офисные кресла,1,0,0.0,0.0,0.0,новый,звонок,True
4498,2026-07-27,Менеджер 2,Гомель,офисные кресла,1,0,0.0,0.0,0.0,новый,реклама,True
4499,2026-07-27,Менеджер 4,Гомель,офисные столы,1,0,0.0,0.0,0.0,повторный,сайт,True
4500,2026-07-27,Менеджер 3,Гомель,офисные кресла,1,1,778.66,283.25,0.047,новый,звонок,True
4501,2026-07-27,Менеджер 4,Брест,офисные кресла,1,1,838.65,313.84,0.082,новый,партнёр,True
4502,2026-07-27,Менеджер 3,Витебск,офисные кресла,1,1,630.37,233.68,0.062,повторный,сайт,True
4503,2026-07-27,Менеджер 5,Брест,шкафы,1,1,1076.91,307.14,0.067,новый,партнёр,True
4504,2026-07-27,Менеджер 5,Могилёв,офисные столы,1,0,0.0,0.0,0.0,новый,реклама,True
4505,2026-07-27,Менеджер 1,Витебск,офисные столы,1,1,803.57,238.9,0.05,повторный,сайт,True
4506,2026-07-28,Менеджер 1,Брест,шкафы,1,0,0.0,0.0,0.0,новый,реклама,True
4507,2026-07-28,Менеджер 5,Витебск,шкафы,1,0,0.0,0.0,0.0,повторный,звонок,True
4508,2026-07-28,Менеджер 5,Витебск,офисные кресла,1,1,849.1,318.76,0.044,повторный,звонок,True
4509,2026-07-28,Менеджер 5,Витебск,офисные столы,1,1,747.3,236.41,0.045,новый,звонок,True
4510,2026-07-28,Менеджер 1,Гомель,шкафы,1,1,1267.58,350.88,0.136,новый,сайт,True
4511,2026-07-28,Менеджер 5,Гродно,шкафы,1,0,0.0,0.0,0.0,новый,партнёр,True
4512,2026-07-28,Менеджер 3,Витебск,офисные кресла,1,0,0.0,0.0,0.0,новый,сайт,True
4513,2026-07-28,Менеджер 1,Брест,шкафы,1,0,0.0,0.0,0.0,новый,сайт,True
4514,2026-07-28,Менеджер 5,Гомель,офисные кресла,1,0,0.0,0.0,0.0,новый,реклама,True
4515,2026-07-28,Менеджер 3,Гомель,офисные столы,1,1,810.93,248.7,0.099,новый,реклама,True
4516,2026-07-28,Менеджер 4,Гродно,шкафы,1,0,0.0,0.0,0.0,новый,реклама,True
4517,2026-07-28,Менеджер 1,Могилёв,шкафы,1,0,0.0,0.0,0.0,повторный,сайт,True
4518,2026-07-28,Менеджер 4,Гомель,офисные столы,1,0,0.0,0.0,0.0,новый,сайт,True
4519,2026-07-28,Менеджер 5,Гродно,офисные столы,1,0,0.0,0.0,0.0,новый,сайт,True
4520,2026-07-28,Менеджер 4,Могилёв,офисные кресла,1,0,0.0,0.0,0.0,новый,сайт,True
4521,2026-07-28,Менеджер 1,Гродно,офисные столы,1,1,956.76,307.75,0.091,новый,сайт,True
4522,2026-07-28,Менеджер 4,Гомель,офисные кресла,1,0,0.0,0.0,0.0,новый,сайт,True
4523,2026-07-28,Менеджер 2,Витебск,офисные столы,1,0,0.0,0.0,0.0,новый,партнёр,True
4524,2026-07-28,Менеджер 3,Могилёв,офисные столы,1,0,0.0,0.0,0.0,новый,звонок,True
4525,2026-07-28,Менеджер 4,Гомель,офисные столы,1,0,0.0,0.0,0.0,новый,сайт,True
4526,2026-07-28,Менеджер 5,Гомель,офисные кресла,1,1,727.59,240.74,0.047,новый,партнёр,True
4527,2026-07-28,Менеджер 5,Могилёв,шкафы,1,0,0.0,0.0,0.0,повторный,реклама,True
4528,2026-07-28,Менеджер 2,Гродно,офисные кресла,1,1,683.95,196.87,0.066,новый,партнёр,True
4529,2026-07-28,Менеджер 4,Витебск,офисные кресла,1,0,0.0,0.0,0.0,новый,партнёр,True
4530,2026-07-28,Менеджер 5,Витебск,офисные столы,1,0,0.0,0.0,0.0,новый,партнёр,True
4531,2026-07-28,Менеджер 5,Брест,офисные столы,1,0,0.0,0.0,0.0,повторный,сайт,True
4532,2026-07-28,Менеджер 1,Гомель,офисные столы,1,1,621.29,160.75,0.189,новый,реклама,True
4533,2026-07-28,Менеджер 1,Гродно,шкафы,1,1,979.81,251.83,0.028,повторный,звонок,True
4534,2026-07-28,Менеджер 3,Могилёв,офисные столы,1,0,0.0,0.0,0.0,новый,реклама,True
4535,2026-07-28,Менеджер 5,Могилёв,шкафы,1,0,0.0,0.0,0.0,повторный,звонок,True
4536,2026-07-28,Менеджер 5,Витебск,офисные столы,1,0,0.0,0.0,0.0,новый,звонок,True
4537,2026-07-28,Менеджер 4,Гродно,офисные столы,1,1,795.46,243.25,0.127,новый,партнёр,True
4538,2026-07-28,Менеджер 4,Брест,офисные кресла,1,1,499.96,155.73,0.065,новый,партнёр,True
4539,2026-07-28,Менеджер 1,Гродно,офисные кресла,1,1,740.17,261.43,0.083,новый,сайт,True
4540,2026-07-28,Менеджер 3,Гомель,шкафы,1,0,0.0,0.0,0.0,новый,сайт,True
4541,2026-07-28,Менеджер 1,Гомель,шкафы,1,0,0.0,0.0,0.0,повторный,звонок,True
4542,2026-07-28,Менеджер 4,Могилёв,офисные столы,1,1,690.22,202.66,0.088,новый,сайт,True
4543,2026-07-28,Менеджер 3,Могилёв,шкафы,1,1,1482.93,401.25,0.041,новый,реклама,True
4544,2026-07-28,Менеджер 2,Брест,офисные столы,1,1,1112.58,360.18,0.121,новый,звонок,True
4545,2026-07-28,Менеджер 1,Гродно,офисные столы,1,0,0.0,0.0,0.0,повторный,реклама,True
4546,2026-07-28,Менеджер 4,Гродно,офисные столы,1,0,0.0,0.0,0.0,новый,сайт,True
4547,2026-07-28,Менеджер 4,Гродно,офисные кресла,1,0,0.0,0.0,0.0,новый,партнёр,True
4548,2026-07-28,Менеджер 2,Брест,офисные столы,1,0,0.0,0.0,0.0,новый,партнёр,True
4549,2026-07-28,Менеджер 5,Гомель,офисные кресла,1,0,0.0,0.0,0.0,повторный,звонок,True
4550,2026-07-28,Менеджер 1,Гомель,шкафы,1,0,0.0,0.0,0.0,новый,партнёр,True
4551,2026-07-28,Менеджер 5,Гродно,офисные кресла,1,0,0.0,0.0,0.0,новый,звонок,True
4552,2026-07-29,Менеджер 4,Витебск,офисные столы,1,1,954.73,305.62,0.0,новый,партнёр,True
4553,2026-07-29,Менеджер 5,Гомель,офисные кресла,1,0,0.0,0.0,0.0,новый,звонок,True
4554,2026-07-29,Менеджер 1,Гродно,шкафы,1,0,0.0,0.0,0.0,новый,реклама,True
4555,2026-07-29,Менеджер 1,Витебск,офисные столы,1,1,751.08,224.91,0.084,новый,звонок,True
4556,2026-07-29,Менеджер 4,Гомель,шкафы,1,0,0.0,0.0,0.0,повторный,сайт,True
4557,2026-07-29,Менеджер 1,Гомель,шкафы,1,1,1237.3,330.72,0.063,новый,звонок,True
4558,2026-07-29,Менеджер 2,Гродно,шкафы,1,1,1389.52,321.61,0.082,повторный,сайт,True
4559,2026-07-29,Менеджер 3,Могилёв,шкафы,1,0,0.0,0.0,0.0,повторный,звонок,True
4560,2026-07-29,Менеджер 3,Гродно,офисные столы,1,1,721.93,206.14,0.054,новый,реклама,True
4561,2026-07-29,Менеджер 5,Гродно,офисные столы,1,0,0.0,0.0,0.0,повторный,сайт,True
4562,2026-07-29,Менеджер 3,Могилёв,офисные кресла,1,0,0.0,0.0,0.0,новый,сайт,True
4563,2026-07-29,Менеджер 4,Гомель,шкафы,1,1,1572.19,457.62,0.032,новый,партнёр,True
4564,2026-07-29,Менеджер 5,Гомель,офисные кресла,1,1,623.85,214.86,0.071,новый,звонок,True
4565,2026-07-29,Менеджер 4,Гомель,шкафы,1,1,1042.13,252.87,0.078,новый,сайт,True
4566,2026-07-29,Менеджер 3,Витебск,шкафы,1,1,1341.47,352.66,0.09,новый,партнёр,True
4567,2026-07-29,Менеджер 1,Брест,офисные столы,1,1,669.84,187.07,0.044,повторный,реклама,True
4568,2026-07-29,Менеджер 3,Гродно,офисные кресла,1,1,736.94,220.48,0.128,новый,реклама,True
4569,2026-07-29,Менеджер 3,Гродно,шкафы,1,0,0.0,0.0,0.0,повторный,партнёр,True
4570,2026-07-29,Менеджер 1,Витебск,шкафы,1,0,0.0,0.0,0.0,новый,партнёр,True
4571,2026-07-29,Менеджер 3,Гомель,шкафы,1,0,0.0,0.0,0.0,новый,звонок,True
4572,2026-07-29,Менеджер 3,Могилёв,шкафы,1,1,896.49,214.56,0.119,новый,реклама,True
4573,2026-07-29,Менеджер 3,Могилёв,офисные столы,1,0,0.0,0.0,0.0,новый,сайт,True
4574,2026-07-29,Менеджер 3,Витебск,офисные кресла,1,0,0.0,0.0,0.0,новый,партнёр,True
4575,2026-07-29,Менеджер 2,Гомель,офисные кресла,1,0,0.0,0.0,0.0,новый,реклама,True
4576,2026-07-29,Менеджер 5,Гомель,офисные столы,1,0,0.0,0.0,0.0,новый,партнёр,True
4577,2026-07-29,Менеджер 2,Могилёв,офисные кресла,1,1,494.4,175.98,0.067,новый,звонок,True
4578,2026-07-29,Менеджер 2,Брест,офисные кресла,1,1,681.5,227.18,0.099,новый,реклама,True
4579,2026-07-29,Менеджер 4,Гродно,шкафы,1,0,0.0,0.0,0.0,новый,реклама,True
4580,2026-07-29,Менеджер 5,Гомель,офисные столы,1,0,0.0,0.0,0.0,повторный,звонок,True
4581,2026-07-29,Менеджер 2,Витебск,шкафы,1,1,1500.66,398.58,0.13,новый,сайт,True
4582,2026-07-29,Менеджер 2,Брест,офисные кресла,1,0,0.0,0.0,0.0,новый,реклама,True
4583,2026-07-29,Менеджер 5,Витебск,офисные кресла,1,0,0.0,0.0,0.0,новый,реклама,True
4584,2026-07-29,Менеджер 3,Могилёв,офисные кресла,1,0,0.0,0.0,0.0,повторный,звонок,True
4585,2026-07-29,Менеджер 2,Гомель,офисные кресла,1,0,0.0,0.0,0.0,новый,сайт,True
4586,2026-07-29,Менеджер 3,Гродно,офисные столы,1,0,0.0,0.0,0.0,новый,реклама,True
4587,2026-07-29,Менеджер 5,Витебск,офисные кресла,1,0,0.0,0.0,0.0,новый,партнёр,True
4588,2026-07-29,Менеджер 3,Витебск,офисные кресла,1,0,0.0,0.0,0.0,новый,партнёр,True
4589,2026-07-29,Менеджер 4,Витебск,шкафы,1,0,0.0,0.0,0.0,новый,реклама,True
4590,2026-07-29,Менеджер 4,Могилёв,офисные кресла,1,1,580.83,171.65,0.053,новый,реклама,True
4591,2026-07-29,Менеджер 1,Витебск,офисные кресла,1,0,0.0,0.0,0.0,новый,реклама,True
4592,2026-07-29,Менеджер 1,Гомель,офисные столы,1,0,0.0,0.0,0.0,новый,партнёр,True
4593,2026-07-29,Менеджер 5,Гродно,шкафы,1,0,0.0,0.0,0.0,новый,сайт,True
4594,2026-07-29,Менеджер 4,Гродно,офисные столы,1,1,952.73,248.64,0.087,новый,партнёр,True
4595,2026-07-29,Менеджер 2,Витебск,шкафы,1,0,0.0,0.0,0.0,новый,звонок,True
4596,2026-07-29,Менеджер 1,Гомель,шкафы,1,1,1053.37,281.58,0.06,новый,звонок,True
4597,2026-07-29,Менеджер 5,Могилёв,шкафы,1,1,1488.61,382.24,0.068,повторный,сайт,True
4598,2026-07-29,Менеджер 5,Гомель,офисные столы,1,1,1080.55,265.76,0.109,новый,партнёр,True
4599,2026-07-29,Менеджер 2,Брест,офисные столы,1,0,0.0,0.0,0.0,новый,реклама,True
4600,2026-07-29,Менеджер 1,Гродно,офисные кресла,1,0,0.0,0.0,0.0,новый,звонок,True
4601,2026-07-29,Менеджер 3,Витебск,офисные кресла,1,0,0.0,0.0,0.0,новый,звонок,True
4602,2026-07-30,Менеджер 3,Брест,офисные кресла,1,0,0.0,0.0,0.0,новый,реклама,True
4603,2026-07-30,Менеджер 3,Гродно,офисные кресла,1,0,0.0,0.0,0.0,новый,реклама,True
4604,2026-07-30,Менеджер 1,Гродно,офисные кресла,1,0,0.0,0.0,0.0,новый,реклама,True
4605,2026-07-30,Менеджер 3,Могилёв,шкафы,1,1,1170.32,325.58,0.093,новый,звонок,True
4606,2026-07-30,Менеджер 5,Брест,шкафы,1,0,0.0,0.0,0.0,новый,сайт,True
4607,2026-07-30,Менеджер 1,Могилёв,офисные кресла,1,0,0.0,0.0,0.0,новый,реклама,True
4608,2026-07-30,Менеджер 4,Витебск,шкафы,1,0,0.0,0.0,0.0,новый,реклама,True
4609,2026-07-30,Менеджер 4,Брест,шкафы,1,1,1214.89,304.74,0.068,повторный,сайт,True
4610,2026-07-30,Менеджер 1,Брест,офисные столы,1,0,0.0,0.0,0.0,новый,звонок,True
4611,2026-07-30,Менеджер 2,Витебск,шкафы,1,0,0.0,0.0,0.0,повторный,реклама,True
4612,2026-07-30,Менеджер 3,Витебск,шкафы,1,1,1540.31,473.26,0.065,новый,реклама,True
4613,2026-07-30,Менеджер 1,Витебск,шкафы,1,1,1163.81,367.17,0.029,новый,сайт,True
4614,2026-07-30,Менеджер 3,Гродно,офисные столы,1,0,0.0,0.0,0.0,новый,сайт,True
4615,2026-07-30,Менеджер 4,Витебск,офисные кресла,1,0,0.0,0.0,0.0,повторный,сайт,True
4616,2026-07-30,Менеджер 5,Гродно,офисные столы,1,0,0.0,0.0,0.0,новый,сайт,True
4617,2026-07-30,Менеджер 1,Гомель,офисные столы,1,1,907.59,255.8,0.116,повторный,реклама,True
4618,2026-07-30,Менеджер 2,Гродно,шкафы,1,0,0.0,0.0,0.0,повторный,звонок,True
4619,2026-07-30,Менеджер 5,Гродно,шкафы,1,0,0.0,0.0,0.0,новый,звонок,True
4620,2026-07-30,Менеджер 5,Брест,офисные столы,1,1,878.07,216.39,0.088,повторный,партнёр,True
4621,2026-07-30,Менеджер 5,Брест,шкафы,1,0,0.0,0.0,0.0,новый,реклама,True
4622,2026-07-30,Менеджер 4,Могилёв,шкафы,1,1,920.19,274.48,0.123,новый,реклама,True
4623,2026-07-30,Менеджер 2,Витебск,офисные кресла,1,0,0.0,0.0,0.0,новый,партнёр,True
4624,2026-07-30,Менеджер 3,Гродно,офисные кресла,1,1,705.7,218.65,0.064,новый,сайт,True
4625,2026-07-30,Менеджер 1,Гродно,шкафы,1,0,0.0,0.0,0.0,повторный,партнёр,True
4626,2026-07-30,Менеджер 2,Гомель,офисные кресла,1,0,0.0,0.0,0.0,новый,реклама,True
4627,2026-07-30,Менеджер 1,Гродно,офисные столы,1,0,0.0,0.0,0.0,повторный,партнёр,True
4628,2026-07-30,Менеджер 4,Брест,офисные кресла,1,0,0.0,0.0,0.0,повторный,сайт,True
4629,2026-07-30,Менеджер 1,Гомель,шкафы,1,0,0.0,0.0,0.0,новый,реклама,True
4630,2026-07-30,Менеджер 3,Гродно,офисные кресла,1,1,772.83,243.62,0.106,новый,сайт,True
4631,2026-07-30,Менеджер 5,Витебск,офисные столы,1,1,726.03,232.02,0.052,новый,реклама,True
4632,2026-07-30,Менеджер 3,Гродно,офисные кресла,1,0,0.0,0.0,0.0,новый,сайт,True
4633,2026-07-30,Менеджер 1,Витебск,офисные кресла,1,1,734.52,261.38,0.151,новый,реклама,True
4634,2026-07-30,Менеджер 5,Гомель,офисные кресла,1,0,0.0,0.0,0.0,повторный,реклама,True
4635,2026-07-30,Менеджер 3,Витебск,шкафы,1,1,997.74,259.9,0.13,новый,реклама,True
4636,2026-07-30,Менеджер 4,Витебск,офисные кресла,1,0,0.0,0.0,0.0,новый,звонок,True
4637,2026-07-30,Менеджер 3,Могилёв,офисные столы,1,1,697.04,231.79,0.075,новый,партнёр,True
4638,2026-07-30,Менеджер 2,Гродно,офисные столы,1,0,0.0,0.0,0.0,новый,звонок,True
4639,2026-07-30,Менеджер 3,Витебск,офисные кресла,1,1,539.06,197.18,0.036,новый,реклама,True
4640,2026-07-30,Менеджер 3,Могилёв,шкафы,1,1,1170.62,341.92,0.118,новый,сайт,True
4641,2026-07-30,Менеджер 1,Брест,шкафы,1,1,1182.92,357.4,0.049,повторный,реклама,True
4642,2026-07-30,Менеджер 1,Могилёв,офисные кресла,1,0,0.0,0.0,0.0,повторный,сайт,True
4643,2026-07-30,Менеджер 5,Витебск,офисные кресла,1,1,810.6,258.48,0.068,новый,звонок,True
4644,2026-07-30,Менеджер 2,Гродно,офисные столы,1,1,755.51,212.89,0.051,новый,партнёр,True
4645,2026-07-30,Менеджер 5,Гродно,шкафы,1,1,1268.8,370.43,0.061,повторный,реклама,True
4646,2026-07-31,Менеджер 4,Гродно,шкафы,1,0,0.0,0.0,0.0,новый,партнёр,True
4647,2026-07-31,Менеджер 3,Гродно,офисные кресла,1,0,0.0,0.0,0.0,новый,сайт,True
4648,2026-07-31,Менеджер 3,Витебск,офисные столы,1,0,0.0,0.0,0.0,новый,звонок,True
4649,2026-07-31,Менеджер 3,Могилёв,шкафы,1,1,995.75,277.24,0.074,повторный,партнёр,True
4650,2026-07-31,Менеджер 5,Брест,офисные столы,1,0,0.0,0.0,0.0,новый,сайт,True
4651,2026-07-31,Менеджер 1,Могилёв,офисные кресла,1,0,0.0,0.0,0.0,новый,реклама,True
4652,2026-07-31,Менеджер 3,Гродно,офисные столы,1,0,0.0,0.0,0.0,новый,сайт,True
4653,2026-07-31,Менеджер 4,Витебск,шкафы,1,0,0.0,0.0,0.0,повторный,звонок,True
4654,2026-07-31,Менеджер 5,Гомель,офисные кресла,1,0,0.0,0.0,0.0,новый,реклама,True
4655,2026-07-31,Менеджер 5,Могилёв,офисные кресла,1,0,0.0,0.0,0.0,новый,партнёр,True
4656,2026-07-31,Менеджер 2,Витебск,офисные кресла,1,1,561.97,186.33,0.092,повторный,сайт,True
4657,2026-07-31,Менеджер 3,Гомель,шкафы,1,0,0.0,0.0,0.0,новый,партнёр,True
4658,2026-07-31,Менеджер 3,Гродно,шкафы,1,1,1593.96,479.19,0.024,новый,партнёр,True
4659,2026-07-31,Менеджер 3,Гомель,офисные столы,1,0,0.0,0.0,0.0,новый,партнёр,True
4660,2026-07-31,Менеджер 1,Брест,шкафы,1,0,0.0,0.0,0.0,повторный,партнёр,True
4661,2026-07-31,Менеджер 2,Гродно,шкафы,1,0,0.0,0.0,0.0,повторный,сайт,True
4662,2026-07-31,Менеджер 3,Гродно,офисные кресла,1,1,831.13,285.11,0.104,новый,партнёр,True
4663,2026-07-31,Менеджер 1,Витебск,офисные столы,1,0,0.0,0.0,0.0,новый,партнёр,True
4664,2026-07-31,Менеджер 1,Витебск,офисные столы,1,0,0.0,0.0,0.0,новый,партнёр,True
4665,2026-07-31,Менеджер 2,Витебск,шкафы,1,0,0.0,0.0,0.0,повторный,сайт,True
4666,2026-07-31,Менеджер 3,Гомель,шкафы,1,1,1325.94,399.19,0.062,новый,реклама,True
4667,2026-07-31,Менеджер 5,Гродно,офисные столы,1,1,728.05,234.29,0.113,новый,сайт,True
4668,2026-07-31,Менеджер 4,Витебск,офисные кресла,1,0,0.0,0.0,0.0,повторный,партнёр,True
4669,2026-07-31,Менеджер 5,Гродно,шкафы,1,0,0.0,0.0,0.0,новый,сайт,True
4670,2026-07-31,Менеджер 1,Гомель,офисные столы,1,0,0.0,0.0,0.0,повторный,сайт,True
4671,2026-07-31,Менеджер 3,Могилёв,офисные столы,1,1,1173.63,353.91,0.031,повторный,реклама,True
4672,2026-07-31,Менеджер 5,Гродно,офисные столы,1,0,0.0,0.0,0.0,повторный,звонок,True
4673,2026-07-31,Менеджер 5,Витебск,шкафы,1,0,0.0,0.0,0.0,повторный,сайт,True
4674,2026-07-31,Менеджер 5,Брест,офисные столы,1,0,0.0,0.0,0.0,новый,звонок,True
4675,2026-07-31,Менеджер 4,Брест,шкафы,1,0,0.0,0.0,0.0,новый,партнёр,True
4676,2026-07-31,Менеджер 3,Витебск,офисные кресла,1,0,0.0,0.0,0.0,новый,сайт,True
4677,2026-07-31,Менеджер 4,Брест,офисные кресла,1,1,636.32,225.31,0.12,новый,реклама,True
4678,2026-07-31,Менеджер 1,Брест,офисные кресла,1,1,479.6,173.79,0.038,повторный,партнёр,True
4679,2026-07-31,Менеджер 2,Гомель,офисные кресла,1,1,798.77,246.71,0.04,новый,реклама,True
4680,2026-07-31,Менеджер 4,Могилёв,шкафы,1,0,0.0,0.0,0.0,новый,звонок,True
4681,2026-07-31,Менеджер 2,Гомель,офисные столы,1,0,0.0,0.0,0.0,повторный,партнёр,True
4682,2026-07-31,Менеджер 1,Гродно,шкафы,1,0,0.0,0.0,0.0,новый,сайт,True
4683,2026-07-31,Менеджер 4,Гомель,офисные столы,1,0,0.0,0.0,0.0,новый,реклама,True
4684,2026-07-31,Менеджер 4,Гомель,шкафы,1,0,0.0,0.0,0.0,новый,партнёр,True
4685,2026-07-31,Менеджер 5,Брест,шкафы,1,0,0.0,0.0,0.0,новый,звонок,True
4686,2026-07-31,Менеджер 1,Гродно,офисные кресла,1,1,535.49,160.5,0.034,повторный,реклама,True
4687,2026-07-31,Менеджер 3,Гомель,шкафы,1,1,863.19,200.53,0.087,новый,звонок,True
4688,2026-07-31,Менеджер 1,Гомель,шкафы,1,1,1196.16,305.64,0.112,новый,реклама,True
4689,2026-07-31,Менеджер 4,Брест,офисные столы,1,0,0.0,0.0,0.0,повторный,сайт,True
4690,2026-07-31,Менеджер 4,Гомель,офисные столы,1,0,0.0,0.0,0.0,новый,партнёр,True
4691,2026-07-31,Менеджер 4,Витебск,шкафы,1,0,0.0,0.0,0.0,новый,реклама,True
4692,2026-07-31,Менеджер 4,Гродно,офисные кресла,1,1,832.56,240.71,0.021,новый,сайт,True
4693,2026-07-31,Менеджер 5,Гомель,офисные кресла,1,0,0.0,0.0,0.0,повторный,звонок,True
4694,2026-07-31,Менеджер 2,Гомель,офисные столы,1,1,1158.42,387.18,0.048,новый,сайт,True
4695,2026-08-01,Менеджер 4,Брест,офисные столы,1,1,1091.31,363.06,0.077,новый,звонок,True
4696,2026-08-01,Менеджер 2,Витебск,офисные кресла,1,0,0.0,0.0,0.0,новый,партнёр,True
4697,2026-08-01,Менеджер 1,Могилёв,офисные кресла,1,1,553.47,179.28,0.105,повторный,реклама,True
4698,2026-08-01,Менеджер 3,Могилёв,офисные кресла,1,0,0.0,0.0,0.0,повторный,звонок,True
4699,2026-08-01,Менеджер 2,Брест,офисные столы,1,1,854.32,230.16,0.066,новый,реклама,True
4700,2026-08-01,Менеджер 2,Гродно,офисные столы,1,0,0.0,0.0,0.0,новый,звонок,True
4701,2026-08-01,Менеджер 4,Могилёв,офисные кресла,1,0,0.0,0.0,0.0,новый,партнёр,True
4702,2026-08-01,Менеджер 2,Гродно,офисные столы,1,0,0.0,0.0,0.0,повторный,партнёр,True
4703,2026-08-01,Менеджер 4,Гомель,шкафы,1,1,1436.37,426.27,0.07,новый,сайт,True
4704,2026-08-01,Менеджер 2,Витебск,офисные кресла,1,0,0.0,0.0,0.0,новый,звонок,True
4705,2026-08-01,Менеджер 5,Могилёв,офисные кресла,1,0,0.0,0.0,0.0,новый,реклама,True
4706,2026-08-01,Менеджер 1,Гродно,шкафы,1,0,0.0,0.0,0.0,новый,реклама,True
4707,2026-08-01,Менеджер 5,Могилёв,офисные столы,1,0,0.0,0.0,0.0,повторный,сайт,True
4708,2026-08-01,Менеджер 2,Гомель,офисные кресла,1,1,714.55,237.62,0.026,повторный,партнёр,True
4709,2026-08-01,Менеджер 4,Гродно,шкафы,1,0,0.0,0.0,0.0,новый,звонок,True
4710,2026-08-01,Менеджер 5,Могилёв,офисные столы,1,0,0.0,0.0,0.0,новый,реклама,True
4711,2026-08-01,Менеджер 1,Витебск,офисные кресла,1,1,493.01,154.12,0.099,повторный,сайт,True
4712,2026-08-01,Менеджер 4,Брест,офисные кресла,1,0,0.0,0.0,0.0,новый,партнёр,True
4713,2026-08-01,Менеджер 1,Гродно,офисные столы,1,0,0.0,0.0,0.0,новый,партнёр,True
4714,2026-08-01,Менеджер 5,Витебск,офисные кресла,1,1,546.23,184.65,0.06,новый,реклама,True
4715,2026-08-01,Менеджер 5,Витебск,офисные кресла,1,0,0.0,0.0,0.0,новый,партнёр,True
4716,2026-08-01,Менеджер 2,Гродно,офисные кресла,1,0,0.0,0.0,0.0,новый,партнёр,True
4717,2026-08-01,Менеджер 5,Брест,офисные столы,1,0,0.0,0.0,0.0,новый,партнёр,True
4718,2026-08-01,Менеджер 5,Гомель,офисные столы,1,1,761.93,233.9,0.069,повторный,реклама,True
4719,2026-08-01,Менеджер 2,Брест,офисные столы,1,0,0.0,0.0,0.0,повторный,сайт,True
4720,2026-08-01,Менеджер 2,Брест,офисные столы,1,0,0.0,0.0,0.0,новый,партнёр,True
4721,2026-08-01,Менеджер 5,Могилёв,офисные кресла,1,0,0.0,0.0,0.0,новый,сайт,True
4722,2026-08-01,Менеджер 4,Гомель,офисные кресла,1,0,0.0,0.0,0.0,новый,партнёр,True
4723,2026-08-01,Менеджер 2,Витебск,шкафы,1,1,1308.17,367.56,0.093,новый,сайт,True
4724,2026-08-01,Менеджер 4,Могилёв,офисные кресла,1,0,0.0,0.0,0.0,новый,звонок,True
4725,2026-08-01,Менеджер 3,Брест,офисные кресла,1,0,0.0,0.0,0.0,новый,партнёр,True
4726,2026-08-01,Менеджер 1,Брест,офисные кресла,1,1,615.69,227.4,0.04,повторный,сайт,True
4727,2026-08-01,Менеджер 3,Гомель,офисные столы,1,0,0.0,0.0,0.0,новый,реклама,True
4728,2026-08-01,Менеджер 3,Гомель,шкафы,1,1,972.17,310.52,0.02,повторный,партнёр,True
4729,2026-08-01,Менеджер 1,Гродно,шкафы,1,0,0.0,0.0,0.0,новый,звонок,True
4730,2026-08-01,Менеджер 5,Брест,офисные столы,1,0,0.0,0.0,0.0,новый,сайт,True
4731,2026-08-01,Менеджер 1,Могилёв,шкафы,1,1,971.09,298.98,0.021,новый,сайт,True
4732,2026-08-01,Менеджер 5,Брест,офисные кресла,1,0,0.0,0.0,0.0,новый,партнёр,True
4733,2026-08-01,Менеджер 2,Могилёв,шкафы,1,0,0.0,0.0,0.0,новый,партнёр,True
4734,2026-08-01,Менеджер 4,Брест,офисные кресла,1,1,518.92,149.53,0.094,новый,сайт,True
4735,2026-08-01,Менеджер 4,Брест,шкафы,1,0,0.0,0.0,0.0,повторный,сайт,True
4736,2026-08-01,Менеджер 3,Гродно,офисные кресла,1,1,501.22,166.6,0.082,новый,звонок,True
4737,2026-08-01,Менеджер 1,Гродно,офисные кресла,1,0,0.0,0.0,0.0,новый,сайт,True
4738,2026-08-01,Менеджер 2,Гродно,шкафы,1,0,0.0,0.0,0.0,новый,партнёр,True
4739,2026-08-01,Менеджер 3,Брест,офисные кресла,1,0,0.0,0.0,0.0,новый,партнёр,True
4740,2026-08-01,Менеджер 2,Витебск,шкафы,1,1,1500.01,446.99,0.119,повторный,сайт,True
4741,2026-08-01,Менеджер 3,Брест,офисные кресла,1,1,630.49,216.4,0.13,новый,реклама,True
4742,2026-08-01,Менеджер 1,Могилёв,офисные кресла,1,0,0.0,0.0,0.0,новый,звонок,True
4743,2026-08-01,Менеджер 5,Гродно,офисные кресла,1,0,0.0,0.0,0.0,повторный,звонок,True
4744,2026-08-02,Менеджер 4,Витебск,офисные столы,1,1,652.41,200.19,0.118,новый,звонок,True
4745,2026-08-02,Менеджер 3,Могилёв,офисные кресла,1,0,0.0,0.0,0.0,новый,партнёр,True
4746,2026-08-02,Менеджер 1,Гомель,офисные кресла,1,1,695.96,205.04,0.126,повторный,партнёр,True
4747,2026-08-02,Менеджер 4,Могилёв,офисные столы,1,1,884.84,224.98,0.121,новый,реклама,True
4748,2026-08-02,Менеджер 2,Могилёв,офисные столы,1,0,0.0,0.0,0.0,новый,партнёр,True
4749,2026-08-02,Менеджер 4,Могилёв,шкафы,1,1,1434.67,350.83,0.092,повторный,сайт,True
4750,2026-08-02,Менеджер 4,Витебск,шкафы,1,1,1182.52,362.66,0.098,новый,сайт,True
4751,2026-08-02,Менеджер 2,Могилёв,шкафы,1,0,0.0,0.0,0.0,новый,реклама,True
4752,2026-08-02,Менеджер 4,Витебск,офисные столы,1,0,0.0,0.0,0.0,новый,звонок,True
4753,2026-08-02,Менеджер 4,Могилёв,шкафы,1,0,0.0,0.0,0.0,новый,звонок,True
4754,2026-08-02,Менеджер 3,Брест,офисные столы,1,0,0.0,0.0,0.0,новый,партнёр,True
4755,2026-08-02,Менеджер 5,Витебск,шкафы,1,0,0.0,0.0,0.0,повторный,реклама,True
4756,2026-08-02,Менеджер 5,Гродно,офисные кресла,1,0,0.0,0.0,0.0,новый,сайт,True
4757,2026-08-02,Менеджер 1,Могилёв,офисные столы,1,0,0.0,0.0,0.0,повторный,реклама,True
4758,2026-08-02,Менеджер 3,Гродно,офисные столы,1,1,701.43,190.3,0.097,повторный,сайт,True
4759,2026-08-02,Менеджер 4,Гродно,офисные столы,1,0,0.0,0.0,0.0,новый,реклама,True
4760,2026-08-02,Менеджер 3,Гродно,офисные столы,1,0,0.0,0.0,0.0,новый,реклама,True
4761,2026-08-02,Менеджер 1,Гомель,офисные кресла,1,0,0.0,0.0,0.0,новый,реклама,True
4762,2026-08-02,Менеджер 4,Могилёв,офисные столы,1,1,776.52,245.56,0.087,новый,партнёр,True
4763,2026-08-02,Менеджер 5,Гродно,шкафы,1,0,0.0,0.0,0.0,повторный,партнёр,True
4764,2026-08-02,Менеджер 1,Витебск,офисные кресла,1,0,0.0,0.0,0.0,новый,сайт,True
4765,2026-08-02,Менеджер 2,Брест,шкафы,1,0,0.0,0.0,0.0,новый,реклама,True
4766,2026-08-02,Менеджер 2,Гродно,шкафы,1,0,0.0,0.0,0.0,новый,сайт,True
4767,2026-08-02,Менеджер 4,Витебск,офисные столы,1,0,0.0,0.0,0.0,повторный,сайт,True
4768,2026-08-02,Менеджер 3,Могилёв,офисные столы,1,0,0.0,0.0,0.0,новый,партнёр,True
4769,2026-08-02,Менеджер 2,Могилёв,офисные кресла,1,0,0.0,0.0,0.0,новый,партнёр,True
4770,2026-08-02,Менеджер 1,Витебск,офисные кресла,1,1,630.22,219.63,0.07,повторный,сайт,True
4771,2026-08-02,Менеджер 3,Могилёв,офисные столы,1,0,0.0,0.0,0.0,новый,партнёр,True
4772,2026-08-02,Менеджер 5,Витебск,офисные кресла,1,0,0.0,0.0,0.0,новый,звонок,True
4773,2026-08-02,Менеджер 5,Брест,шкафы,1,0,0.0,0.0,0.0,новый,реклама,True
4774,2026-08-02,Менеджер 1,Гродно,офисные кресла,1,1,538.97,152.33,0.129,новый,звонок,True
4775,2026-08-02,Менеджер 1,Гомель,офисные кресла,1,1,612.24,212.43,0.103,повторный,партнёр,True
4776,2026-08-02,Менеджер 1,Могилёв,офисные кресла,1,0,0.0,0.0,0.0,новый,партнёр,True
4777,2026-08-02,Менеджер 2,Брест,шкафы,1,0,0.0,0.0,0.0,новый,звонок,True
4778,2026-08-02,Менеджер 5,Могилёв,шкафы,1,1,1481.58,409.74,0.042,повторный,сайт,True
4779,2026-08-02,Менеджер 2,Гомель,офисные столы,1,0,0.0,0.0,0.0,повторный,звонок,True
4780,2026-08-02,Менеджер 2,Брест,шкафы,1,0,0.0,0.0,0.0,повторный,реклама,True
4781,2026-08-02,Менеджер 5,Витебск,офисные кресла,1,0,0.0,0.0,0.0,новый,сайт,True
4782,2026-08-02,Менеджер 3,Брест,шкафы,1,0,0.0,0.0,0.0,повторный,партнёр,True
4783,2026-08-02,Менеджер 5,Гродно,офисные кресла,1,0,0.0,0.0,0.0,новый,партнёр,True
4784,2026-08-02,Менеджер 1,Брест,офисные кресла,1,0,0.0,0.0,0.0,новый,партнёр,True
4785,2026-08-02,Менеджер 1,Витебск,шкафы,1,1,1054.71,301.18,0.074,новый,реклама,True
4786,2026-08-02,Менеджер 2,Брест,офисные столы,1,0,0.0,0.0,0.0,повторный,партнёр,True
4787,2026-08-02,Менеджер 5,Брест,офисные столы,1,0,0.0,0.0,0.0,новый,сайт,True
4788,2026-08-02,Менеджер 2,Гомель,шкафы,1,0,0.0,0.0,0.0,повторный,звонок,True
4789,2026-08-02,Менеджер 4,Гомель,офисные столы,1,0,0.0,0.0,0.0,повторный,партнёр,True
4790,2026-08-02,Менеджер 4,Брест,офисные кресла,1,0,0.0,0.0,0.0,новый,реклама,True
4791,2026-08-02,Менеджер 4,Гродно,шкафы,1,1,1597.43,507.9,0.011,новый,партнёр,True
4792,2026-08-03,Менеджер 3,Витебск,офисные кресла,1,0,0.0,0.0,0.0,повторный,звонок,True
4793,2026-08-03,Менеджер 5,Гомель,офисные столы,1,0,0.0,0.0,0.0,новый,звонок,True
4794,2026-08-03,Менеджер 5,Гомель,офисные столы,1,0,0.0,0.0,0.0,новый,реклама,True
4795,2026-08-03,Менеджер 5,Витебск,шкафы,1,0,0.0,0.0,0.0,повторный,сайт,True
4796,2026-08-03,Менеджер 3,Брест,офисные кресла,1,0,0.0,0.0,0.0,новый,реклама,True
4797,2026-08-03,Менеджер 4,Гродно,офисные кресла,1,1,739.87,250.23,0.02,новый,партнёр,True
4798,2026-08-03,Менеджер 5,Гродно,офисные кресла,1,0,0.0,0.0,0.0,повторный,реклама,True
4799,2026-08-03,Менеджер 2,Могилёв,шкафы,1,0,0.0,0.0,0.0,новый,звонок,True
4800,2026-08-03,Менеджер 2,Брест,офисные кресла,1,0,0.0,0.0,0.0,новый,сайт,True
4801,2026-08-03,Менеджер 1,Гродно,офисные кресла,1,0,0.0,0.0,0.0,новый,звонок,True
4802,2026-08-03,Менеджер 3,Витебск,офисные столы,1,0,0.0,0.0,0.0,новый,реклама,True
4803,2026-08-03,Менеджер 4,Могилёв,офисные столы,1,1,849.69,260.01,0.08,повторный,реклама,True
4804,2026-08-03,Менеджер 4,Брест,шкафы,1,0,0.0,0.0,0.0,новый,партнёр,True
4805,2026-08-03,Менеджер 3,Брест,офисные кресла,1,0,0.0,0.0,0.0,повторный,реклама,True
4806,2026-08-03,Менеджер 4,Гродно,офисные кресла,1,0,0.0,0.0,0.0,новый,реклама,True
4807,2026-08-03,Менеджер 4,Брест,шкафы,1,0,0.0,0.0,0.0,повторный,реклама,True
4808,2026-08-03,Менеджер 4,Гродно,офисные столы,1,1,674.21,196.27,0.133,повторный,звонок,True
4809,2026-08-03,Менеджер 5,Могилёв,офисные кресла,1,0,0.0,0.0,0.0,новый,реклама,True
4810,2026-08-03,Менеджер 3,Гомель,офисные столы,1,0,0.0,0.0,0.0,новый,сайт,True
4811,2026-08-03,Менеджер 2,Гродно,офисные кресла,1,0,0.0,0.0,0.0,новый,звонок,True
4812,2026-08-03,Менеджер 1,Витебск,шкафы,1,0,0.0,0.0,0.0,новый,реклама,True
4813,2026-08-03,Менеджер 4,Могилёв,офисные столы,1,0,0.0,0.0,0.0,новый,сайт,True
4814,2026-08-03,Менеджер 2,Могилёв,офисные кресла,1,1,727.27,207.6,0.123,повторный,партнёр,True
4815,2026-08-03,Менеджер 2,Могилёв,офисные столы,1,0,0.0,0.0,0.0,новый,сайт,True
4816,2026-08-03,Менеджер 4,Могилёв,шкафы,1,0,0.0,0.0,0.0,новый,звонок,True
4817,2026-08-03,Менеджер 4,Гомель,шкафы,1,0,0.0,0.0,0.0,новый,партнёр,True
4818,2026-08-03,Менеджер 4,Витебск,шкафы,1,0,0.0,0.0,0.0,новый,звонок,True
4819,2026-08-03,Менеджер 4,Гомель,офисные кресла,1,1,598.36,201.35,0.084,повторный,звонок,True
4820,2026-08-03,Менеджер 1,Могилёв,шкафы,1,1,1022.74,314.64,0.06,повторный,реклама,True
4821,2026-08-03,Менеджер 3,Витебск,офисные кресла,1,0,0.0,0.0,0.0,новый,сайт,True
4822,2026-08-03,Менеджер 5,Витебск,шкафы,1,1,1230.24,346.44,0.009,повторный,реклама,True
4823,2026-08-03,Менеджер 1,Могилёв,офисные столы,1,0,0.0,0.0,0.0,новый,реклама,True
4824,2026-08-03,Менеджер 3,Гродно,офисные столы,1,0,0.0,0.0,0.0,повторный,сайт,True
4825,2026-08-03,Менеджер 5,Гродно,шкафы,1,0,0.0,0.0,0.0,повторный,реклама,True
4826,2026-08-03,Менеджер 4,Брест,офисные кресла,1,0,0.0,0.0,0.0,повторный,партнёр,True
4827,2026-08-03,Менеджер 2,Гродно,офисные кресла,1,0,0.0,0.0,0.0,повторный,звонок,True
4828,2026-08-03,Менеджер 4,Витебск,офисные кресла,1,0,0.0,0.0,0.0,новый,реклама,True
4829,2026-08-03,Менеджер 4,Гродно,офисные столы,1,0,0.0,0.0,0.0,повторный,партнёр,True
4830,2026-08-03,Менеджер 2,Гродно,офисные кресла,1,1,499.6,146.14,0.049,новый,сайт,True
4831,2026-08-03,Менеджер 2,Гродно,офисные кресла,1,0,0.0,0.0,0.0,повторный,партнёр,True
4832,2026-08-03,Менеджер 1,Гомель,офисные кресла,1,0,0.0,0.0,0.0,повторный,партнёр,True
4833,2026-08-03,Менеджер 4,Могилёв,офисные столы,1,0,0.0,0.0,0.0,новый,сайт,True
4834,2026-08-03,Менеджер 5,Гомель,офисные столы,1,0,0.0,0.0,0.0,новый,звонок,True
4835,2026-08-03,Менеджер 3,Гомель,офисные столы,1,1,931.31,300.46,0.11,новый,реклама,True
4836,2026-08-03,Менеджер 1,Брест,офисные столы,1,0,0.0,0.0,0.0,новый,партнёр,True
4837,2026-08-03,Менеджер 1,Могилёв,офисные кресла,1,1,735.18,266.82,0.112,повторный,звонок,True
4838,2026-08-03,Менеджер 5,Гомель,офисные столы,1,1,843.07,247.59,0.063,новый,сайт,True
4839,2026-08-03,Менеджер 2,Гродно,офисные кресла,1,0,0.0,0.0,0.0,повторный,сайт,True
4840,2026-08-03,Менеджер 4,Могилёв,шкафы,1,0,0.0,0.0,0.0,новый,сайт,True
4841,2026-08-03,Менеджер 5,Гомель,шкафы,1,0,0.0,0.0,0.0,новый,партнёр,True
4842,2026-08-03,Менеджер 1,Могилёв,офисные кресла,1,1,631.05,202.81,0.027,новый,звонок,True
4843,2026-08-03,Менеджер 4,Гомель,шкафы,1,0,0.0,0.0,0.0,повторный,сайт,True
4844,2026-08-04,Менеджер 5,Гродно,шкафы,1,0,0.0,0.0,0.0,новый,реклама,True
4845,2026-08-04,Менеджер 1,Могилёв,офисные кресла,1,0,0.0,0.0,0.0,новый,сайт,True
4846,2026-08-04,Менеджер 2,Брест,офисные столы,1,0,0.0,0.0,0.0,новый,сайт,True
4847,2026-08-04,Менеджер 2,Гродно,офисные кресла,1,1,693.15,195.38,0.124,повторный,реклама,True
4848,2026-08-04,Менеджер 1,Гомель,офисные столы,1,0,0.0,0.0,0.0,новый,звонок,True
4849,2026-08-04,Менеджер 2,Брест,офисные кресла,1,1,710.97,259.97,0.021,повторный,реклама,True
4850,2026-08-04,Менеджер 4,Витебск,шкафы,1,0,0.0,0.0,0.0,повторный,реклама,True
4851,2026-08-04,Менеджер 3,Витебск,шкафы,1,1,1237.75,284.42,0.099,новый,реклама,True
4852,2026-08-04,Менеджер 2,Гомель,офисные столы,1,0,0.0,0.0,0.0,новый,реклама,True
4853,2026-08-04,Менеджер 5,Могилёв,шкафы,1,0,0.0,0.0,0.0,повторный,сайт,True
4854,2026-08-04,Менеджер 4,Гродно,офисные кресла,1,1,495.93,162.23,0.061,повторный,сайт,True
4855,2026-08-04,Менеджер 1,Могилёв,шкафы,1,1,1201.98,363.4,0.069,повторный,реклама,True
4856,2026-08-04,Менеджер 1,Гомель,шкафы,1,0,0.0,0.0,0.0,повторный,партнёр,True
4857,2026-08-04,Менеджер 2,Могилёв,шкафы,1,1,914.83,235.09,0.008,новый,звонок,True
4858,2026-08-04,Менеджер 5,Гродно,шкафы,1,0,0.0,0.0,0.0,новый,сайт,True
4859,2026-08-04,Менеджер 3,Могилёв,офисные кресла,1,0,0.0,0.0,0.0,новый,реклама,True
4860,2026-08-04,Менеджер 4,Гродно,офисные кресла,1,1,685.55,220.2,0.055,новый,реклама,True
4861,2026-08-04,Менеджер 4,Брест,шкафы,1,0,0.0,0.0,0.0,новый,реклама,True
4862,2026-08-04,Менеджер 4,Гомель,шкафы,1,1,1531.35,403.28,0.096,повторный,партнёр,True
4863,2026-08-04,Менеджер 1,Гомель,офисные кресла,1,0,0.0,0.0,0.0,повторный,звонок,True
4864,2026-08-04,Менеджер 3,Витебск,офисные столы,1,0,0.0,0.0,0.0,новый,реклама,True
4865,2026-08-04,Менеджер 2,Гродно,офисные столы,1,1,725.98,210.59,0.131,новый,звонок,True
4866,2026-08-04,Менеджер 1,Гомель,офисные столы,1,0,0.0,0.0,0.0,новый,реклама,True
4867,2026-08-04,Менеджер 3,Брест,офисные кресла,1,1,694.49,228.83,0.0,повторный,сайт,True
4868,2026-08-04,Менеджер 1,Гродно,офисные столы,1,1,668.66,169.2,0.036,новый,реклама,True
4869,2026-08-04,Менеджер 1,Могилёв,офисные столы,1,0,0.0,0.0,0.0,повторный,партнёр,True
4870,2026-08-04,Менеджер 1,Могилёв,офисные кресла,1,1,787.72,259.79,0.099,новый,партнёр,True
4871,2026-08-04,Менеджер 1,Брест,офисные кресла,1,0,0.0,0.0,0.0,повторный,звонок,True
4872,2026-08-04,Менеджер 1,Витебск,офисные столы,1,0,0.0,0.0,0.0,новый,сайт,True
4873,2026-08-04,Менеджер 3,Брест,офисные столы,1,0,0.0,0.0,0.0,новый,звонок,True
4874,2026-08-04,Менеджер 4,Брест,офисные столы,1,0,0.0,0.0,0.0,повторный,сайт,True
4875,2026-08-04,Менеджер 4,Гродно,офисные столы,1,1,698.49,178.02,0.089,повторный,партнёр,True
4876,2026-08-04,Менеджер 4,Брест,шкафы,1,0,0.0,0.0,0.0,повторный,партнёр,True
4877,2026-08-04,Менеджер 5,Могилёв,офисные столы,1,0,0.0,0.0,0.0,новый,звонок,True
4878,2026-08-04,Менеджер 1,Гомель,офисные кресла,1,0,0.0,0.0,0.0,новый,реклама,True
4879,2026-08-04,Менеджер 3,Брест,офисные столы,1,0,0.0,0.0,0.0,новый,реклама,True
4880,2026-08-04,Менеджер 2,Гродно,офисные кресла,1,0,0.0,0.0,0.0,новый,звонок,True
4881,2026-08-04,Менеджер 2,Гомель,офисные кресла,1,0,0.0,0.0,0.0,новый,звонок,True
4882,2026-08-04,Менеджер 3,Гомель,офисные столы,1,0,0.0,0.0,0.0,новый,партнёр,True
4883,2026-08-04,Менеджер 5,Могилёв,офисные кресла,1,0,0.0,0.0,0.0,новый,реклама,True
4884,2026-08-04,Менеджер 3,Гродно,офисные столы,1,0,0.0,0.0,0.0,новый,партнёр,True
4885,2026-08-04,Менеджер 2,Брест,шкафы,1,0,0.0,0.0,0.0,новый,партнёр,True
4886,2026-08-04,Менеджер 5,Гродно,офисные столы,1,0,0.0,0.0,0.0,новый,звонок,True
4887,2026-08-04,Менеджер 1,Брест,офисные кресла,1,1,804.06,272.04,0.116,новый,реклама,True
4888,2026-08-04,Менеджер 1,Гомель,офисные кресла,1,0,0.0,0.0,0.0,новый,реклама,True
4889,2026-08-04,Менеджер 2,Гродно,шкафы,1,0,0.0,0.0,0.0,новый,звонок,True
4890,2026-08-04,Менеджер 5,Витебск,офисные кресла,1,0,0.0,0.0,0.0,новый,реклама,True
4891,2026-08-04,Менеджер 5,Витебск,шкафы,1,1,1289.74,361.54,0.118,новый,звонок,True
4892,2026-08-04,Менеджер 3,Гродно,офисные столы,1,1,980.46,309.31,0.067,повторный,реклама,True
4893,2026-08-04,Менеджер 1,Гомель,шкафы,1,0,0.0,0.0,0.0,новый,звонок,True
4894,2026-08-05,Менеджер 4,Могилёв,офисные кресла,1,0,0.0,0.0,0.0,повторный,сайт,True
4895,2026-08-05,Менеджер 3,Могилёв,офисные столы,1,1,960.36,295.25,0.044,новый,сайт,True
4896,2026-08-05,Менеджер 5,Могилёв,офисные столы,1,0,0.0,0.0,0.0,повторный,реклама,True
4897,2026-08-05,Менеджер 1,Могилёв,офисные кресла,1,0,0.0,0.0,0.0,новый,партнёр,True
4898,2026-08-05,Менеджер 1,Гомель,офисные кресла,1,0,0.0,0.0,0.0,новый,партнёр,True
4899,2026-08-05,Менеджер 2,Гродно,офисные кресла,1,1,538.25,199.0,0.052,новый,звонок,True
4900,2026-08-05,Менеджер 2,Гомель,офисные кресла,1,1,547.63,176.31,0.022,новый,сайт,True
4901,2026-08-05,Менеджер 1,Гомель,шкафы,1,0,0.0,0.0,0.0,повторный,сайт,True
4902,2026-08-05,Менеджер 3,Гродно,шкафы,1,1,1202.73,368.0,0.04,повторный,партнёр,True
4903,2026-08-05,Менеджер 3,Могилёв,шкафы,1,1,1308.46,340.83,0.057,новый,партнёр,True
4904,2026-08-05,Менеджер 5,Гродно,офисные столы,1,0,0.0,0.0,0.0,новый,реклама,True
4905,2026-08-05,Менеджер 2,Гродно,офисные столы,1,0,0.0,0.0,0.0,повторный,сайт,True
4906,2026-08-05,Менеджер 3,Гродно,офисные кресла,1,0,0.0,0.0,0.0,новый,реклама,True
4907,2026-08-05,Менеджер 2,Гомель,офисные кресла,1,0,0.0,0.0,0.0,повторный,сайт,True
4908,2026-08-05,Менеджер 3,Витебск,офисные кресла,1,0,0.0,0.0,0.0,повторный,реклама,True
4909,2026-08-05,Менеджер 1,Брест,шкафы,1,1,1193.57,375.6,0.0,повторный,партнёр,True
4910,2026-08-05,Менеджер 5,Могилёв,офисные столы,1,0,0.0,0.0,0.0,новый,звонок,True
4911,2026-08-05,Менеджер 2,Гомель,шкафы,1,0,0.0,0.0,0.0,повторный,партнёр,True
4912,2026-08-05,Менеджер 4,Гомель,офисные столы,1,0,0.0,0.0,0.0,новый,партнёр,True
4913,2026-08-05,Менеджер 1,Могилёв,офисные столы,1,0,0.0,0.0,0.0,новый,звонок,True
4914,2026-08-05,Менеджер 1,Гомель,шкафы,1,0,0.0,0.0,0.0,новый,партнёр,True
4915,2026-08-05,Менеджер 1,Могилёв,офисные столы,1,0,0.0,0.0,0.0,повторный,партнёр,True
4916,2026-08-05,Менеджер 1,Витебск,офисные кресла,1,1,502.55,170.69,0.089,новый,звонок,True
4917,2026-08-05,Менеджер 1,Гродно,офисные столы,1,1,829.51,205.73,0.168,новый,реклама,True
4918,2026-08-05,Менеджер 3,Брест,офисные столы,1,0,0.0,0.0,0.0,новый,сайт,True
4919,2026-08-05,Менеджер 1,Гомель,офисные кресла,1,0,0.0,0.0,0.0,повторный,сайт,True
4920,2026-08-05,Менеджер 2,Витебск,офисные столы,1,0,0.0,0.0,0.0,новый,звонок,True
4921,2026-08-05,Менеджер 3,Витебск,офисные кресла,1,1,510.42,139.11,0.143,новый,реклама,True
4922,2026-08-05,Менеджер 4,Витебск,шкафы,1,1,1124.87,303.74,0.026,новый,партнёр,True
4923,2026-08-05,Менеджер 1,Брест,офисные кресла,1,0,0.0,0.0,0.0,повторный,сайт,True
4924,2026-08-05,Менеджер 3,Витебск,офисные кресла,1,1,536.5,169.11,0.074,новый,реклама,True
4925,2026-08-05,Менеджер 3,Витебск,офисные кресла,1,0,0.0,0.0,0.0,новый,сайт,True
4926,2026-08-05,Менеджер 4,Могилёв,шкафы,1,0,0.0,0.0,0.0,новый,звонок,True
4927,2026-08-05,Менеджер 2,Могилёв,офисные кресла,1,0,0.0,0.0,0.0,повторный,звонок,True
4928,2026-08-05,Менеджер 2,Гродно,офисные столы,1,0,0.0,0.0,0.0,повторный,сайт,True
4929,2026-08-05,Менеджер 5,Гомель,офисные столы,1,0,0.0,0.0,0.0,новый,реклама,True
4930,2026-08-05,Менеджер 4,Гомель,офисные кресла,1,0,0.0,0.0,0.0,новый,реклама,True
4931,2026-08-05,Менеджер 3,Брест,офисные кресла,1,0,0.0,0.0,0.0,повторный,сайт,True
4932,2026-08-05,Менеджер 2,Витебск,офисные кресла,1,0,0.0,0.0,0.0,повторный,звонок,True
4933,2026-08-05,Менеджер 2,Гродно,шкафы,1,0,0.0,0.0,0.0,повторный,звонок,True
4934,2026-08-05,Менеджер 3,Могилёв,офисные столы,1,0,0.0,0.0,0.0,новый,звонок,True
4935,2026-08-05,Менеджер 1,Брест,шкафы,1,0,0.0,0.0,0.0,новый,реклама,True
4936,2026-08-05,Менеджер 4,Брест,офисные столы,1,0,0.0,0.0,0.0,новый,партнёр,True
4937,2026-08-05,Менеджер 1,Могилёв,офисные кресла,1,1,642.1,185.05,0.074,новый,сайт,True
4938,2026-08-05,Менеджер 1,Могилёв,офисные столы,1,1,634.5,186.88,0.122,новый,звонок,True
4939,2026-08-06,Менеджер 4,Гродно,шкафы,1,0,0.0,0.0,0.0,новый,звонок,True
4940,2026-08-06,Менеджер 2,Гродно,шкафы,1,1,1531.17,360.16,0.038,новый,звонок,True
4941,2026-08-06,Менеджер 1,Гомель,офисные столы,1,0,0.0,0.0,0.0,повторный,реклама,True
4942,2026-08-06,Менеджер 2,Гомель,шкафы,1,0,0.0,0.0,0.0,новый,реклама,True
4943,2026-08-06,Менеджер 5,Могилёв,офисные кресла,1,0,0.0,0.0,0.0,новый,реклама,True
4944,2026-08-06,Менеджер 4,Витебск,шкафы,1,1,1418.64,440.51,0.03,новый,партнёр,True
4945,2026-08-06,Менеджер 3,Гродно,офисные столы,1,0,0.0,0.0,0.0,новый,звонок,True
4946,2026-08-06,Менеджер 2,Брест,шкафы,1,0,0.0,0.0,0.0,повторный,реклама,True
4947,2026-08-06,Менеджер 3,Гродно,офисные столы,1,0,0.0,0.0,0.0,новый,сайт,True
4948,2026-08-06,Менеджер 4,Могилёв,офисные столы,1,0,0.0,0.0,0.0,новый,сайт,True
4949,2026-08-06,Менеджер 4,Могилёв,офисные столы,1,0,0.0,0.0,0.0,повторный,сайт,True
4950,2026-08-06,Менеджер 5,Могилёв,офисные столы,1,1,1029.38,324.24,0.112,новый,партнёр,True
4951,2026-08-06,Менеджер 1,Могилёв,офисные кресла,1,0,0.0,0.0,0.0,новый,партнёр,True
4952,2026-08-06,Менеджер 3,Гродно,офисные столы,1,1,1153.09,348.34,0.059,новый,партнёр,True
4953,2026-08-06,Менеджер 5,Гродно,офисные столы,1,0,0.0,0.0,0.0,новый,звонок,True
4954,2026-08-06,Менеджер 2,Гомель,шкафы,1,0,0.0,0.0,0.0,новый,звонок,True
4955,2026-08-06,Менеджер 4,Брест,шкафы,1,1,1313.04,383.55,0.046,новый,реклама,True
4956,2026-08-06,Менеджер 1,Витебск,офисные кресла,1,0,0.0,0.0,0.0,новый,звонок,True
4957,2026-08-06,Менеджер 2,Брест,офисные кресла,1,1,723.67,252.18,0.038,новый,реклама,True
4958,2026-08-06,Менеджер 2,Могилёв,офисные кресла,1,1,842.14,318.96,0.06,повторный,сайт,True
4959,2026-08-06,Менеджер 4,Гродно,шкафы,1,0,0.0,0.0,0.0,новый,звонок,True
4960,2026-08-06,Менеджер 3,Могилёв,шкафы,1,0,0.0,0.0,0.0,новый,звонок,True
4961,2026-08-06,Менеджер 1,Гомель,офисные столы,1,0,0.0,0.0,0.0,повторный,реклама,True
4962,2026-08-06,Менеджер 3,Витебск,офисные столы,1,1,805.48,227.39,0.035,новый,партнёр,True
4963,2026-08-06,Менеджер 3,Гомель,шкафы,1,0,0.0,0.0,0.0,новый,звонок,True
4964,2026-08-06,Менеджер 5,Могилёв,офисные столы,1,0,0.0,0.0,0.0,новый,звонок,True
4965,2026-08-06,Менеджер 3,Гродно,офисные кресла,1,1,485.38,170.07,0.057,новый,звонок,True
4966,2026-08-06,Менеджер 3,Гродно,шкафы,1,0,0.0,0.0,0.0,новый,реклама,True
4967,2026-08-06,Менеджер 1,Гомель,офисные столы,1,0,0.0,0.0,0.0,новый,сайт,True
4968,2026-08-06,Менеджер 2,Витебск,офисные кресла,1,0,0.0,0.0,0.0,новый,звонок,True
4969,2026-08-06,Менеджер 3,Гомель,шкафы,1,0,0.0,0.0,0.0,повторный,партнёр,True
4970,2026-08-06,Менеджер 4,Витебск,шкафы,1,0,0.0,0.0,0.0,новый,реклама,True
4971,2026-08-06,Менеджер 4,Брест,офисные столы,1,0,0.0,0.0,0.0,новый,сайт,True
4972,2026-08-06,Менеджер 4,Гродно,офисные кресла,1,1,717.93,220.35,0.067,повторный,звонок,True
4973,2026-08-06,Менеджер 2,Брест,шкафы,1,1,1549.27,482.15,0.048,новый,партнёр,True
4974,2026-08-06,Менеджер 3,Гомель,офисные кресла,1,0,0.0,0.0,0.0,повторный,звонок,True
4975,2026-08-06,Менеджер 4,Гродно,офисные кресла,1,0,0.0,0.0,0.0,новый,звонок,True
4976,2026-08-06,Менеджер 5,Гродно,офисные кресла,1,0,0.0,0.0,0.0,повторный,реклама,True
4977,2026-08-06,Менеджер 4,Гомель,офисные столы,1,1,801.09,224.17,0.042,новый,звонок,True
4978,2026-08-06,Менеджер 3,Гомель,офисные столы,1,0,0.0,0.0,0.0,новый,реклама,True
4979,2026-08-06,Менеджер 5,Витебск,офисные кресла,1,0,0.0,0.0,0.0,новый,партнёр,True
4980,2026-08-06,Менеджер 1,Гомель,офисные кресла,1,0,0.0,0.0,0.0,новый,звонок,True
4981,2026-08-06,Менеджер 1,Могилёв,офисные кресла,1,0,0.0,0.0,0.0,новый,звонок,True
4982,2026-08-06,Менеджер 2,Гомель,офисные столы,1,0,0.0,0.0,0.0,новый,сайт,True
4983,2026-08-06,Менеджер 5,Витебск,шкафы,1,1,1292.09,400.54,0.0,новый,партнёр,True
4984,2026-08-06,Менеджер 5,Брест,офисные кресла,1,0,0.0,0.0,0.0,новый,сайт,True
4985,2026-08-07,Менеджер 2,Брест,шкафы,1,0,0.0,0.0,0.0,новый,реклама,True
4986,2026-08-07,Менеджер 2,Витебск,офисные кресла,1,1,723.45,255.69,0.101,новый,партнёр,True
4987,2026-08-07,Менеджер 1,Могилёв,офисные столы,1,1,1136.37,291.74,0.066,новый,партнёр,True
4988,2026-08-07,Менеджер 3,Могилёв,офисные кресла,1,0,0.0,0.0,0.0,новый,реклама,True
4989,2026-08-07,Менеджер 5,Брест,офисные столы,1,0,0.0,0.0,0.0,новый,реклама,True
4990,2026-08-07,Менеджер 1,Витебск,шкафы,1,1,1339.08,378.62,0.059,новый,звонок,True
4991,2026-08-07,Менеджер 2,Гродно,офисные столы,1,0,0.0,0.0,0.0,новый,звонок,True
4992,2026-08-07,Менеджер 3,Брест,офисные столы,1,0,0.0,0.0,0.0,новый,звонок,True
4993,2026-08-07,Менеджер 1,Гродно,шкафы,1,1,1014.23,314.24,0.027,новый,партнёр,True
4994,2026-08-07,Менеджер 2,Могилёв,офисные столы,1,0,0.0,0.0,0.0,новый,партнёр,True
4995,2026-08-07,Менеджер 2,Гомель,офисные кресла,1,0,0.0,0.0,0.0,новый,звонок,True
4996,2026-08-07,Менеджер 3,Витебск,шкафы,1,0,0.0,0.0,0.0,повторный,реклама,True
4997,2026-08-07,Менеджер 3,Гомель,офисные столы,1,1,1117.09,352.63,0.091,новый,партнёр,True
4998,2026-08-07,Менеджер 3,Брест,офисные кресла,1,0,0.0,0.0,0.0,повторный,сайт,True
4999,2026-08-07,Менеджер 2,Витебск,шкафы,1,1,1013.72,251.56,0.063,новый,сайт,True
5000,2026-08-07,Менеджер 2,Брест,офисные столы,1,1,900.59,288.14,0.039,новый,реклама,True
5001,2026-08-07,Менеджер 5,Гродно,шкафы,1,0,0.0,0.0,0.0,новый,сайт,True
5002,2026-08-07,Менеджер 1,Гродно,офисные кресла,1,1,531.41,173.12,0.077,новый,партнёр,True
5003,2026-08-07,Менеджер 3,Гомель,офисные кресла,1,0,0.0,0.0,0.0,новый,партнёр,True
5004,2026-08-07,Менеджер 2,Гомель,офисные столы,1,0,0.0,0.0,0.0,новый,сайт,True
5005,2026-08-07,Менеджер 3,Гродно,офисные кресла,1,0,0.0,0.0,0.0,новый,сайт,True
5006,2026-08-07,Менеджер 2,Брест,офисные столы,1,0,0.0,0.0,0.0,новый,партнёр,True
5007,2026-08-07,Менеджер 5,Витебск,офисные кресла,1,0,0.0,0.0,0.0,повторный,сайт,True
5008,2026-08-07,Менеджер 3,Гомель,офисные кресла,1,0,0.0,0.0,0.0,новый,звонок,True
5009,2026-08-07,Менеджер 1,Могилёв,офисные столы,1,1,724.94,232.79,0.111,новый,звонок,True
5010,2026-08-07,Менеджер 4,Витебск,офисные столы,1,1,910.8,243.18,0.102,новый,звонок,True
5011,2026-08-07,Менеджер 1,Витебск,офисные столы,1,1,884.57,267.4,0.071,повторный,сайт,True
5012,2026-08-07,Менеджер 2,Могилёв,офисные столы,1,0,0.0,0.0,0.0,новый,реклама,True
5013,2026-08-07,Менеджер 4,Гродно,шкафы,1,0,0.0,0.0,0.0,новый,сайт,True
5014,2026-08-07,Менеджер 3,Витебск,офисные столы,1,1,985.34,259.62,0.1,новый,сайт,True
5015,2026-08-07,Менеджер 3,Гомель,офисные кресла,1,0,0.0,0.0,0.0,повторный,партнёр,True
5016,2026-08-07,Менеджер 3,Витебск,шкафы,1,0,0.0,0.0,0.0,новый,партнёр,True
5017,2026-08-07,Менеджер 3,Брест,шкафы,1,0,0.0,0.0,0.0,повторный,звонок,True
5018,2026-08-07,Менеджер 3,Витебск,офисные кресла,1,0,0.0,0.0,0.0,повторный,звонок,True
5019,2026-08-07,Менеджер 5,Могилёв,офисные кресла,1,1,467.94,142.07,0.113,новый,сайт,True
5020,2026-08-07,Менеджер 4,Могилёв,офисные столы,1,1,879.49,228.4,0.092,новый,сайт,True
5021,2026-08-07,Менеджер 3,Могилёв,офисные столы,1,1,810.56,236.66,0.023,повторный,звонок,True
5022,2026-08-07,Менеджер 4,Могилёв,шкафы,1,0,0.0,0.0,0.0,новый,сайт,True
5023,2026-08-07,Менеджер 2,Гродно,офисные столы,1,1,898.27,291.42,0.124,новый,сайт,True
5024,2026-08-07,Менеджер 5,Могилёв,офисные кресла,1,0,0.0,0.0,0.0,новый,реклама,True
5025,2026-08-07,Менеджер 3,Гродно,офисные столы,1,0,0.0,0.0,0.0,повторный,партнёр,True
5026,2026-08-07,Менеджер 1,Могилёв,офисные кресла,1,0,0.0,0.0,0.0,новый,звонок,True
5027,2026-08-07,Менеджер 1,Могилёв,офисные кресла,1,1,657.8,240.7,0.0,повторный,реклама,True
5028,2026-08-07,Менеджер 2,Витебск,офисные столы,1,0,0.0,0.0,0.0,новый,реклама,True
5029,2026-08-08,Менеджер 1,Витебск,офисные кресла,1,1,503.85,163.95,0.052,повторный,реклама,True
5030,2026-08-08,Менеджер 1,Могилёв,офисные столы,1,0,0.0,0.0,0.0,новый,звонок,True
5031,2026-08-08,Менеджер 5,Брест,шкафы,1,0,0.0,0.0,0.0,новый,звонок,True
5032,2026-08-08,Менеджер 1,Гродно,офисные столы,1,0,0.0,0.0,0.0,повторный,партнёр,True
5033,2026-08-08,Менеджер 2,Гродно,офисные кресла,1,0,0.0,0.0,0.0,новый,реклама,True
5034,2026-08-08,Менеджер 3,Могилёв,шкафы,1,0,0.0,0.0,0.0,новый,партнёр,True
5035,2026-08-08,Менеджер 4,Витебск,офисные кресла,1,0,0.0,0.0,0.0,повторный,звонок,True
5036,2026-08-08,Менеджер 4,Гродно,шкафы,1,0,0.0,0.0,0.0,новый,партнёр,True
5037,2026-08-08,Менеджер 2,Гродно,офисные кресла,1,0,0.0,0.0,0.0,новый,звонок,True
5038,2026-08-08,Менеджер 5,Витебск,шкафы,1,0,0.0,0.0,0.0,новый,реклама,True
5039,2026-08-08,Менеджер 1,Витебск,офисные кресла,1,1,556.44,184.04,0.131,новый,партнёр,True
5040,2026-08-08,Менеджер 2,Гродно,офисные кресла,1,0,0.0,0.0,0.0,повторный,звонок,True
5041,2026-08-08,Менеджер 4,Витебск,офисные кресла,1,0,0.0,0.0,0.0,повторный,партнёр,True
5042,2026-08-08,Менеджер 3,Брест,шкафы,1,1,1009.88,252.97,0.093,повторный,сайт,True
5043,2026-08-08,Менеджер 2,Гомель,офисные кресла,1,0,0.0,0.0,0.0,новый,реклама,True
5044,2026-08-08,Менеджер 5,Могилёв,офисные кресла,1,0,0.0,0.0,0.0,новый,сайт,True
5045,2026-08-08,Менеджер 5,Брест,шкафы,1,0,0.0,0.0,0.0,новый,сайт,True
5046,2026-08-08,Менеджер 4,Брест,офисные столы,1,0,0.0,0.0,0.0,новый,сайт,True
5047,2026-08-08,Менеджер 1,Брест,офисные кресла,1,0,0.0,0.0,0.0,повторный,звонок,True
5048,2026-08-08,Менеджер 2,Гродно,офисные столы,1,0,0.0,0.0,0.0,новый,звонок,True
5049,2026-08-08,Менеджер 5,Брест,офисные кресла,1,0,0.0,0.0,0.0,новый,сайт,True
5050,2026-08-08,Менеджер 1,Витебск,офисные кресла,1,1,592.38,208.24,0.083,новый,сайт,True
5051,2026-08-08,Менеджер 3,Брест,офисные кресла,1,1,518.5,184.92,0.132,новый,реклама,True
5052,2026-08-08,Менеджер 5,Гомель,шкафы,1,0,0.0,0.0,0.0,новый,реклама,True
5053,2026-08-08,Менеджер 5,Витебск,офисные столы,1,0,0.0,0.0,0.0,новый,сайт,True
5054,2026-08-08,Менеджер 1,Брест,шкафы,1,0,0.0,0.0,0.0,новый,сайт,True
5055,2026-08-08,Менеджер 2,Гродно,офисные столы,1,1,944.02,296.84,0.019,новый,партнёр,True
5056,2026-08-08,Менеджер 4,Брест,офисные кресла,1,0,0.0,0.0,0.0,новый,партнёр,True
5057,2026-08-08,Менеджер 1,Брест,офисные кресла,1,1,689.43,210.11,0.0,новый,звонок,True
5058,2026-08-08,Менеджер 3,Гродно,офисные кресла,1,1,802.59,239.97,0.115,повторный,сайт,True
5059,2026-08-08,Менеджер 1,Брест,офисные столы,1,0,0.0,0.0,0.0,повторный,партнёр,True
5060,2026-08-08,Менеджер 1,Гомель,офисные столы,1,0,0.0,0.0,0.0,новый,партнёр,True
5061,2026-08-08,Менеджер 2,Гродно,офисные столы,1,0,0.0,0.0,0.0,новый,партнёр,True
5062,2026-08-08,Менеджер 5,Гродно,офисные кресла,1,0,0.0,0.0,0.0,новый,сайт,True
5063,2026-08-08,Менеджер 5,Гомель,шкафы,1,0,0.0,0.0,0.0,новый,партнёр,True
5064,2026-08-08,Менеджер 2,Могилёв,офисные столы,1,1,1143.66,369.74,0.052,новый,сайт,True
5065,2026-08-08,Менеджер 3,Брест,офисные кресла,1,0,0.0,0.0,0.0,повторный,сайт,True
5066,2026-08-08,Менеджер 1,Гомель,шкафы,1,0,0.0,0.0,0.0,новый,сайт,True
5067,2026-08-08,Менеджер 5,Брест,шкафы,1,0,0.0,0.0,0.0,повторный,сайт,True
5068,2026-08-08,Менеджер 4,Могилёв,офисные столы,1,0,0.0,0.0,0.0,новый,сайт,True
5069,2026-08-08,Менеджер 2,Гомель,шкафы,1,0,0.0,0.0,0.0,новый,реклама,True
5070,2026-08-08,Менеджер 4,Гомель,офисные столы,1,0,0.0,0.0,0.0,повторный,сайт,True
5071,2026-08-08,Менеджер 4,Витебск,офисные кресла,1,0,0.0,0.0,0.0,новый,партнёр,True
5072,2026-08-08,Менеджер 4,Могилёв,шкафы,1,1,1083.06,306.26,0.167,новый,звонок,True
5073,2026-08-09,Менеджер 1,Гомель,офисные столы,1,0,0.0,0.0,0.0,новый,партнёр,True
5074,2026-08-09,Менеджер 4,Могилёв,шкафы,1,1,1081.73,296.64,0.0,новый,реклама,True
5075,2026-08-09,Менеджер 3,Витебск,шкафы,1,1,1008.89,247.24,0.131,новый,звонок,True
5076,2026-08-09,Менеджер 2,Могилёв,офисные кресла,1,0,0.0,0.0,0.0,новый,партнёр,True
5077,2026-08-09,Менеджер 5,Могилёв,офисные столы,1,0,0.0,0.0,0.0,новый,партнёр,True
5078,2026-08-09,Менеджер 4,Гомель,шкафы,1,0,0.0,0.0,0.0,новый,звонок,True
5079,2026-08-09,Менеджер 3,Брест,шкафы,1,1,1185.43,343.3,0.035,новый,звонок,True
5080,2026-08-09,Менеджер 1,Витебск,офисные кресла,1,0,0.0,0.0,0.0,повторный,звонок,True
5081,2026-08-09,Менеджер 4,Гомель,офисные кресла,1,0,0.0,0.0,0.0,новый,партнёр,True
5082,2026-08-09,Менеджер 1,Гродно,офисные кресла,1,0,0.0,0.0,0.0,повторный,партнёр,True
5083,2026-08-09,Менеджер 4,Гродно,шкафы,1,0,0.0,0.0,0.0,новый,реклама,True
5084,2026-08-09,Менеджер 1,Витебск,офисные кресла,1,1,502.24,192.25,0.0,новый,звонок,True
5085,2026-08-09,Менеджер 3,Брест,офисные кресла,1,1,779.96,233.02,0.043,новый,партнёр,True
5086,2026-08-09,Менеджер 4,Гродно,офисные кресла,1,1,552.28,187.46,0.085,новый,партнёр,True
5087,2026-08-09,Менеджер 2,Брест,шкафы,1,0,0.0,0.0,0.0,повторный,партнёр,True
5088,2026-08-09,Менеджер 5,Витебск,офисные столы,1,0,0.0,0.0,0.0,повторный,реклама,True
5089,2026-08-09,Менеджер 2,Гродно,офисные столы,1,0,0.0,0.0,0.0,новый,звонок,True
5090,2026-08-09,Менеджер 3,Брест,офисные столы,1,1,937.83,283.81,0.162,повторный,партнёр,True
5091,2026-08-09,Менеджер 1,Брест,офисные кресла,1,0,0.0,0.0,0.0,повторный,сайт,True
5092,2026-08-09,Менеджер 3,Брест,офисные столы,1,0,0.0,0.0,0.0,новый,сайт,True
5093,2026-08-09,Менеджер 5,Могилёв,офисные столы,1,1,848.55,270.43,0.106,новый,звонок,True
5094,2026-08-09,Менеджер 3,Витебск,офисные столы,1,1,1076.45,312.4,0.098,новый,звонок,True
5095,2026-08-09,Менеджер 2,Гомель,офисные столы,1,0,0.0,0.0,0.0,новый,сайт,True
5096,2026-08-09,Менеджер 2,Могилёв,офисные столы,1,1,1120.55,330.7,0.096,повторный,звонок,True
5097,2026-08-09,Менеджер 1,Гомель,офисные столы,1,0,0.0,0.0,0.0,новый,сайт,True
5098,2026-08-09,Менеджер 1,Витебск,шкафы,1,1,1397.29,382.42,0.0,повторный,сайт,True
5099,2026-08-09,Менеджер 2,Витебск,офисные столы,1,1,1088.35,305.37,0.1,новый,реклама,True
5100,2026-08-09,Менеджер 1,Гомель,офисные кресла,1,0,0.0,0.0,0.0,новый,сайт,True
5101,2026-08-09,Менеджер 5,Витебск,офисные столы,1,0,0.0,0.0,0.0,повторный,звонок,True
5102,2026-08-09,Менеджер 3,Брест,офисные столы,1,0,0.0,0.0,0.0,повторный,сайт,True
5103,2026-08-09,Менеджер 1,Могилёв,офисные кресла,1,0,0.0,0.0,0.0,новый,звонок,True
5104,2026-08-09,Менеджер 2,Брест,шкафы,1,0,0.0,0.0,0.0,новый,сайт,True
5105,2026-08-09,Менеджер 2,Витебск,шкафы,1,0,0.0,0.0,0.0,новый,партнёр,True
5106,2026-08-09,Менеджер 1,Брест,офисные столы,1,0,0.0,0.0,0.0,повторный,звонок,True
5107,2026-08-09,Менеджер 4,Витебск,шкафы,1,0,0.0,0.0,0.0,повторный,сайт,True
5108,2026-08-09,Менеджер 2,Брест,офисные столы,1,0,0.0,0.0,0.0,новый,партнёр,True
5109,2026-08-09,Менеджер 2,Брест,офисные столы,1,0,0.0,0.0,0.0,новый,сайт,True
5110,2026-08-09,Менеджер 5,Брест,офисные столы,1,0,0.0,0.0,0.0,новый,сайт,True
5111,2026-08-09,Менеджер 3,Брест,офисные столы,1,1,663.03,181.32,0.077,новый,сайт,True
5112,2026-08-09,Менеджер 4,Витебск,офисные кресла,1,0,0.0,0.0,0.0,новый,реклама,True
5113,2026-08-09,Менеджер 1,Гродно,офисные кресла,1,1,528.83,161.38,0.079,новый,сайт,True
5114,2026-08-09,Менеджер 3,Гомель,офисные столы,1,1,811.35,261.43,0.088,новый,реклама,True
5115,2026-08-09,Менеджер 4,Брест,шкафы,1,0,0.0,0.0,0.0,новый,партнёр,True
5116,2026-08-09,Менеджер 2,Гродно,офисные кресла,1,0,0.0,0.0,0.0,новый,партнёр,True
5117,2026-08-09,Менеджер 4,Могилёв,офисные кресла,1,1,509.0,153.09,0.036,новый,звонок,True
5118,2026-08-09,Менеджер 3,Гомель,шкафы,1,0,0.0,0.0,0.0,новый,сайт,True
5119,2026-08-09,Менеджер 3,Витебск,офисные кресла,1,0,0.0,0.0,0.0,новый,звонок,True
5120,2026-08-09,Менеджер 4,Брест,офисные столы,1,0,0.0,0.0,0.0,новый,звонок,True
5121,2026-08-09,Менеджер 4,Витебск,офисные кресла,1,0,0.0,0.0,0.0,новый,сайт,True
5122,2026-08-09,Менеджер 4,Могилёв,офисные столы,1,1,1185.06,362.06,0.033,новый,партнёр,True
5123,2026-08-09,Менеджер 3,Брест,офисные кресла,1,0,0.0,0.0,0.0,новый,партнёр,True
5124,2026-08-10,Менеджер 1,Гомель,офисные столы,1,0,0.0,0.0,0.0,повторный,сайт,True
5125,2026-08-10,Менеджер 3,Гомель,офисные столы,1,1,954.44,297.42,0.121,повторный,партнёр,True
5126,2026-08-10,Менеджер 5,Витебск,офисные кресла,1,0,0.0,0.0,0.0,повторный,звонок,True
5127,2026-08-10,Менеджер 1,Гродно,офисные кресла,1,0,0.0,0.0,0.0,новый,сайт,True
5128,2026-08-10,Менеджер 3,Гомель,шкафы,1,0,0.0,0.0,0.0,новый,реклама,True
5129,2026-08-10,Менеджер 4,Гродно,офисные столы,1,1,908.87,250.03,0.131,новый,сайт,True
5130,2026-08-10,Менеджер 2,Витебск,офисные столы,1,1,1056.25,324.32,0.137,новый,сайт,True
5131,2026-08-10,Менеджер 1,Брест,офисные кресла,1,1,833.3,293.19,0.097,новый,звонок,True
5132,2026-08-10,Менеджер 1,Брест,офисные столы,1,0,0.0,0.0,0.0,новый,партнёр,True
5133,2026-08-10,Менеджер 2,Гродно,офисные столы,1,0,0.0,0.0,0.0,новый,реклама,True
5134,2026-08-10,Менеджер 1,Гродно,офисные столы,1,0,0.0,0.0,0.0,новый,звонок,True
5135,2026-08-10,Менеджер 2,Гродно,офисные столы,1,0,0.0,0.0,0.0,новый,реклама,True
5136,2026-08-10,Менеджер 4,Витебск,офисные кресла,1,0,0.0,0.0,0.0,повторный,реклама,True
5137,2026-08-10,Менеджер 2,Гомель,шкафы,1,0,0.0,0.0,0.0,повторный,партнёр,True
5138,2026-08-10,Менеджер 1,Брест,офисные столы,1,0,0.0,0.0,0.0,повторный,звонок,True
5139,2026-08-10,Менеджер 5,Гомель,офисные столы,1,0,0.0,0.0,0.0,повторный,сайт,True
5140,2026-08-10,Менеджер 5,Витебск,офисные столы,1,0,0.0,0.0,0.0,повторный,сайт,True
5141,2026-08-10,Менеджер 2,Витебск,офисные столы,1,0,0.0,0.0,0.0,новый,звонок,True
5142,2026-08-10,Менеджер 4,Могилёв,офисные столы,1,0,0.0,0.0,0.0,новый,реклама,True
5143,2026-08-10,Менеджер 3,Витебск,офисные кресла,1,0,0.0,0.0,0.0,новый,звонок,True
5144,2026-08-10,Менеджер 1,Гродно,офисные столы,1,0,0.0,0.0,0.0,новый,реклама,True
5145,2026-08-10,Менеджер 3,Витебск,офисные кресла,1,1,559.02,162.83,0.083,новый,звонок,True
5146,2026-08-10,Менеджер 3,Витебск,офисные кресла,1,0,0.0,0.0,0.0,новый,реклама,True
5147,2026-08-10,Менеджер 3,Гродно,офисные кресла,1,0,0.0,0.0,0.0,новый,сайт,True
5148,2026-08-10,Менеджер 4,Брест,офисные кресла,1,1,792.22,223.42,0.098,повторный,партнёр,True
5149,2026-08-10,Менеджер 5,Могилёв,офисные столы,1,0,0.0,0.0,0.0,повторный,реклама,True
5150,2026-08-10,Менеджер 4,Витебск,офисные кресла,1,0,0.0,0.0,0.0,новый,звонок,True
5151,2026-08-10,Менеджер 5,Гомель,офисные кресла,1,0,0.0,0.0,0.0,новый,партнёр,True
5152,2026-08-10,Менеджер 2,Брест,офисные кресла,1,0,0.0,0.0,0.0,новый,сайт,True
5153,2026-08-10,Менеджер 4,Брест,шкафы,1,0,0.0,0.0,0.0,повторный,сайт,True
5154,2026-08-10,Менеджер 1,Могилёв,офисные столы,1,1,666.06,189.7,0.072,новый,партнёр,True
5155,2026-08-10,Менеджер 5,Брест,шкафы,1,1,883.72,256.42,0.08,новый,звонок,True
5156,2026-08-10,Менеджер 3,Гродно,шкафы,1,0,0.0,0.0,0.0,новый,реклама,True
5157,2026-08-10,Менеджер 2,Витебск,офисные кресла,1,0,0.0,0.0,0.0,новый,сайт,True
5158,2026-08-10,Менеджер 5,Гродно,офисные кресла,1,1,506.36,167.57,0.155,новый,сайт,True
5159,2026-08-10,Менеджер 1,Могилёв,офисные кресла,1,0,0.0,0.0,0.0,повторный,сайт,True
5160,2026-08-10,Менеджер 3,Брест,офисные столы,1,0,0.0,0.0,0.0,новый,сайт,True
5161,2026-08-10,Менеджер 3,Могилёв,шкафы,1,0,0.0,0.0,0.0,новый,звонок,True
5162,2026-08-10,Менеджер 3,Витебск,шкафы,1,0,0.0,0.0,0.0,новый,партнёр,True
5163,2026-08-10,Менеджер 4,Гродно,офисные кресла,1,1,834.11,311.69,0.033,новый,партнёр,True
5164,2026-08-10,Менеджер 3,Гродно,офисные кресла,1,0,0.0,0.0,0.0,повторный,сайт,True
5165,2026-08-10,Менеджер 1,Брест,шкафы,1,1,1179.81,347.22,0.151,новый,звонок,True
5166,2026-08-10,Менеджер 3,Могилёв,офисные кресла,1,0,0.0,0.0,0.0,повторный,сайт,True
5167,2026-08-10,Менеджер 3,Брест,шкафы,1,0,0.0,0.0,0.0,повторный,реклама,True
5168,2026-08-10,Менеджер 3,Могилёв,шкафы,1,1,1004.9,293.28,0.07,повторный,звонок,True
5169,2026-08-11,Менеджер 4,Брест,шкафы,1,0,0.0,0.0,0.0,новый,партнёр,True
5170,2026-08-11,Менеджер 5,Гродно,шкафы,1,1,1004.1,304.97,0.077,новый,звонок,True
5171,2026-08-11,Менеджер 3,Гродно,офисные кресла,1,0,0.0,0.0,0.0,повторный,звонок,True
5172,2026-08-11,Менеджер 4,Брест,офисные столы,1,0,0.0,0.0,0.0,новый,сайт,True
5173,2026-08-11,Менеджер 4,Гродно,офисные столы,1,0,0.0,0.0,0.0,новый,партнёр,True
5174,2026-08-11,Менеджер 2,Гродно,шкафы,1,0,0.0,0.0,0.0,новый,реклама,True
5175,2026-08-11,Менеджер 2,Витебск,офисные столы,1,1,853.65,260.03,0.059,повторный,партнёр,True
5176,2026-08-11,Менеджер 3,Гомель,офисные кресла,1,1,619.92,228.26,0.089,повторный,сайт,True
5177,2026-08-11,Менеджер 2,Витебск,офисные столы,1,1,920.18,289.03,0.098,новый,звонок,True
5178,2026-08-11,Менеджер 1,Гомель,офисные кресла,1,0,0.0,0.0,0.0,повторный,реклама,True
5179,2026-08-11,Менеджер 1,Витебск,офисные столы,1,1,702.96,210.53,0.14,новый,сайт,True
5180,2026-08-11,Менеджер 2,Брест,шкафы,1,1,1332.99,321.5,0.09,новый,звонок,True
5181,2026-08-11,Менеджер 5,Гродно,офисные кресла,1,0,0.0,0.0,0.0,новый,партнёр,True
5182,2026-08-11,Менеджер 5,Брест,офисные столы,1,0,0.0,0.0,0.0,новый,звонок,True
5183,2026-08-11,Менеджер 4,Витебск,офисные кресла,1,0,0.0,0.0,0.0,новый,партнёр,True
5184,2026-08-11,Менеджер 1,Могилёв,офисные столы,1,0,0.0,0.0,0.0,повторный,звонок,True
5185,2026-08-11,Менеджер 1,Гомель,офисные кресла,1,1,613.74,178.52,0.086,новый,реклама,True
5186,2026-08-11,Менеджер 2,Витебск,офисные кресла,1,1,816.85,312.4,0.012,повторный,реклама,True
5187,2026-08-11,Менеджер 1,Брест,офисные кресла,1,0,0.0,0.0,0.0,новый,звонок,True
5188,2026-08-11,Менеджер 4,Брест,офисные кресла,1,0,0.0,0.0,0.0,новый,звонок,True
5189,2026-08-11,Менеджер 2,Могилёв,офисные столы,1,0,0.0,0.0,0.0,новый,партнёр,True
5190,2026-08-11,Менеджер 5,Могилёв,офисные столы,1,0,0.0,0.0,0.0,повторный,реклама,True
5191,2026-08-11,Менеджер 3,Гродно,офисные столы,1,0,0.0,0.0,0.0,новый,сайт,True
5192,2026-08-11,Менеджер 3,Могилёв,офисные столы,1,0,0.0,0.0,0.0,повторный,реклама,True
5193,2026-08-11,Менеджер 5,Витебск,шкафы,1,1,1554.7,484.29,0.07,новый,партнёр,True
5194,2026-08-11,Менеджер 5,Гродно,шкафы,1,0,0.0,0.0,0.0,новый,сайт,True
5195,2026-08-11,Менеджер 5,Витебск,офисные столы,1,0,0.0,0.0,0.0,повторный,реклама,True
5196,2026-08-11,Менеджер 1,Могилёв,офисные кресла,1,1,720.53,243.19,0.089,повторный,партнёр,True
5197,2026-08-11,Менеджер 1,Витебск,офисные столы,1,1,862.53,226.56,0.078,новый,реклама,True
5198,2026-08-11,Менеджер 3,Могилёв,шкафы,1,1,1320.82,401.67,0.125,новый,партнёр,True
5199,2026-08-11,Менеджер 4,Брест,шкафы,1,0,0.0,0.0,0.0,повторный,партнёр,True
5200,2026-08-11,Менеджер 4,Брест,офисные столы,1,0,0.0,0.0,0.0,новый,партнёр,True
5201,2026-08-11,Менеджер 1,Брест,шкафы,1,1,1152.31,264.37,0.125,новый,звонок,True
5202,2026-08-11,Менеджер 4,Витебск,шкафы,1,0,0.0,0.0,0.0,новый,сайт,True
5203,2026-08-11,Менеджер 2,Могилёв,шкафы,1,1,1103.4,258.64,0.16,новый,партнёр,True
5204,2026-08-11,Менеджер 3,Гродно,шкафы,1,1,1150.91,267.64,0.149,новый,сайт,True
5205,2026-08-11,Менеджер 1,Витебск,шкафы,1,1,1346.32,384.24,0.117,новый,реклама,True
5206,2026-08-11,Менеджер 2,Витебск,офисные столы,1,1,1004.31,271.85,0.141,новый,партнёр,True
5207,2026-08-11,Менеджер 1,Витебск,офисные кресла,1,0,0.0,0.0,0.0,повторный,партнёр,True
5208,2026-08-11,Менеджер 5,Брест,шкафы,1,1,1075.82,311.95,0.095,повторный,звонок,True
5209,2026-08-11,Менеджер 3,Гродно,офисные столы,1,0,0.0,0.0,0.0,новый,партнёр,True
5210,2026-08-11,Менеджер 2,Гомель,шкафы,1,0,0.0,0.0,0.0,новый,сайт,True
5211,2026-08-11,Менеджер 5,Витебск,офисные кресла,1,0,0.0,0.0,0.0,повторный,звонок,True
5212,2026-08-11,Менеджер 1,Гродно,офисные столы,1,0,0.0,0.0,0.0,новый,партнёр,True
5213,2026-08-11,Менеджер 3,Гомель,шкафы,1,1,1185.68,342.11,0.07,новый,партнёр,True
5214,2026-08-11,Менеджер 1,Гомель,шкафы,1,0,0.0,0.0,0.0,новый,сайт,True
5215,2026-08-11,Менеджер 4,Гродно,офисные кресла,1,0,0.0,0.0,0.0,повторный,партнёр,True
5216,2026-08-11,Менеджер 5,Витебск,офисные кресла,1,0,0.0,0.0,0.0,повторный,партнёр,True
5217,2026-08-11,Менеджер 1,Гомель,офисные столы,1,1,1017.03,295.68,0.092,повторный,партнёр,True
5218,2026-08-11,Менеджер 1,Витебск,шкафы,1,0,0.0,0.0,0.0,новый,звонок,True
5219,2026-08-12,Менеджер 5,Гродно,шкафы,1,0,0.0,0.0,0.0,новый,партнёр,True
5220,2026-08-12,Менеджер 5,Гомель,шкафы,1,0,0.0,0.0,0.0,новый,реклама,True
5221,2026-08-12,Менеджер 3,Витебск,офисные столы,1,0,0.0,0.0,0.0,повторный,партнёр,True
5222,2026-08-12,Менеджер 5,Гродно,офисные кресла,1,0,0.0,0.0,0.0,новый,реклама,True
5223,2026-08-12,Менеджер 1,Гродно,офисные кресла,1,0,0.0,0.0,0.0,новый,партнёр,True
5224,2026-08-12,Менеджер 2,Брест,офисные кресла,1,1,618.85,190.78,0.079,повторный,звонок,True
5225,2026-08-12,Менеджер 4,Могилёв,офисные столы,1,1,867.55,282.34,0.092,новый,партнёр,True
5226,2026-08-12,Менеджер 2,Могилёв,офисные кресла,1,1,855.36,293.09,0.022,новый,сайт,True
5227,2026-08-12,Менеджер 2,Витебск,офисные столы,1,0,0.0,0.0,0.0,новый,реклама,True
5228,2026-08-12,Менеджер 1,Гомель,офисные столы,1,1,1072.21,278.53,0.052,повторный,партнёр,True
5229,2026-08-12,Менеджер 1,Брест,шкафы,1,0,0.0,0.0,0.0,новый,сайт,True
5230,2026-08-12,Менеджер 5,Витебск,офисные кресла,1,1,685.61,233.14,0.09,повторный,сайт,True
5231,2026-08-12,Менеджер 3,Брест,офисные столы,1,0,0.0,0.0,0.0,новый,звонок,True
5232,2026-08-12,Менеджер 2,Могилёв,офисные столы,1,0,0.0,0.0,0.0,новый,звонок,True
5233,2026-08-12,Менеджер 4,Могилёв,шкафы,1,1,1300.56,363.11,0.136,новый,партнёр,True
5234,2026-08-12,Менеджер 3,Витебск,офисные кресла,1,0,0.0,0.0,0.0,новый,звонок,True
5235,2026-08-12,Менеджер 5,Гомель,офисные кресла,1,0,0.0,0.0,0.0,новый,реклама,True
5236,2026-08-12,Менеджер 1,Витебск,офисные столы,1,0,0.0,0.0,0.0,новый,партнёр,True
5237,2026-08-12,Менеджер 1,Витебск,офисные столы,1,1,704.96,212.1,0.122,новый,реклама,True
5238,2026-08-12,Менеджер 4,Витебск,офисные столы,1,0,0.0,0.0,0.0,новый,реклама,True
5239,2026-08-12,Менеджер 3,Гомель,офисные столы,1,1,645.82,163.62,0.206,новый,партнёр,True
5240,2026-08-12,Менеджер 3,Гомель,офисные столы,1,0,0.0,0.0,0.0,повторный,реклама,True
5241,2026-08-12,Менеджер 2,Брест,офисные кресла,1,1,785.3,290.43,0.058,новый,сайт,True
5242,2026-08-12,Менеджер 3,Гомель,офисные столы,1,0,0.0,0.0,0.0,новый,партнёр,True
5243,2026-08-12,Менеджер 5,Гомель,офисные кресла,1,0,0.0,0.0,0.0,новый,звонок,True
5244,2026-08-12,Менеджер 5,Гродно,офисные столы,1,1,1145.45,339.84,0.04,новый,реклама,True
5245,2026-08-12,Менеджер 5,Гомель,шкафы,1,0,0.0,0.0,0.0,новый,звонок,True
5246,2026-08-12,Менеджер 3,Гродно,шкафы,1,0,0.0,0.0,0.0,новый,сайт,True
5247,2026-08-12,Менеджер 4,Гомель,офисные кресла,1,0,0.0,0.0,0.0,новый,сайт,True
5248,2026-08-12,Менеджер 2,Могилёв,офисные столы,1,0,0.0,0.0,0.0,новый,сайт,True
5249,2026-08-12,Менеджер 2,Могилёв,офисные кресла,1,1,555.52,210.55,0.058,новый,звонок,True
5250,2026-08-12,Менеджер 3,Брест,офисные кресла,1,0,0.0,0.0,0.0,повторный,партнёр,True
5251,2026-08-12,Менеджер 3,Могилёв,офисные столы,1,0,0.0,0.0,0.0,новый,сайт,True
5252,2026-08-12,Менеджер 4,Брест,офисные кресла,1,0,0.0,0.0,0.0,новый,реклама,True
5253,2026-08-12,Менеджер 2,Могилёв,офисные столы,1,0,0.0,0.0,0.0,новый,реклама,True
5254,2026-08-12,Менеджер 1,Гомель,офисные столы,1,1,923.32,292.86,0.139,повторный,сайт,True
5255,2026-08-12,Менеджер 3,Могилёв,шкафы,1,0,0.0,0.0,0.0,повторный,сайт,True
5256,2026-08-12,Менеджер 3,Гомель,шкафы,1,0,0.0,0.0,0.0,новый,сайт,True
5257,2026-08-12,Менеджер 3,Гродно,офисные столы,1,0,0.0,0.0,0.0,повторный,партнёр,True
5258,2026-08-12,Менеджер 4,Гродно,офисные столы,1,0,0.0,0.0,0.0,новый,сайт,True
5259,2026-08-12,Менеджер 5,Гомель,офисные кресла,1,0,0.0,0.0,0.0,повторный,сайт,True
5260,2026-08-12,Менеджер 5,Могилёв,офисные столы,1,0,0.0,0.0,0.0,новый,партнёр,True
5261,2026-08-12,Менеджер 3,Могилёв,офисные кресла,1,1,466.94,170.93,0.153,новый,реклама,True
5262,2026-08-13,Менеджер 1,Гомель,офисные кресла,1,1,671.37,245.11,0.08,повторный,звонок,True
5263,2026-08-13,Менеджер 5,Могилёв,офисные столы,1,0,0.0,0.0,0.0,новый,реклама,True
5264,2026-08-13,Менеджер 3,Брест,шкафы,1,0,0.0,0.0,0.0,новый,реклама,True
5265,2026-08-13,Менеджер 4,Гродно,офисные столы,1,0,0.0,0.0,0.0,новый,сайт,True
5266,2026-08-13,Менеджер 5,Гродно,офисные кресла,1,0,0.0,0.0,0.0,повторный,звонок,True
5267,2026-08-13,Менеджер 5,Могилёв,офисные кресла,1,0,0.0,0.0,0.0,повторный,реклама,True
5268,2026-08-13,Менеджер 4,Витебск,шкафы,1,0,0.0,0.0,0.0,новый,партнёр,True
5269,2026-08-13,Менеджер 3,Гомель,офисные столы,1,1,667.77,213.54,0.12,новый,партнёр,True
5270,2026-08-13,Менеджер 4,Могилёв,шкафы,1,1,1396.31,388.73,0.029,новый,партнёр,True
5271,2026-08-13,Менеджер 5,Витебск,офисные столы,1,0,0.0,0.0,0.0,повторный,реклама,True
5272,2026-08-13,Менеджер 4,Гомель,шкафы,1,1,1397.01,397.7,0.103,повторный,сайт,True
5273,2026-08-13,Менеджер 2,Гродно,шкафы,1,1,1450.64,439.22,0.044,повторный,реклама,True
5274,2026-08-13,Менеджер 3,Гродно,офисные кресла,1,0,0.0,0.0,0.0,новый,сайт,True
5275,2026-08-13,Менеджер 4,Брест,офисные кресла,1,1,714.87,210.98,0.121,повторный,сайт,True
5276,2026-08-13,Менеджер 3,Гродно,офисные столы,1,0,0.0,0.0,0.0,новый,звонок,True
5277,2026-08-13,Менеджер 5,Могилёв,офисные столы,1,1,948.93,284.32,0.122,повторный,партнёр,True
5278,2026-08-13,Менеджер 4,Могилёв,офисные столы,1,1,654.1,176.09,0.073,новый,партнёр,True
5279,2026-08-13,Менеджер 1,Витебск,офисные кресла,1,1,718.36,269.93,0.062,повторный,звонок,True
5280,2026-08-13,Менеджер 3,Брест,офисные кресла,1,1,837.33,278.61,0.057,новый,партнёр,True
5281,2026-08-13,Менеджер 5,Витебск,шкафы,1,1,1445.55,434.85,0.036,повторный,сайт,True
5282,2026-08-13,Менеджер 1,Могилёв,офисные кресла,1,0,0.0,0.0,0.0,новый,звонок,True
5283,2026-08-13,Менеджер 1,Гомель,офисные кресла,1,1,719.22,210.2,0.098,повторный,звонок,True
5284,2026-08-13,Менеджер 5,Гродно,шкафы,1,1,1347.67,423.32,0.023,новый,сайт,True
5285,2026-08-13,Менеджер 5,Могилёв,шкафы,1,0,0.0,0.0,0.0,повторный,реклама,True
5286,2026-08-13,Менеджер 5,Гродно,шкафы,1,0,0.0,0.0,0.0,повторный,звонок,True
5287,2026-08-13,Менеджер 3,Витебск,офисные столы,1,1,1026.67,282.77,0.118,повторный,звонок,True
5288,2026-08-13,Менеджер 5,Брест,офисные столы,1,0,0.0,0.0,0.0,повторный,реклама,True
5289,2026-08-13,Менеджер 2,Витебск,офисные кресла,1,0,0.0,0.0,0.0,повторный,партнёр,True
5290,2026-08-13,Менеджер 2,Могилёв,офисные столы,1,0,0.0,0.0,0.0,повторный,звонок,True
5291,2026-08-13,Менеджер 4,Гродно,офисные кресла,1,0,0.0,0.0,0.0,новый,партнёр,True
5292,2026-08-13,Менеджер 2,Брест,офисные столы,1,0,0.0,0.0,0.0,повторный,реклама,True
5293,2026-08-13,Менеджер 3,Могилёв,шкафы,1,0,0.0,0.0,0.0,новый,звонок,True
5294,2026-08-13,Менеджер 2,Гродно,офисные кресла,1,0,0.0,0.0,0.0,новый,звонок,True
5295,2026-08-13,Менеджер 3,Гродно,офисные кресла,1,0,0.0,0.0,0.0,новый,звонок,True
5296,2026-08-13,Менеджер 2,Брест,офисные кресла,1,0,0.0,0.0,0.0,новый,партнёр,True
5297,2026-08-13,Менеджер 1,Могилёв,офисные столы,1,1,725.8,193.35,0.063,новый,сайт,True
5298,2026-08-13,Менеджер 3,Витебск,офисные столы,1,0,0.0,0.0,0.0,новый,сайт,True
5299,2026-08-13,Менеджер 3,Брест,офисные кресла,1,0,0.0,0.0,0.0,новый,сайт,True
5300,2026-08-13,Менеджер 1,Гомель,шкафы,1,0,0.0,0.0,0.0,повторный,звонок,True
5301,2026-08-13,Менеджер 5,Могилёв,офисные столы,1,1,733.16,179.84,0.116,повторный,реклама,True
5302,2026-08-13,Менеджер 2,Гродно,офисные кресла,1,1,798.71,280.43,0.144,новый,звонок,True
5303,2026-08-13,Менеджер 1,Могилёв,шкафы,1,0,0.0,0.0,0.0,новый,реклама,True
5304,2026-08-13,Менеджер 2,Витебск,офисные кресла,1,1,644.97,228.99,0.0,новый,звонок,True
5305,2026-08-13,Менеджер 4,Брест,офисные кресла,1,1,492.19,161.19,0.151,новый,звонок,True
5306,2026-08-13,Менеджер 2,Гродно,офисные кресла,1,1,818.11,262.91,0.099,новый,звонок,True
5307,2026-08-13,Менеджер 1,Гродно,офисные столы,1,1,1088.75,279.04,0.102,новый,сайт,True
5308,2026-08-13,Менеджер 4,Могилёв,шкафы,1,0,0.0,0.0,0.0,новый,звонок,True
5309,2026-08-14,Менеджер 3,Витебск,шкафы,1,0,0.0,0.0,0.0,новый,партнёр,True
5310,2026-08-14,Менеджер 2,Гродно,шкафы,1,1,1234.58,365.81,0.125,повторный,сайт,True
5311,2026-08-14,Менеджер 5,Гомель,офисные столы,1,1,1130.92,363.79,0.067,новый,сайт,True
5312,2026-08-14,Менеджер 1,Могилёв,офисные кресла,1,1,799.29,228.39,0.046,новый,сайт,True
5313,2026-08-14,Менеджер 2,Могилёв,офисные кресла,1,1,631.18,206.03,0.079,повторный,партнёр,True
5314,2026-08-14,Менеджер 3,Брест,офисные столы,1,0,0.0,0.0,0.0,новый,звонок,True
5315,2026-08-14,Менеджер 3,Могилёв,шкафы,1,0,0.0,0.0,0.0,повторный,звонок,True
5316,2026-08-14,Менеджер 5,Гомель,офисные кресла,1,0,0.0,0.0,0.0,новый,партнёр,True
5317,2026-08-14,Менеджер 3,Витебск,шкафы,1,1,1098.75,311.93,0.069,новый,сайт,True
5318,2026-08-14,Менеджер 5,Гродно,шкафы,1,0,0.0,0.0,0.0,повторный,партнёр,True
5319,2026-08-14,Менеджер 5,Гродно,офисные столы,1,0,0.0,0.0,0.0,повторный,сайт,True
5320,2026-08-14,Менеджер 5,Брест,офисные столы,1,0,0.0,0.0,0.0,новый,сайт,True
5321,2026-08-14,Менеджер 4,Гродно,шкафы,1,1,1279.99,376.45,0.041,новый,реклама,True
5322,2026-08-14,Менеджер 3,Могилёв,шкафы,1,0,0.0,0.0,0.0,повторный,реклама,True
5323,2026-08-14,Менеджер 3,Могилёв,офисные столы,1,1,789.03,215.5,0.084,повторный,звонок,True
5324,2026-08-14,Менеджер 1,Брест,офисные кресла,1,1,503.79,179.9,0.065,новый,реклама,True
5325,2026-08-14,Менеджер 4,Могилёв,офисные кресла,1,1,494.23,141.09,0.111,новый,звонок,True
5326,2026-08-14,Менеджер 2,Брест,офисные кресла,1,0,0.0,0.0,0.0,новый,звонок,True
5327,2026-08-14,Менеджер 5,Брест,офисные кресла,1,0,0.0,0.0,0.0,повторный,партнёр,True
5328,2026-08-14,Менеджер 3,Витебск,офисные кресла,1,1,696.77,212.31,0.079,повторный,реклама,True
5329,2026-08-14,Менеджер 5,Витебск,офисные кресла,1,0,0.0,0.0,0.0,новый,звонок,True
5330,2026-08-14,Менеджер 2,Могилёв,офисные столы,1,0,0.0,0.0,0.0,повторный,партнёр,True
5331,2026-08-14,Менеджер 4,Могилёв,офисные столы,1,0,0.0,0.0,0.0,новый,сайт,True
5332,2026-08-14,Менеджер 4,Могилёв,шкафы,1,1,1482.42,363.1,0.01,повторный,сайт,True
5333,2026-08-14,Менеджер 5,Гомель,шкафы,1,0,0.0,0.0,0.0,повторный,звонок,True
5334,2026-08-14,Менеджер 3,Витебск,офисные столы,1,0,0.0,0.0,0.0,новый,звонок,True
5335,2026-08-14,Менеджер 1,Могилёв,шкафы,1,0,0.0,0.0,0.0,новый,звонок,True
5336,2026-08-14,Менеджер 3,Могилёв,шкафы,1,0,0.0,0.0,0.0,новый,сайт,True
5337,2026-08-14,Менеджер 1,Гомель,шкафы,1,0,0.0,0.0,0.0,повторный,звонок,True
5338,2026-08-14,Менеджер 2,Гродно,офисные столы,1,0,0.0,0.0,0.0,повторный,реклама,True
5339,2026-08-14,Менеджер 5,Гродно,офисные кресла,1,0,0.0,0.0,0.0,повторный,звонок,True
5340,2026-08-14,Менеджер 5,Витебск,шкафы,1,1,1331.81,381.23,0.037,повторный,партнёр,True
5341,2026-08-14,Менеджер 3,Брест,офисные кресла,1,0,0.0,0.0,0.0,новый,реклама,True
5342,2026-08-14,Менеджер 2,Гомель,шкафы,1,1,1196.45,365.87,0.079,новый,сайт,True
5343,2026-08-14,Менеджер 2,Гомель,офисные кресла,1,0,0.0,0.0,0.0,повторный,реклама,True
5344,2026-08-14,Менеджер 3,Брест,офисные кресла,1,0,0.0,0.0,0.0,новый,сайт,True
5345,2026-08-14,Менеджер 5,Гомель,шкафы,1,1,1533.57,430.07,0.103,новый,партнёр,True
5346,2026-08-14,Менеджер 1,Гомель,офисные кресла,1,0,0.0,0.0,0.0,новый,реклама,True
5347,2026-08-14,Менеджер 1,Могилёв,офисные кресла,1,0,0.0,0.0,0.0,новый,сайт,True
5348,2026-08-14,Менеджер 4,Витебск,офисные кресла,1,1,734.76,262.79,0.03,новый,партнёр,True
5349,2026-08-14,Менеджер 3,Брест,шкафы,1,0,0.0,0.0,0.0,новый,звонок,True
5350,2026-08-14,Менеджер 1,Брест,шкафы,1,0,0.0,0.0,0.0,повторный,звонок,True
5351,2026-08-14,Менеджер 4,Брест,шкафы,1,1,1362.77,333.28,0.147,новый,звонок,True
5352,2026-08-14,Менеджер 3,Гродно,офисные столы,1,1,1123.48,306.7,0.116,повторный,звонок,True
5353,2026-08-14,Менеджер 5,Могилёв,офисные кресла,1,1,606.06,178.7,0.058,новый,звонок,True
5354,2026-08-14,Менеджер 4,Брест,офисные кресла,1,1,596.74,177.22,0.048,повторный,сайт,True
5355,2026-08-14,Менеджер 4,Могилёв,офисные столы,1,0,0.0,0.0,0.0,повторный,партнёр,True
5356,2026-08-14,Менеджер 4,Могилёв,офисные столы,1,0,0.0,0.0,0.0,новый,реклама,True
5357,2026-08-14,Менеджер 4,Брест,офисные кресла,1,0,0.0,0.0,0.0,повторный,сайт,True
5358,2026-08-14,Менеджер 4,Гродно,шкафы,1,0,0.0,0.0,0.0,новый,партнёр,True
5359,2026-08-15,Менеджер 2,Гродно,офисные кресла,1,0,0.0,0.0,0.0,новый,звонок,True
5360,2026-08-15,Менеджер 3,Могилёв,офисные кресла,1,0,0.0,0.0,0.0,новый,партнёр,True
5361,2026-08-15,Менеджер 2,Гомель,офисные кресла,1,1,774.9,227.35,0.049,новый,сайт,True
5362,2026-08-15,Менеджер 4,Брест,офисные столы,1,1,910.54,236.16,0.058,новый,реклама,True
5363,2026-08-15,Менеджер 2,Брест,офисные столы,1,1,883.74,237.73,0.135,новый,звонок,True
5364,2026-08-15,Менеджер 3,Витебск,офисные столы,1,0,0.0,0.0,0.0,новый,реклама,True
5365,2026-08-15,Менеджер 3,Гродно,шкафы,1,1,1161.63,268.61,0.088,повторный,сайт,True
5366,2026-08-15,Менеджер 1,Гомель,офисные столы,1,0,0.0,0.0,0.0,новый,звонок,True
5367,2026-08-15,Менеджер 5,Брест,офисные столы,1,0,0.0,0.0,0.0,новый,партнёр,True
5368,2026-08-15,Менеджер 2,Витебск,шкафы,1,0,0.0,0.0,0.0,новый,звонок,True
5369,2026-08-15,Менеджер 4,Гродно,офисные кресла,1,1,755.96,218.86,0.062,повторный,сайт,True
5370,2026-08-15,Менеджер 1,Гродно,офисные кресла,1,1,716.57,244.48,0.056,новый,партнёр,True
5371,2026-08-15,Менеджер 1,Могилёв,офисные кресла,1,1,817.15,282.64,0.134,новый,партнёр,True
5372,2026-08-15,Менеджер 2,Гродно,шкафы,1,1,935.88,217.63,0.084,повторный,реклама,True
5373,2026-08-15,Менеджер 3,Могилёв,офисные столы,1,0,0.0,0.0,0.0,повторный,партнёр,True
5374,2026-08-15,Менеджер 5,Могилёв,офисные кресла,1,0,0.0,0.0,0.0,новый,сайт,True
5375,2026-08-15,Менеджер 2,Гродно,офисные кресла,1,0,0.0,0.0,0.0,новый,звонок,True
5376,2026-08-15,Менеджер 1,Витебск,шкафы,1,0,0.0,0.0,0.0,повторный,сайт,True
5377,2026-08-15,Менеджер 5,Гомель,офисные кресла,1,0,0.0,0.0,0.0,новый,звонок,True
5378,2026-08-15,Менеджер 1,Гродно,офисные кресла,1,0,0.0,0.0,0.0,новый,сайт,True
5379,2026-08-15,Менеджер 4,Могилёв,офисные кресла,1,1,531.62,173.16,0.082,новый,звонок,True
5380,2026-08-15,Менеджер 4,Брест,офисные кресла,1,0,0.0,0.0,0.0,новый,сайт,True
5381,2026-08-15,Менеджер 2,Витебск,офисные кресла,1,1,684.15,218.87,0.077,новый,партнёр,True
5382,2026-08-15,Менеджер 5,Гродно,шкафы,1,1,1479.15,356.36,0.128,новый,партнёр,True
5383,2026-08-15,Менеджер 5,Гродно,офисные столы,1,0,0.0,0.0,0.0,новый,реклама,True
5384,2026-08-15,Менеджер 1,Брест,офисные столы,1,0,0.0,0.0,0.0,повторный,реклама,True
5385,2026-08-15,Менеджер 5,Витебск,офисные кресла,1,0,0.0,0.0,0.0,новый,звонок,True
5386,2026-08-15,Менеджер 2,Гомель,офисные кресла,1,0,0.0,0.0,0.0,повторный,сайт,True
5387,2026-08-15,Менеджер 1,Брест,офисные кресла,1,0,0.0,0.0,0.0,новый,звонок,True
5388,2026-08-15,Менеджер 3,Витебск,офисные кресла,1,0,0.0,0.0,0.0,новый,реклама,True
5389,2026-08-15,Менеджер 4,Могилёв,офисные столы,1,1,1114.24,319.73,0.044,новый,сайт,True
5390,2026-08-15,Менеджер 1,Брест,офисные кресла,1,1,559.46,182.52,0.105,повторный,реклама,True
5391,2026-08-15,Менеджер 4,Гомель,офисные столы,1,0,0.0,0.0,0.0,новый,звонок,True
5392,2026-08-15,Менеджер 5,Могилёв,шкафы,1,1,1379.15,364.06,0.056,повторный,партнёр,True
5393,2026-08-15,Менеджер 5,Могилёв,офисные кресла,1,0,0.0,0.0,0.0,новый,звонок,True
5394,2026-08-15,Менеджер 3,Витебск,офисные столы,1,1,1112.15,358.16,0.13,новый,сайт,True
5395,2026-08-15,Менеджер 4,Гомель,офисные столы,1,0,0.0,0.0,0.0,повторный,звонок,True
5396,2026-08-15,Менеджер 2,Брест,офисные столы,1,0,0.0,0.0,0.0,новый,звонок,True
5397,2026-08-15,Менеджер 4,Гродно,офисные кресла,1,1,797.55,261.94,0.123,повторный,звонок,True
5398,2026-08-15,Менеджер 3,Гродно,шкафы,1,0,0.0,0.0,0.0,новый,сайт,True
5399,2026-08-15,Менеджер 5,Брест,шкафы,1,0,0.0,0.0,0.0,повторный,реклама,True
5400,2026-08-15,Менеджер 1,Гомель,шкафы,1,0,0.0,0.0,0.0,новый,звонок,True
5401,2026-08-15,Менеджер 2,Гомель,шкафы,1,1,1377.72,421.21,0.051,новый,партнёр,True
5402,2026-08-15,Менеджер 4,Брест,шкафы,1,1,1442.17,376.39,0.082,новый,партнёр,True
5403,2026-08-15,Менеджер 5,Гродно,шкафы,1,0,0.0,0.0,0.0,новый,реклама,True
5404,2026-08-15,Менеджер 3,Могилёв,шкафы,1,1,1378.68,352.57,0.023,новый,реклама,True
5405,2026-08-15,Менеджер 2,Гродно,офисные кресла,1,0,0.0,0.0,0.0,новый,звонок,True
5406,2026-08-15,Менеджер 1,Могилёв,шкафы,1,0,0.0,0.0,0.0,повторный,звонок,True
5407,2026-08-16,Менеджер 2,Витебск,шкафы,1,1,1549.28,374.44,0.071,новый,звонок,True
5408,2026-08-16,Менеджер 3,Брест,офисные кресла,1,0,0.0,0.0,0.0,повторный,звонок,True
5409,2026-08-16,Менеджер 3,Могилёв,офисные столы,1,0,0.0,0.0,0.0,новый,звонок,True
5410,2026-08-16,Менеджер 2,Могилёв,офисные столы,1,0,0.0,0.0,0.0,повторный,реклама,True
5411,2026-08-16,Менеджер 5,Гомель,офисные столы,1,1,639.34,168.63,0.114,новый,звонок,True
5412,2026-08-16,Менеджер 5,Гомель,офисные кресла,1,0,0.0,0.0,0.0,повторный,звонок,True
5413,2026-08-16,Менеджер 5,Гродно,офисные столы,1,0,0.0,0.0,0.0,новый,сайт,True
5414,2026-08-16,Менеджер 4,Могилёв,офисные столы,1,0,0.0,0.0,0.0,новый,сайт,True
5415,2026-08-16,Менеджер 4,Витебск,шкафы,1,1,1362.47,396.72,0.189,новый,звонок,True
5416,2026-08-16,Менеджер 5,Брест,офисные кресла,1,0,0.0,0.0,0.0,новый,партнёр,True
5417,2026-08-16,Менеджер 5,Брест,офисные кресла,1,1,722.22,258.59,0.109,повторный,реклама,True
5418,2026-08-16,Менеджер 5,Гродно,шкафы,1,1,946.67,233.58,0.018,новый,партнёр,True
5419,2026-08-16,Менеджер 1,Витебск,шкафы,1,0,0.0,0.0,0.0,повторный,сайт,True
5420,2026-08-16,Менеджер 1,Гомель,шкафы,1,0,0.0,0.0,0.0,новый,звонок,True
5421,2026-08-16,Менеджер 2,Гродно,офисные кресла,1,0,0.0,0.0,0.0,новый,сайт,True
5422,2026-08-16,Менеджер 4,Могилёв,офисные кресла,1,0,0.0,0.0,0.0,повторный,сайт,True
5423,2026-08-16,Менеджер 2,Брест,офисные столы,1,0,0.0,0.0,0.0,новый,звонок,True
5424,2026-08-16,Менеджер 1,Могилёв,офисные столы,1,0,0.0,0.0,0.0,повторный,звонок,True
5425,2026-08-16,Менеджер 4,Брест,офисные кресла,1,0,0.0,0.0,0.0,повторный,звонок,True
5426,2026-08-16,Менеджер 5,Брест,шкафы,1,0,0.0,0.0,0.0,повторный,реклама,True
5427,2026-08-16,Менеджер 5,Гомель,офисные кресла,1,0,0.0,0.0,0.0,повторный,сайт,True
5428,2026-08-16,Менеджер 1,Могилёв,офисные столы,1,0,0.0,0.0,0.0,повторный,сайт,True
5429,2026-08-16,Менеджер 3,Витебск,офисные столы,1,0,0.0,0.0,0.0,новый,партнёр,True
5430,2026-08-16,Менеджер 4,Витебск,офисные столы,1,0,0.0,0.0,0.0,повторный,партнёр,True
5431,2026-08-16,Менеджер 2,Могилёв,офисные столы,1,0,0.0,0.0,0.0,новый,сайт,True
5432,2026-08-16,Менеджер 2,Гомель,офисные столы,1,1,673.39,217.63,0.102,новый,звонок,True
5433,2026-08-16,Менеджер 3,Витебск,офисные кресла,1,0,0.0,0.0,0.0,повторный,звонок,True
5434,2026-08-16,Менеджер 3,Брест,офисные столы,1,0,0.0,0.0,0.0,повторный,реклама,True
5435,2026-08-16,Менеджер 1,Брест,офисные кресла,1,0,0.0,0.0,0.0,новый,реклама,True
5436,2026-08-16,Менеджер 1,Брест,шкафы,1,0,0.0,0.0,0.0,новый,партнёр,True
5437,2026-08-16,Менеджер 5,Гродно,офисные кресла,1,0,0.0,0.0,0.0,новый,звонок,True
5438,2026-08-16,Менеджер 5,Брест,офисные столы,1,0,0.0,0.0,0.0,повторный,сайт,True
5439,2026-08-16,Менеджер 4,Витебск,офисные столы,1,0,0.0,0.0,0.0,новый,партнёр,True
5440,2026-08-16,Менеджер 4,Гомель,шкафы,1,0,0.0,0.0,0.0,повторный,звонок,True
5441,2026-08-16,Менеджер 5,Витебск,шкафы,1,0,0.0,0.0,0.0,новый,реклама,True
5442,2026-08-16,Менеджер 1,Могилёв,офисные кресла,1,0,0.0,0.0,0.0,новый,реклама,True
5443,2026-08-16,Менеджер 4,Гомель,офисные кресла,1,1,811.29,300.95,0.055,новый,партнёр,True
5444,2026-08-16,Менеджер 2,Могилёв,шкафы,1,0,0.0,0.0,0.0,повторный,партнёр,True
5445,2026-08-16,Менеджер 5,Могилёв,офисные столы,1,0,0.0,0.0,0.0,новый,партнёр,True
5446,2026-08-16,Менеджер 1,Витебск,шкафы,1,1,972.54,257.65,0.135,повторный,реклама,True
5447,2026-08-16,Менеджер 1,Брест,офисные кресла,1,1,619.3,169.24,0.142,новый,партнёр,True
5448,2026-08-16,Менеджер 5,Гродно,офисные столы,1,0,0.0,0.0,0.0,повторный,звонок,True
5449,2026-08-16,Менеджер 3,Брест,офисные столы,1,0,0.0,0.0,0.0,повторный,звонок,True
5450,2026-08-16,Менеджер 4,Могилёв,офисные столы,1,0,0.0,0.0,0.0,повторный,сайт,True
5451,2026-08-16,Менеджер 2,Гомель,шкафы,1,0,0.0,0.0,0.0,повторный,реклама,True
5452,2026-08-16,Менеджер 2,Могилёв,офисные кресла,1,0,0.0,0.0,0.0,новый,реклама,True
5453,2026-08-16,Менеджер 4,Могилёв,шкафы,1,0,0.0,0.0,0.0,новый,звонок,True
5454,2026-08-16,Менеджер 5,Гомель,офисные столы,1,0,0.0,0.0,0.0,новый,сайт,True
5455,2026-08-17,Менеджер 4,Гомель,офисные столы,1,0,0.0,0.0,0.0,новый,звонок,True
5456,2026-08-17,Менеджер 2,Витебск,офисные кресла,1,0,0.0,0.0,0.0,повторный,звонок,True
5457,2026-08-17,Менеджер 1,Гродно,шкафы,1,1,983.11,289.03,0.154,повторный,звонок,True
5458,2026-08-17,Менеджер 2,Гомель,офисные кресла,1,1,768.08,274.52,0.126,новый,звонок,True
5459,2026-08-17,Менеджер 5,Витебск,офисные столы,1,0,0.0,0.0,0.0,повторный,партнёр,True
5460,2026-08-17,Менеджер 2,Брест,офисные кресла,1,0,0.0,0.0,0.0,новый,партнёр,True
5461,2026-08-17,Менеджер 3,Витебск,офисные столы,1,0,0.0,0.0,0.0,повторный,реклама,True
5462,2026-08-17,Менеджер 4,Витебск,офисные столы,1,0,0.0,0.0,0.0,новый,звонок,True
5463,2026-08-17,Менеджер 2,Брест,офисные столы,1,0,0.0,0.0,0.0,повторный,сайт,True
5464,2026-08-17,Менеджер 4,Гродно,офисные столы,1,0,0.0,0.0,0.0,новый,реклама,True
5465,2026-08-17,Менеджер 1,Могилёв,офисные кресла,1,0,0.0,0.0,0.0,повторный,партнёр,True
5466,2026-08-17,Менеджер 1,Гродно,офисные столы,1,0,0.0,0.0,0.0,повторный,реклама,True
5467,2026-08-17,Менеджер 5,Витебск,офисные кресла,1,1,779.5,283.55,0.113,повторный,звонок,True
5468,2026-08-17,Менеджер 1,Гродно,шкафы,1,0,0.0,0.0,0.0,повторный,звонок,True
5469,2026-08-17,Менеджер 3,Гомель,офисные столы,1,0,0.0,0.0,0.0,новый,звонок,True
5470,2026-08-17,Менеджер 2,Могилёв,офисные столы,1,1,798.69,209.44,0.024,новый,сайт,True
5471,2026-08-17,Менеджер 5,Витебск,шкафы,1,0,0.0,0.0,0.0,новый,сайт,True
5472,2026-08-17,Менеджер 3,Гомель,офисные кресла,1,0,0.0,0.0,0.0,новый,реклама,True
5473,2026-08-17,Менеджер 2,Гомель,офисные кресла,1,0,0.0,0.0,0.0,новый,звонок,True
5474,2026-08-17,Менеджер 1,Гродно,офисные кресла,1,0,0.0,0.0,0.0,новый,звонок,True
5475,2026-08-17,Менеджер 4,Могилёв,шкафы,1,1,1225.57,340.85,0.114,новый,звонок,True
5476,2026-08-17,Менеджер 2,Брест,офисные столы,1,0,0.0,0.0,0.0,повторный,партнёр,True
5477,2026-08-17,Менеджер 4,Брест,шкафы,1,1,1125.86,296.0,0.053,новый,звонок,True
5478,2026-08-17,Менеджер 1,Гомель,офисные кресла,1,0,0.0,0.0,0.0,повторный,партнёр,True
5479,2026-08-17,Менеджер 1,Брест,шкафы,1,0,0.0,0.0,0.0,новый,партнёр,True
5480,2026-08-17,Менеджер 5,Могилёв,офисные столы,1,0,0.0,0.0,0.0,повторный,партнёр,True
5481,2026-08-17,Менеджер 1,Витебск,офисные столы,1,1,985.67,295.62,0.098,новый,партнёр,True
5482,2026-08-17,Менеджер 4,Могилёв,шкафы,1,0,0.0,0.0,0.0,повторный,партнёр,True
5483,2026-08-17,Менеджер 2,Гомель,офисные столы,1,0,0.0,0.0,0.0,новый,звонок,True
5484,2026-08-17,Менеджер 3,Могилёв,офисные столы,1,0,0.0,0.0,0.0,повторный,партнёр,True
5485,2026-08-17,Менеджер 1,Могилёв,шкафы,1,0,0.0,0.0,0.0,новый,реклама,True
5486,2026-08-17,Менеджер 4,Могилёв,шкафы,1,0,0.0,0.0,0.0,новый,реклама,True
5487,2026-08-17,Менеджер 2,Витебск,офисные кресла,1,0,0.0,0.0,0.0,новый,партнёр,True
5488,2026-08-17,Менеджер 3,Могилёв,офисные столы,1,1,710.96,207.94,0.053,повторный,звонок,True
5489,2026-08-17,Менеджер 1,Гомель,шкафы,1,0,0.0,0.0,0.0,новый,реклама,True
5490,2026-08-17,Менеджер 2,Витебск,офисные кресла,1,1,507.75,145.61,0.108,повторный,реклама,True
5491,2026-08-17,Менеджер 4,Гомель,шкафы,1,0,0.0,0.0,0.0,новый,сайт,True
5492,2026-08-17,Менеджер 2,Брест,шкафы,1,1,1420.88,435.36,0.055,новый,звонок,True
5493,2026-08-17,Менеджер 1,Брест,офисные кресла,1,0,0.0,0.0,0.0,повторный,реклама,True
5494,2026-08-17,Менеджер 4,Витебск,шкафы,1,0,0.0,0.0,0.0,новый,звонок,True
5495,2026-08-17,Менеджер 3,Могилёв,офисные кресла,1,0,0.0,0.0,0.0,повторный,партнёр,True
5496,2026-08-17,Менеджер 3,Гомель,офисные кресла,1,1,582.9,215.0,0.012,новый,реклама,True
5497,2026-08-17,Менеджер 4,Гродно,шкафы,1,0,0.0,0.0,0.0,новый,сайт,True
5498,2026-08-17,Менеджер 2,Гродно,офисные кресла,1,0,0.0,0.0,0.0,новый,сайт,True
5499,2026-08-17,Менеджер 5,Витебск,офисные кресла,1,1,739.79,243.05,0.104,новый,реклама,True
5500,2026-08-17,Менеджер 2,Брест,офисные столы,1,0,0.0,0.0,0.0,новый,реклама,True
5501,2026-08-17,Менеджер 2,Могилёв,офисные кресла,1,0,0.0,0.0,0.0,новый,звонок,True
5502,2026-08-17,Менеджер 2,Брест,офисные столы,1,0,0.0,0.0,0.0,новый,сайт,True
5503,2026-08-17,Менеджер 1,Гродно,офисные столы,1,0,0.0,0.0,0.0,новый,сайт,True
5504,2026-08-17,Менеджер 1,Гомель,шкафы,1,1,1105.67,281.23,0.098,повторный,сайт,True
5505,2026-08-17,Менеджер 1,Брест,офисные столы,1,1,1156.42,349.3,0.034,новый,партнёр,True
5506,2026-08-17,Менеджер 1,Брест,офисные кресла,1,0,0.0,0.0,0.0,новый,сайт,True
5507,2026-08-17,Менеджер 4,Гомель,офисные столы,1,0,0.0,0.0,0.0,новый,партнёр,True
5508,2026-08-18,Менеджер 2,Витебск,шкафы,1,0,0.0,0.0,0.0,новый,реклама,True
5509,2026-08-18,Менеджер 4,Гомель,офисные столы,1,1,1092.84,277.84,0.121,новый,реклама,True
5510,2026-08-18,Менеджер 4,Могилёв,шкафы,1,0,0.0,0.0,0.0,новый,звонок,True
5511,2026-08-18,Менеджер 3,Гродно,офисные кресла,1,0,0.0,0.0,0.0,новый,партнёр,True
5512,2026-08-18,Менеджер 3,Брест,офисные кресла,1,0,0.0,0.0,0.0,новый,звонок,True
5513,2026-08-18,Менеджер 5,Могилёв,офисные кресла,1,0,0.0,0.0,0.0,повторный,партнёр,True
5514,2026-08-18,Менеджер 4,Гомель,офисные столы,1,1,1065.36,346.1,0.076,повторный,партнёр,True
5515,2026-08-18,Менеджер 4,Гродно,офисные столы,1,0,0.0,0.0,0.0,новый,сайт,True
5516,2026-08-18,Менеджер 4,Могилёв,офисные столы,1,0,0.0,0.0,0.0,новый,реклама,True
5517,2026-08-18,Менеджер 4,Гомель,шкафы,1,0,0.0,0.0,0.0,новый,партнёр,True
5518,2026-08-18,Менеджер 3,Витебск,офисные столы,1,0,0.0,0.0,0.0,новый,партнёр,True
5519,2026-08-18,Менеджер 2,Брест,офисные столы,1,0,0.0,0.0,0.0,новый,сайт,True
5520,2026-08-18,Менеджер 2,Витебск,офисные столы,1,0,0.0,0.0,0.0,новый,реклама,True
5521,2026-08-18,Менеджер 2,Могилёв,офисные кресла,1,0,0.0,0.0,0.0,новый,реклама,True
5522,2026-08-18,Менеджер 4,Брест,офисные кресла,1,0,0.0,0.0,0.0,новый,сайт,True
5523,2026-08-18,Менеджер 2,Гомель,офисные столы,1,0,0.0,0.0,0.0,повторный,звонок,True
5524,2026-08-18,Менеджер 1,Гродно,шкафы,1,0,0.0,0.0,0.0,новый,сайт,True
5525,2026-08-18,Менеджер 3,Гомель,шкафы,1,0,0.0,0.0,0.0,новый,реклама,True
5526,2026-08-18,Менеджер 1,Брест,офисные кресла,1,1,730.44,229.87,0.116,новый,реклама,True
5527,2026-08-18,Менеджер 1,Могилёв,шкафы,1,0,0.0,0.0,0.0,новый,реклама,True
5528,2026-08-18,Менеджер 3,Гомель,офисные столы,1,0,0.0,0.0,0.0,новый,звонок,True
5529,2026-08-18,Менеджер 1,Витебск,офисные столы,1,1,967.39,255.42,0.078,повторный,партнёр,True
5530,2026-08-18,Менеджер 1,Гомель,офисные кресла,1,0,0.0,0.0,0.0,новый,реклама,True
5531,2026-08-18,Менеджер 1,Витебск,офисные кресла,1,0,0.0,0.0,0.0,повторный,реклама,True
5532,2026-08-18,Менеджер 2,Витебск,офисные столы,1,0,0.0,0.0,0.0,новый,реклама,True
5533,2026-08-18,Менеджер 3,Могилёв,офисные кресла,1,0,0.0,0.0,0.0,новый,партнёр,True
5534,2026-08-18,Менеджер 1,Гомель,офисные столы,1,0,0.0,0.0,0.0,повторный,партнёр,True
5535,2026-08-18,Менеджер 3,Гродно,офисные кресла,1,0,0.0,0.0,0.0,новый,реклама,True
5536,2026-08-18,Менеджер 1,Гродно,офисные столы,1,0,0.0,0.0,0.0,новый,звонок,True
5537,2026-08-18,Менеджер 5,Могилёв,офисные кресла,1,1,687.98,233.44,0.112,новый,партнёр,True
5538,2026-08-18,Менеджер 4,Гомель,офисные кресла,1,1,615.57,197.13,0.048,повторный,партнёр,True
5539,2026-08-18,Менеджер 5,Витебск,офисные столы,1,1,1012.68,295.24,0.146,новый,партнёр,True
5540,2026-08-18,Менеджер 5,Гомель,офисные кресла,1,0,0.0,0.0,0.0,новый,партнёр,True
5541,2026-08-18,Менеджер 5,Гомель,офисные кресла,1,0,0.0,0.0,0.0,новый,партнёр,True
5542,2026-08-18,Менеджер 3,Гродно,офисные столы,1,0,0.0,0.0,0.0,новый,сайт,True
5543,2026-08-18,Менеджер 2,Гродно,офисные столы,1,1,778.86,215.98,0.107,новый,сайт,True
5544,2026-08-18,Менеджер 2,Гомель,офисные столы,1,1,903.81,262.97,0.151,повторный,партнёр,True
5545,2026-08-18,Менеджер 2,Гродно,офисные столы,1,0,0.0,0.0,0.0,новый,реклама,True
5546,2026-08-18,Менеджер 5,Гомель,офисные кресла,1,0,0.0,0.0,0.0,новый,сайт,True
5547,2026-08-18,Менеджер 2,Могилёв,шкафы,1,0,0.0,0.0,0.0,повторный,реклама,True
5548,2026-08-18,Менеджер 4,Гомель,шкафы,1,0,0.0,0.0,0.0,новый,звонок,True
5549,2026-08-18,Менеджер 5,Гродно,офисные столы,1,1,1106.71,370.82,0.034,повторный,сайт,True
5550,2026-08-18,Менеджер 3,Брест,шкафы,1,1,1409.3,432.21,0.066,повторный,звонок,True
5551,2026-08-18,Менеджер 5,Брест,офисные столы,1,1,1040.77,296.94,0.076,новый,реклама,True
5552,2026-08-18,Менеджер 2,Брест,шкафы,1,0,0.0,0.0,0.0,повторный,партнёр,True
5553,2026-08-18,Менеджер 2,Брест,офисные столы,1,0,0.0,0.0,0.0,новый,реклама,True
5554,2026-08-18,Менеджер 5,Гомель,офисные столы,1,0,0.0,0.0,0.0,новый,реклама,True
5555,2026-08-19,Менеджер 3,Могилёв,шкафы,1,0,0.0,0.0,0.0,новый,реклама,True
5556,2026-08-19,Менеджер 1,Брест,офисные кресла,1,0,0.0,0.0,0.0,новый,партнёр,True
5557,2026-08-19,Менеджер 3,Брест,шкафы,1,0,0.0,0.0,0.0,новый,сайт,True
5558,2026-08-19,Менеджер 5,Гомель,офисные кресла,1,0,0.0,0.0,0.0,повторный,звонок,True
5559,2026-08-19,Менеджер 5,Витебск,шкафы,1,0,0.0,0.0,0.0,новый,звонок,True
5560,2026-08-19,Менеджер 1,Брест,офисные столы,1,0,0.0,0.0,0.0,новый,партнёр,True
5561,2026-08-19,Менеджер 2,Брест,офисные кресла,1,0,0.0,0.0,0.0,новый,партнёр,True
5562,2026-08-19,Менеджер 3,Гродно,шкафы,1,1,1300.19,322.55,0.0,новый,звонок,True
5563,2026-08-19,Менеджер 3,Брест,шкафы,1,1,1010.81,244.42,0.1,новый,реклама,True
5564,2026-08-19,Менеджер 1,Гродно,офисные кресла,1,0,0.0,0.0,0.0,новый,звонок,True
5565,2026-08-19,Менеджер 5,Витебск,шкафы,1,0,0.0,0.0,0.0,новый,партнёр,True
5566,2026-08-19,Менеджер 3,Гомель,офисные столы,1,0,0.0,0.0,0.0,новый,партнёр,True
5567,2026-08-19,Менеджер 2,Гродно,шкафы,1,1,1468.94,414.11,0.126,новый,сайт,True
5568,2026-08-19,Менеджер 4,Витебск,офисные столы,1,1,770.03,243.88,0.108,повторный,реклама,True
5569,2026-08-19,Менеджер 2,Брест,офисные столы,1,0,0.0,0.0,0.0,повторный,партнёр,True
5570,2026-08-19,Менеджер 4,Могилёв,офисные кресла,1,1,673.02,247.37,0.031,новый,реклама,True
5571,2026-08-19,Менеджер 2,Гомель,офисные столы,1,0,0.0,0.0,0.0,новый,партнёр,True
5572,2026-08-19,Менеджер 2,Могилёв,шкафы,1,0,0.0,0.0,0.0,новый,звонок,True
5573,2026-08-19,Менеджер 3,Гомель,офисные кресла,1,0,0.0,0.0,0.0,новый,звонок,True
5574,2026-08-19,Менеджер 1,Гродно,офисные кресла,1,1,756.02,232.33,0.039,новый,сайт,True
5575,2026-08-19,Менеджер 1,Брест,офисные столы,1,0,0.0,0.0,0.0,новый,сайт,True
5576,2026-08-19,Менеджер 4,Могилёв,шкафы,1,1,1314.64,381.96,0.102,новый,сайт,True
5577,2026-08-19,Менеджер 4,Витебск,шкафы,1,0,0.0,0.0,0.0,новый,партнёр,True
5578,2026-08-19,Менеджер 2,Гомель,офисные столы,1,0,0.0,0.0,0.0,повторный,сайт,True
5579,2026-08-19,Менеджер 1,Витебск,шкафы,1,0,0.0,0.0,0.0,новый,звонок,True
5580,2026-08-19,Менеджер 1,Могилёв,офисные кресла,1,0,0.0,0.0,0.0,повторный,сайт,True
5581,2026-08-19,Менеджер 5,Брест,офисные столы,1,0,0.0,0.0,0.0,новый,сайт,True
5582,2026-08-19,Менеджер 5,Гродно,офисные кресла,1,0,0.0,0.0,0.0,новый,звонок,True
5583,2026-08-19,Менеджер 5,Брест,шкафы,1,0,0.0,0.0,0.0,новый,сайт,True
5584,2026-08-19,Менеджер 3,Гродно,офисные столы,1,0,0.0,0.0,0.0,новый,партнёр,True
5585,2026-08-19,Менеджер 1,Гродно,шкафы,1,0,0.0,0.0,0.0,новый,реклама,True
5586,2026-08-19,Менеджер 4,Витебск,офисные столы,1,0,0.0,0.0,0.0,повторный,звонок,True
5587,2026-08-19,Менеджер 5,Брест,офисные столы,1,0,0.0,0.0,0.0,новый,звонок,True
5588,2026-08-19,Менеджер 1,Могилёв,офисные кресла,1,0,0.0,0.0,0.0,новый,звонок,True
5589,2026-08-19,Менеджер 5,Витебск,офисные столы,1,0,0.0,0.0,0.0,повторный,реклама,True
5590,2026-08-19,Менеджер 1,Витебск,офисные столы,1,0,0.0,0.0,0.0,новый,звонок,True
5591,2026-08-19,Менеджер 3,Гродно,офисные столы,1,0,0.0,0.0,0.0,повторный,звонок,True
5592,2026-08-19,Менеджер 5,Гродно,шкафы,1,1,1096.43,270.63,0.011,новый,звонок,True
5593,2026-08-19,Менеджер 5,Могилёв,шкафы,1,0,0.0,0.0,0.0,повторный,сайт,True
5594,2026-08-19,Менеджер 4,Гродно,шкафы,1,0,0.0,0.0,0.0,новый,реклама,True
5595,2026-08-19,Менеджер 3,Витебск,офисные столы,1,0,0.0,0.0,0.0,новый,сайт,True
5596,2026-08-19,Менеджер 5,Гродно,офисные кресла,1,0,0.0,0.0,0.0,повторный,партнёр,True
5597,2026-08-19,Менеджер 5,Гомель,офисные столы,1,0,0.0,0.0,0.0,новый,реклама,True
5598,2026-08-19,Менеджер 5,Могилёв,шкафы,1,0,0.0,0.0,0.0,новый,партнёр,True
5599,2026-08-19,Менеджер 1,Брест,шкафы,1,0,0.0,0.0,0.0,повторный,звонок,True
5600,2026-08-19,Менеджер 4,Брест,шкафы,1,0,0.0,0.0,0.0,повторный,сайт,True
5601,2026-08-19,Менеджер 2,Витебск,офисные кресла,1,0,0.0,0.0,0.0,новый,сайт,True
5602,2026-08-19,Менеджер 3,Витебск,шкафы,1,0,0.0,0.0,0.0,повторный,сайт,True
5603,2026-08-19,Менеджер 4,Могилёв,шкафы,1,0,0.0,0.0,0.0,новый,партнёр,True
5604,2026-08-19,Менеджер 2,Гомель,офисные столы,1,0,0.0,0.0,0.0,повторный,звонок,True
5605,2026-08-19,Менеджер 1,Витебск,офисные столы,1,0,0.0,0.0,0.0,повторный,партнёр,True
5606,2026-08-20,Менеджер 2,Могилёв,офисные кресла,1,1,629.55,178.35,0.086,новый,партнёр,True
5607,2026-08-20,Менеджер 1,Брест,офисные кресла,1,0,0.0,0.0,0.0,новый,звонок,True
5608,2026-08-20,Менеджер 3,Брест,шкафы,1,1,1356.95,356.31,0.107,повторный,реклама,True
5609,2026-08-20,Менеджер 1,Витебск,офисные столы,1,0,0.0,0.0,0.0,новый,звонок,True
5610,2026-08-20,Менеджер 4,Витебск,шкафы,1,1,1315.61,393.01,0.127,новый,партнёр,True
5611,2026-08-20,Менеджер 5,Витебск,шкафы,1,0,0.0,0.0,0.0,новый,партнёр,True
5612,2026-08-20,Менеджер 1,Могилёв,офисные столы,1,1,684.8,168.75,0.085,повторный,сайт,True
5613,2026-08-20,Менеджер 3,Гомель,шкафы,1,0,0.0,0.0,0.0,повторный,сайт,True
5614,2026-08-20,Менеджер 3,Гродно,шкафы,1,0,0.0,0.0,0.0,новый,реклама,True
5615,2026-08-20,Менеджер 5,Могилёв,офисные столы,1,0,0.0,0.0,0.0,новый,сайт,True
5616,2026-08-20,Менеджер 5,Гродно,офисные кресла,1,0,0.0,0.0,0.0,повторный,партнёр,True
5617,2026-08-20,Менеджер 2,Гомель,офисные кресла,1,1,621.57,203.22,0.069,новый,партнёр,True
5618,2026-08-20,Менеджер 2,Могилёв,офисные кресла,1,0,0.0,0.0,0.0,повторный,партнёр,True
5619,2026-08-20,Менеджер 5,Могилёв,офисные кресла,1,0,0.0,0.0,0.0,повторный,реклама,True
5620,2026-08-20,Менеджер 5,Гомель,офисные кресла,1,0,0.0,0.0,0.0,повторный,сайт,True
5621,2026-08-20,Менеджер 3,Гродно,офисные столы,1,0,0.0,0.0,0.0,новый,партнёр,True
5622,2026-08-20,Менеджер 3,Брест,шкафы,1,1,1114.61,316.31,0.088,новый,сайт,True
5623,2026-08-20,Менеджер 5,Могилёв,офисные кресла,1,0,0.0,0.0,0.0,новый,партнёр,True
5624,2026-08-20,Менеджер 2,Гродно,шкафы,1,0,0.0,0.0,0.0,новый,партнёр,True
5625,2026-08-20,Менеджер 1,Брест,офисные кресла,1,0,0.0,0.0,0.0,новый,партнёр,True
5626,2026-08-20,Менеджер 2,Гомель,офисные кресла,1,1,730.54,260.05,0.103,новый,партнёр,True
5627,2026-08-20,Менеджер 4,Брест,офисные кресла,1,1,633.19,186.96,0.078,новый,реклама,True
5628,2026-08-20,Менеджер 2,Гомель,офисные столы,1,1,810.77,216.47,0.029,новый,сайт,True
5629,2026-08-20,Менеджер 1,Брест,шкафы,1,1,1460.25,426.85,0.062,новый,звонок,True
5630,2026-08-20,Менеджер 3,Гродно,шкафы,1,0,0.0,0.0,0.0,повторный,партнёр,True
5631,2026-08-20,Менеджер 5,Гродно,шкафы,1,0,0.0,0.0,0.0,повторный,партнёр,True
5632,2026-08-20,Менеджер 3,Могилёв,офисные столы,1,1,955.75,309.46,0.05,новый,сайт,True
5633,2026-08-20,Менеджер 3,Могилёв,офисные кресла,1,0,0.0,0.0,0.0,новый,сайт,True
5634,2026-08-20,Менеджер 5,Гомель,шкафы,1,0,0.0,0.0,0.0,повторный,сайт,True
5635,2026-08-20,Менеджер 5,Витебск,офисные кресла,1,0,0.0,0.0,0.0,новый,партнёр,True
5636,2026-08-20,Менеджер 3,Витебск,офисные кресла,1,0,0.0,0.0,0.0,новый,сайт,True
5637,2026-08-20,Менеджер 2,Витебск,офисные кресла,1,0,0.0,0.0,0.0,новый,сайт,True
5638,2026-08-20,Менеджер 2,Брест,шкафы,1,0,0.0,0.0,0.0,повторный,партнёр,True
5639,2026-08-20,Менеджер 3,Брест,шкафы,1,0,0.0,0.0,0.0,новый,реклама,True
5640,2026-08-20,Менеджер 1,Гомель,шкафы,1,1,1383.74,404.95,0.055,новый,сайт,True
5641,2026-08-20,Менеджер 3,Гродно,офисные столы,1,0,0.0,0.0,0.0,новый,партнёр,True
5642,2026-08-20,Менеджер 2,Гомель,офисные кресла,1,0,0.0,0.0,0.0,новый,звонок,True
5643,2026-08-20,Менеджер 5,Могилёв,офисные столы,1,0,0.0,0.0,0.0,новый,сайт,True
5644,2026-08-20,Менеджер 2,Витебск,офисные столы,1,0,0.0,0.0,0.0,повторный,партнёр,True
5645,2026-08-20,Менеджер 2,Витебск,офисные кресла,1,0,0.0,0.0,0.0,повторный,партнёр,True
5646,2026-08-20,Менеджер 4,Витебск,офисные кресла,1,0,0.0,0.0,0.0,новый,звонок,True
5647,2026-08-20,Менеджер 4,Могилёв,шкафы,1,0,0.0,0.0,0.0,новый,партнёр,True
5648,2026-08-20,Менеджер 2,Могилёв,шкафы,1,0,0.0,0.0,0.0,новый,реклама,True
5649,2026-08-20,Менеджер 3,Брест,офисные столы,1,1,767.2,227.43,0.083,новый,партнёр,True
5650,2026-08-20,Менеджер 1,Могилёв,офисные кресла,1,0,0.0,0.0,0.0,повторный,реклама,True
5651,2026-08-20,Менеджер 2,Брест,шкафы,1,0,0.0,0.0,0.0,новый,партнёр,True
5652,2026-08-21,Менеджер 3,Витебск,офисные кресла,1,0,0.0,0.0,0.0,новый,партнёр,True
5653,2026-08-21,Менеджер 5,Гомель,офисные столы,1,1,1054.98,287.91,0.084,новый,сайт,True
5654,2026-08-21,Менеджер 4,Могилёв,офисные столы,1,0,0.0,0.0,0.0,новый,реклама,True
5655,2026-08-21,Менеджер 2,Гомель,шкафы,1,0,0.0,0.0,0.0,новый,звонок,True
5656,2026-08-21,Менеджер 4,Гомель,офисные кресла,1,1,576.06,174.04,0.074,новый,звонок,True
5657,2026-08-21,Менеджер 5,Брест,шкафы,1,0,0.0,0.0,0.0,новый,звонок,True
5658,2026-08-21,Менеджер 5,Могилёв,офисные кресла,1,0,0.0,0.0,0.0,повторный,сайт,True
5659,2026-08-21,Менеджер 1,Гродно,офисные столы,1,0,0.0,0.0,0.0,новый,реклама,True
5660,2026-08-21,Менеджер 1,Гродно,офисные столы,1,0,0.0,0.0,0.0,новый,звонок,True
5661,2026-08-21,Менеджер 2,Могилёв,шкафы,1,0,0.0,0.0,0.0,новый,сайт,True
5662,2026-08-21,Менеджер 3,Могилёв,шкафы,1,1,1191.96,357.63,0.087,повторный,партнёр,True
5663,2026-08-21,Менеджер 2,Брест,офисные столы,1,1,989.25,332.94,0.037,новый,звонок,True
5664,2026-08-21,Менеджер 4,Гомель,офисные кресла,1,1,520.07,194.25,0.015,новый,сайт,True
5665,2026-08-21,Менеджер 1,Брест,шкафы,1,0,0.0,0.0,0.0,новый,звонок,True
5666,2026-08-21,Менеджер 3,Витебск,шкафы,1,0,0.0,0.0,0.0,новый,партнёр,True
5667,2026-08-21,Менеджер 1,Витебск,шкафы,1,1,1436.26,373.1,0.048,повторный,звонок,True
5668,2026-08-21,Менеджер 2,Брест,офисные столы,1,1,1104.39,277.87,0.096,повторный,сайт,True
5669,2026-08-21,Менеджер 4,Брест,шкафы,1,1,1003.51,235.67,0.05,новый,партнёр,True
5670,2026-08-21,Менеджер 2,Гродно,офисные столы,1,0,0.0,0.0,0.0,новый,сайт,True
5671,2026-08-21,Менеджер 3,Могилёв,шкафы,1,1,1376.09,392.91,0.063,новый,сайт,True
5672,2026-08-21,Менеджер 5,Брест,офисные столы,1,0,0.0,0.0,0.0,повторный,реклама,True
5673,2026-08-21,Менеджер 5,Брест,офисные кресла,1,0,0.0,0.0,0.0,новый,сайт,True
5674,2026-08-21,Менеджер 2,Брест,шкафы,1,0,0.0,0.0,0.0,новый,сайт,True
5675,2026-08-21,Менеджер 2,Брест,офисные кресла,1,0,0.0,0.0,0.0,новый,звонок,True
5676,2026-08-21,Менеджер 1,Гродно,шкафы,1,0,0.0,0.0,0.0,новый,реклама,True
5677,2026-08-21,Менеджер 4,Витебск,шкафы,1,0,0.0,0.0,0.0,новый,партнёр,True
5678,2026-08-21,Менеджер 2,Гродно,шкафы,1,0,0.0,0.0,0.0,повторный,партнёр,True
5679,2026-08-21,Менеджер 5,Гродно,шкафы,1,1,1428.61,396.62,0.105,новый,партнёр,True
5680,2026-08-21,Менеджер 5,Гомель,шкафы,1,0,0.0,0.0,0.0,новый,сайт,True
5681,2026-08-21,Менеджер 3,Могилёв,шкафы,1,1,1583.03,455.86,0.009,новый,реклама,True
5682,2026-08-21,Менеджер 2,Гродно,офисные столы,1,0,0.0,0.0,0.0,новый,звонок,True
5683,2026-08-21,Менеджер 4,Брест,офисные кресла,1,1,681.31,203.45,0.06,новый,реклама,True
5684,2026-08-21,Менеджер 2,Могилёв,офисные столы,1,0,0.0,0.0,0.0,новый,партнёр,True
5685,2026-08-21,Менеджер 4,Гродно,офисные столы,1,0,0.0,0.0,0.0,повторный,реклама,True
5686,2026-08-21,Менеджер 4,Гомель,офисные столы,1,0,0.0,0.0,0.0,новый,звонок,True
5687,2026-08-21,Менеджер 1,Гродно,офисные кресла,1,0,0.0,0.0,0.0,повторный,сайт,True
5688,2026-08-21,Менеджер 2,Брест,офисные столы,1,0,0.0,0.0,0.0,повторный,реклама,True
5689,2026-08-21,Менеджер 1,Витебск,офисные столы,1,0,0.0,0.0,0.0,повторный,партнёр,True
5690,2026-08-21,Менеджер 4,Могилёв,офисные кресла,1,0,0.0,0.0,0.0,новый,партнёр,True
5691,2026-08-21,Менеджер 4,Гродно,шкафы,1,1,988.4,306.53,0.064,новый,звонок,True
5692,2026-08-21,Менеджер 2,Могилёв,офисные столы,1,0,0.0,0.0,0.0,повторный,сайт,True
5693,2026-08-21,Менеджер 3,Витебск,офисные кресла,1,0,0.0,0.0,0.0,повторный,звонок,True
5694,2026-08-21,Менеджер 5,Могилёв,офисные столы,1,0,0.0,0.0,0.0,новый,партнёр,True
5695,2026-08-21,Менеджер 5,Гродно,офисные столы,1,0,0.0,0.0,0.0,новый,звонок,True
5696,2026-08-21,Менеджер 1,Гродно,шкафы,1,1,1213.65,316.85,0.085,повторный,реклама,True
5697,2026-08-21,Менеджер 5,Гомель,офисные столы,1,0,0.0,0.0,0.0,новый,звонок,True
5698,2026-08-21,Менеджер 5,Витебск,офисные столы,1,0,0.0,0.0,0.0,новый,партнёр,True
5699,2026-08-22,Менеджер 3,Гродно,шкафы,1,0,0.0,0.0,0.0,новый,сайт,True
5700,2026-08-22,Менеджер 2,Витебск,шкафы,1,0,0.0,0.0,0.0,новый,звонок,True
5701,2026-08-22,Менеджер 4,Могилёв,офисные кресла,1,0,0.0,0.0,0.0,новый,звонок,True
5702,2026-08-22,Менеджер 5,Гомель,офисные кресла,1,0,0.0,0.0,0.0,новый,звонок,True
5703,2026-08-22,Менеджер 1,Брест,шкафы,1,0,0.0,0.0,0.0,новый,сайт,True
5704,2026-08-22,Менеджер 2,Витебск,шкафы,1,0,0.0,0.0,0.0,новый,сайт,True
5705,2026-08-22,Менеджер 2,Витебск,офисные столы,1,0,0.0,0.0,0.0,новый,сайт,True
5706,2026-08-22,Менеджер 3,Гомель,шкафы,1,0,0.0,0.0,0.0,повторный,звонок,True
5707,2026-08-22,Менеджер 3,Гомель,шкафы,1,1,1189.55,285.68,0.061,новый,реклама,True
5708,2026-08-22,Менеджер 5,Гомель,офисные столы,1,0,0.0,0.0,0.0,новый,реклама,True
5709,2026-08-22,Менеджер 5,Гомель,офисные кресла,1,0,0.0,0.0,0.0,новый,партнёр,True
5710,2026-08-22,Менеджер 2,Витебск,офисные кресла,1,0,0.0,0.0,0.0,новый,сайт,True
5711,2026-08-22,Менеджер 3,Брест,офисные столы,1,1,890.39,245.83,0.104,новый,реклама,True
5712,2026-08-22,Менеджер 1,Могилёв,офисные кресла,1,0,0.0,0.0,0.0,повторный,звонок,True
5713,2026-08-22,Менеджер 5,Гомель,офисные столы,1,0,0.0,0.0,0.0,повторный,реклама,True
5714,2026-08-22,Менеджер 3,Могилёв,офисные кресла,1,0,0.0,0.0,0.0,новый,звонок,True
5715,2026-08-22,Менеджер 5,Брест,офисные кресла,1,1,606.72,177.99,0.126,новый,сайт,True
5716,2026-08-22,Менеджер 2,Могилёв,шкафы,1,0,0.0,0.0,0.0,новый,партнёр,True
5717,2026-08-22,Менеджер 4,Могилёв,офисные кресла,1,0,0.0,0.0,0.0,повторный,партнёр,True
5718,2026-08-22,Менеджер 5,Брест,офисные столы,1,0,0.0,0.0,0.0,повторный,звонок,True
5719,2026-08-22,Менеджер 3,Витебск,шкафы,1,0,0.0,0.0,0.0,повторный,партнёр,True
5720,2026-08-22,Менеджер 1,Могилёв,офисные столы,1,1,943.93,305.73,0.029,повторный,сайт,True
5721,2026-08-22,Менеджер 2,Гомель,шкафы,1,0,0.0,0.0,0.0,новый,реклама,True
5722,2026-08-22,Менеджер 4,Гомель,офисные кресла,1,0,0.0,0.0,0.0,повторный,звонок,True
5723,2026-08-22,Менеджер 4,Брест,офисные столы,1,0,0.0,0.0,0.0,повторный,партнёр,True
5724,2026-08-22,Менеджер 5,Могилёв,офисные кресла,1,0,0.0,0.0,0.0,новый,сайт,True
5725,2026-08-22,Менеджер 1,Гродно,офисные кресла,1,0,0.0,0.0,0.0,новый,партнёр,True
5726,2026-08-22,Менеджер 3,Витебск,офисные кресла,1,0,0.0,0.0,0.0,новый,сайт,True
5727,2026-08-22,Менеджер 4,Могилёв,шкафы,1,0,0.0,0.0,0.0,повторный,реклама,True
5728,2026-08-22,Менеджер 2,Гомель,шкафы,1,1,1069.74,323.25,0.047,повторный,сайт,True
5729,2026-08-22,Менеджер 3,Брест,офисные кресла,1,0,0.0,0.0,0.0,новый,звонок,True
5730,2026-08-22,Менеджер 5,Могилёв,шкафы,1,0,0.0,0.0,0.0,новый,реклама,True
5731,2026-08-22,Менеджер 2,Гомель,шкафы,1,0,0.0,0.0,0.0,новый,звонок,True
5732,2026-08-22,Менеджер 5,Гродно,шкафы,1,0,0.0,0.0,0.0,новый,реклама,True
5733,2026-08-22,Менеджер 3,Гомель,шкафы,1,1,1479.06,389.97,0.086,повторный,сайт,True
5734,2026-08-22,Менеджер 5,Витебск,офисные кресла,1,0,0.0,0.0,0.0,новый,реклама,True
5735,2026-08-22,Менеджер 1,Брест,шкафы,1,1,1321.62,316.23,0.105,новый,звонок,True
5736,2026-08-22,Менеджер 5,Гродно,шкафы,1,1,1234.2,318.46,0.049,новый,партнёр,True
5737,2026-08-22,Менеджер 1,Витебск,шкафы,1,0,0.0,0.0,0.0,новый,реклама,True
5738,2026-08-22,Менеджер 4,Могилёв,шкафы,1,1,1054.3,298.05,0.07,новый,реклама,True
5739,2026-08-22,Менеджер 4,Могилёв,шкафы,1,0,0.0,0.0,0.0,новый,реклама,True
5740,2026-08-22,Менеджер 2,Гомель,офисные кресла,1,1,834.53,298.31,0.0,новый,звонок,True
5741,2026-08-22,Менеджер 4,Гродно,офисные кресла,1,1,820.88,253.12,0.073,новый,партнёр,True
5742,2026-08-22,Менеджер 2,Гродно,офисные столы,1,1,1103.06,302.53,0.068,новый,звонок,True
5743,2026-08-22,Менеджер 1,Гомель,шкафы,1,0,0.0,0.0,0.0,повторный,звонок,True
5744,2026-08-23,Менеджер 4,Брест,шкафы,1,0,0.0,0.0,0.0,новый,сайт,True
5745,2026-08-23,Менеджер 3,Брест,офисные кресла,1,1,580.89,176.0,0.017,новый,сайт,True
5746,2026-08-23,Менеджер 3,Могилёв,шкафы,1,0,0.0,0.0,0.0,новый,звонок,True
5747,2026-08-23,Менеджер 5,Гомель,шкафы,1,0,0.0,0.0,0.0,повторный,партнёр,True
5748,2026-08-23,Менеджер 4,Гродно,офисные кресла,1,0,0.0,0.0,0.0,повторный,звонок,True
5749,2026-08-23,Менеджер 1,Могилёв,шкафы,1,1,994.9,286.83,0.17,новый,партнёр,True
5750,2026-08-23,Менеджер 5,Витебск,офисные кресла,1,0,0.0,0.0,0.0,новый,реклама,True
5751,2026-08-23,Менеджер 2,Могилёв,офисные столы,1,0,0.0,0.0,0.0,новый,звонок,True
5752,2026-08-23,Менеджер 3,Витебск,офисные кресла,1,0,0.0,0.0,0.0,повторный,звонок,True
5753,2026-08-23,Менеджер 4,Брест,офисные кресла,1,0,0.0,0.0,0.0,повторный,звонок,True
5754,2026-08-23,Менеджер 1,Витебск,офисные столы,1,1,908.12,293.25,0.084,новый,реклама,True
5755,2026-08-23,Менеджер 3,Гомель,офисные кресла,1,1,704.78,258.87,0.053,повторный,звонок,True
5756,2026-08-23,Менеджер 5,Могилёв,офисные столы,1,1,1072.39,313.96,0.088,новый,звонок,True
5757,2026-08-23,Менеджер 3,Гомель,офисные столы,1,0,0.0,0.0,0.0,повторный,сайт,True
5758,2026-08-23,Менеджер 5,Гомель,шкафы,1,1,1469.23,418.31,0.038,новый,сайт,True
5759,2026-08-23,Менеджер 1,Могилёв,шкафы,1,0,0.0,0.0,0.0,новый,звонок,True
5760,2026-08-23,Менеджер 4,Гродно,офисные кресла,1,0,0.0,0.0,0.0,повторный,реклама,True
5761,2026-08-23,Менеджер 5,Могилёв,офисные кресла,1,0,0.0,0.0,0.0,повторный,звонок,True
5762,2026-08-23,Менеджер 5,Брест,офисные кресла,1,0,0.0,0.0,0.0,новый,партнёр,True
5763,2026-08-23,Менеджер 3,Брест,офисные столы,1,0,0.0,0.0,0.0,новый,сайт,True
5764,2026-08-23,Менеджер 1,Гродно,шкафы,1,1,920.46,262.42,0.133,новый,реклама,True
5765,2026-08-23,Менеджер 2,Гомель,офисные столы,1,0,0.0,0.0,0.0,повторный,звонок,True
5766,2026-08-23,Менеджер 4,Гомель,шкафы,1,0,0.0,0.0,0.0,новый,реклама,True
5767,2026-08-23,Менеджер 5,Могилёв,шкафы,1,1,1066.08,312.49,0.029,новый,реклама,True
5768,2026-08-23,Менеджер 3,Гродно,офисные кресла,1,0,0.0,0.0,0.0,повторный,реклама,True
5769,2026-08-23,Менеджер 5,Брест,офисные столы,1,0,0.0,0.0,0.0,новый,звонок,True
5770,2026-08-23,Менеджер 2,Гродно,офисные кресла,1,1,667.35,187.64,0.118,новый,сайт,True
5771,2026-08-23,Менеджер 5,Витебск,офисные кресла,1,1,800.24,289.49,0.089,повторный,реклама,True
5772,2026-08-23,Менеджер 4,Могилёв,офисные столы,1,0,0.0,0.0,0.0,новый,сайт,True
5773,2026-08-23,Менеджер 4,Брест,офисные кресла,1,1,700.05,204.97,0.053,новый,партнёр,True
5774,2026-08-23,Менеджер 5,Гомель,офисные столы,1,1,824.19,215.83,0.086,новый,звонок,True
5775,2026-08-23,Менеджер 5,Брест,шкафы,1,1,1114.93,257.1,0.095,новый,сайт,True
5776,2026-08-23,Менеджер 3,Брест,офисные кресла,1,0,0.0,0.0,0.0,повторный,реклама,True
5777,2026-08-23,Менеджер 5,Гродно,офисные кресла,1,0,0.0,0.0,0.0,новый,звонок,True
5778,2026-08-23,Менеджер 4,Могилёв,шкафы,1,0,0.0,0.0,0.0,новый,реклама,True
5779,2026-08-23,Менеджер 5,Витебск,офисные столы,1,0,0.0,0.0,0.0,повторный,партнёр,True
5780,2026-08-23,Менеджер 4,Гомель,офисные кресла,1,0,0.0,0.0,0.0,новый,сайт,True
5781,2026-08-23,Менеджер 5,Брест,офисные столы,1,1,1090.95,298.15,0.087,новый,сайт,True
5782,2026-08-23,Менеджер 5,Брест,офисные столы,1,0,0.0,0.0,0.0,новый,реклама,True
5783,2026-08-23,Менеджер 4,Витебск,шкафы,1,0,0.0,0.0,0.0,повторный,реклама,True
5784,2026-08-23,Менеджер 4,Брест,офисные кресла,1,0,0.0,0.0,0.0,новый,сайт,True
5785,2026-08-23,Менеджер 5,Витебск,офисные столы,1,0,0.0,0.0,0.0,повторный,реклама,True
5786,2026-08-23,Менеджер 1,Брест,шкафы,1,0,0.0,0.0,0.0,новый,реклама,True
5787,2026-08-23,Менеджер 2,Могилёв,офисные кресла,1,0,0.0,0.0,0.0,повторный,звонок,True
5788,2026-08-23,Менеджер 4,Гродно,офисные кресла,1,0,0.0,0.0,0.0,новый,сайт,True
5789,2026-08-23,Менеджер 1,Гродно,офисные кресла,1,0,0.0,0.0,0.0,повторный,сайт,True
5790,2026-08-23,Менеджер 1,Гродно,офисные кресла,1,1,691.48,236.37,0.143,повторный,реклама,True
5791,2026-08-23,Менеджер 1,Витебск,офисные кресла,1,0,0.0,0.0,0.0,новый,сайт,True
5792,2026-08-23,Менеджер 1,Гродно,офисные столы,1,1,857.74,210.91,0.103,новый,реклама,True
5793,2026-08-23,Менеджер 5,Гродно,офисные столы,1,1,747.91,212.83,0.153,повторный,сайт,True
5794,2026-08-24,Менеджер 3,Витебск,шкафы,1,0,0.0,0.0,0.0,повторный,сайт,True
5795,2026-08-24,Менеджер 2,Гомель,шкафы,1,0,0.0,0.0,0.0,новый,партнёр,True
5796,2026-08-24,Менеджер 4,Гродно,офисные кресла,1,1,525.87,194.07,0.085,новый,сайт,True
5797,2026-08-24,Менеджер 3,Брест,офисные кресла,1,0,0.0,0.0,0.0,повторный,сайт,True
5798,2026-08-24,Менеджер 5,Витебск,шкафы,1,0,0.0,0.0,0.0,новый,реклама,True
5799,2026-08-24,Менеджер 2,Гродно,шкафы,1,1,944.71,272.1,0.133,новый,партнёр,True
5800,2026-08-24,Менеджер 5,Брест,шкафы,1,0,0.0,0.0,0.0,новый,сайт,True
5801,2026-08-24,Менеджер 3,Брест,офисные кресла,1,0,0.0,0.0,0.0,новый,реклама,True
5802,2026-08-24,Менеджер 4,Витебск,офисные кресла,1,0,0.0,0.0,0.0,новый,реклама,True
5803,2026-08-24,Менеджер 3,Витебск,офисные столы,1,0,0.0,0.0,0.0,новый,партнёр,True
5804,2026-08-24,Менеджер 3,Могилёв,офисные кресла,1,0,0.0,0.0,0.0,повторный,реклама,True
5805,2026-08-24,Менеджер 1,Витебск,офисные кресла,1,1,641.71,223.23,0.119,повторный,сайт,True
5806,2026-08-24,Менеджер 5,Могилёв,шкафы,1,1,1239.42,394.42,0.017,новый,реклама,True
5807,2026-08-24,Менеджер 5,Брест,шкафы,1,1,1152.02,358.62,0.011,повторный,партнёр,True
5808,2026-08-24,Менеджер 1,Гродно,офисные кресла,1,0,0.0,0.0,0.0,новый,партнёр,True
5809,2026-08-24,Менеджер 1,Могилёв,офисные столы,1,0,0.0,0.0,0.0,новый,звонок,True
5810,2026-08-24,Менеджер 4,Могилёв,офисные кресла,1,1,821.76,237.59,0.095,повторный,сайт,True
5811,2026-08-24,Менеджер 4,Могилёв,офисные кресла,1,0,0.0,0.0,0.0,повторный,звонок,True
5812,2026-08-24,Менеджер 3,Гродно,шкафы,1,0,0.0,0.0,0.0,новый,звонок,True
5813,2026-08-24,Менеджер 2,Могилёв,офисные кресла,1,1,741.45,267.8,0.125,новый,партнёр,True
5814,2026-08-24,Менеджер 1,Витебск,шкафы,1,0,0.0,0.0,0.0,повторный,партнёр,True
5815,2026-08-24,Менеджер 5,Витебск,шкафы,1,0,0.0,0.0,0.0,новый,сайт,True
5816,2026-08-24,Менеджер 2,Витебск,офисные столы,1,1,983.92,302.81,0.065,новый,реклама,True
5817,2026-08-24,Менеджер 3,Витебск,офисные столы,1,0,0.0,0.0,0.0,новый,реклама,True
5818,2026-08-24,Менеджер 4,Могилёв,шкафы,1,0,0.0,0.0,0.0,повторный,сайт,True
5819,2026-08-24,Менеджер 1,Брест,офисные столы,1,0,0.0,0.0,0.0,новый,реклама,True
5820,2026-08-24,Менеджер 5,Могилёв,офисные столы,1,1,852.57,241.36,0.061,новый,партнёр,True
5821,2026-08-24,Менеджер 3,Витебск,офисные кресла,1,0,0.0,0.0,0.0,новый,реклама,True
5822,2026-08-24,Менеджер 5,Гродно,офисные кресла,1,0,0.0,0.0,0.0,новый,реклама,True
5823,2026-08-24,Менеджер 2,Витебск,офисные кресла,1,0,0.0,0.0,0.0,новый,звонок,True
5824,2026-08-24,Менеджер 4,Витебск,офисные кресла,1,1,542.06,193.87,0.072,новый,звонок,True
5825,2026-08-24,Менеджер 5,Могилёв,офисные столы,1,1,883.64,251.58,0.125,новый,реклама,True
5826,2026-08-24,Менеджер 3,Витебск,офисные кресла,1,0,0.0,0.0,0.0,новый,реклама,True
5827,2026-08-24,Менеджер 4,Брест,шкафы,1,1,1451.59,336.88,0.16,новый,партнёр,True
5828,2026-08-24,Менеджер 5,Могилёв,шкафы,1,1,1455.15,374.55,0.044,новый,звонок,True
5829,2026-08-24,Менеджер 5,Могилёв,шкафы,1,0,0.0,0.0,0.0,новый,звонок,True
5830,2026-08-24,Менеджер 4,Гомель,офисные столы,1,0,0.0,0.0,0.0,повторный,сайт,True
5831,2026-08-24,Менеджер 4,Гродно,офисные столы,1,1,1088.21,330.37,0.053,новый,партнёр,True
5832,2026-08-24,Менеджер 1,Гродно,офисные столы,1,0,0.0,0.0,0.0,новый,партнёр,True
5833,2026-08-24,Менеджер 5,Могилёв,шкафы,1,1,1255.95,338.57,0.128,новый,звонок,True
5834,2026-08-24,Менеджер 4,Гродно,офисные кресла,1,0,0.0,0.0,0.0,повторный,партнёр,True
5835,2026-08-24,Менеджер 5,Гомель,офисные кресла,1,0,0.0,0.0,0.0,новый,сайт,True
5836,2026-08-24,Менеджер 4,Витебск,офисные кресла,1,0,0.0,0.0,0.0,новый,сайт,True
5837,2026-08-24,Менеджер 3,Гродно,шкафы,1,1,1286.04,381.11,0.046,новый,реклама,True
5838,2026-08-24,Менеджер 3,Витебск,офисные столы,1,0,0.0,0.0,0.0,повторный,партнёр,True
5839,2026-08-24,Менеджер 4,Могилёв,офисные столы,1,0,0.0,0.0,0.0,новый,реклама,True
5840,2026-08-24,Менеджер 3,Гомель,офисные кресла,1,0,0.0,0.0,0.0,повторный,звонок,True
5841,2026-08-25,Менеджер 2,Витебск,шкафы,1,0,0.0,0.0,0.0,повторный,звонок,True
5842,2026-08-25,Менеджер 4,Гродно,офисные столы,1,0,0.0,0.0,0.0,новый,партнёр,True
5843,2026-08-25,Менеджер 1,Витебск,офисные кресла,1,0,0.0,0.0,0.0,новый,реклама,True
5844,2026-08-25,Менеджер 4,Витебск,офисные столы,1,0,0.0,0.0,0.0,повторный,сайт,True
5845,2026-08-25,Менеджер 5,Могилёв,офисные кресла,1,0,0.0,0.0,0.0,повторный,реклама,True
5846,2026-08-25,Менеджер 4,Брест,офисные столы,1,1,1108.85,274.04,0.112,новый,звонок,True
5847,2026-08-25,Менеджер 2,Брест,офисные кресла,1,0,0.0,0.0,0.0,новый,звонок,True
5848,2026-08-25,Менеджер 3,Могилёв,офисные кресла,1,0,0.0,0.0,0.0,новый,реклама,True
5849,2026-08-25,Менеджер 5,Гродно,офисные столы,1,1,679.5,168.91,0.09,повторный,партнёр,True
5850,2026-08-25,Менеджер 4,Гомель,офисные столы,1,0,0.0,0.0,0.0,новый,партнёр,True
5851,2026-08-25,Менеджер 2,Витебск,шкафы,1,0,0.0,0.0,0.0,повторный,сайт,True
5852,2026-08-25,Менеджер 4,Витебск,офисные кресла,1,1,493.84,183.23,0.019,повторный,сайт,True
5853,2026-08-25,Менеджер 1,Гродно,офисные кресла,1,0,0.0,0.0,0.0,новый,звонок,True
5854,2026-08-25,Менеджер 4,Могилёв,шкафы,1,0,0.0,0.0,0.0,новый,звонок,True
5855,2026-08-25,Менеджер 5,Брест,офисные столы,1,1,965.58,301.66,0.09,новый,реклама,True
5856,2026-08-25,Менеджер 1,Брест,офисные кресла,1,0,0.0,0.0,0.0,новый,партнёр,True
5857,2026-08-25,Менеджер 5,Гомель,офисные кресла,1,1,770.34,258.36,0.135,новый,сайт,True
5858,2026-08-25,Менеджер 3,Могилёв,офисные столы,1,0,0.0,0.0,0.0,повторный,сайт,True
5859,2026-08-25,Менеджер 1,Гродно,офисные столы,1,0,0.0,0.0,0.0,повторный,сайт,True
5860,2026-08-25,Менеджер 5,Брест,шкафы,1,1,1073.28,278.33,0.0,новый,звонок,True
5861,2026-08-25,Менеджер 4,Гродно,офисные кресла,1,1,692.0,233.87,0.1,новый,звонок,True
5862,2026-08-25,Менеджер 2,Гродно,офисные кресла,1,0,0.0,0.0,0.0,новый,реклама,True
5863,2026-08-25,Менеджер 2,Гродно,офисные столы,1,0,0.0,0.0,0.0,новый,сайт,True
5864,2026-08-25,Менеджер 2,Брест,офисные столы,1,0,0.0,0.0,0.0,повторный,сайт,True
5865,2026-08-25,Менеджер 3,Могилёв,офисные столы,1,0,0.0,0.0,0.0,повторный,звонок,True
5866,2026-08-25,Менеджер 4,Брест,офисные кресла,1,0,0.0,0.0,0.0,повторный,партнёр,True
5867,2026-08-25,Менеджер 1,Гомель,офисные столы,1,0,0.0,0.0,0.0,новый,сайт,True
5868,2026-08-25,Менеджер 2,Гомель,офисные кресла,1,1,773.21,288.72,0.105,повторный,реклама,True
5869,2026-08-25,Менеджер 3,Гомель,шкафы,1,1,1468.41,438.61,0.134,новый,реклама,True
5870,2026-08-25,Менеджер 2,Гродно,офисные столы,1,0,0.0,0.0,0.0,повторный,звонок,True
5871,2026-08-25,Менеджер 2,Брест,офисные кресла,1,0,0.0,0.0,0.0,новый,сайт,True
5872,2026-08-25,Менеджер 5,Брест,офисные столы,1,0,0.0,0.0,0.0,новый,реклама,True
5873,2026-08-25,Менеджер 1,Гомель,офисные кресла,1,0,0.0,0.0,0.0,новый,реклама,True
5874,2026-08-25,Менеджер 1,Витебск,офисные кресла,1,0,0.0,0.0,0.0,повторный,реклама,True
5875,2026-08-25,Менеджер 1,Брест,шкафы,1,0,0.0,0.0,0.0,новый,партнёр,True
5876,2026-08-25,Менеджер 3,Витебск,офисные кресла,1,0,0.0,0.0,0.0,новый,сайт,True
5877,2026-08-25,Менеджер 4,Гродно,шкафы,1,1,1218.3,357.98,0.067,новый,партнёр,True
5878,2026-08-25,Менеджер 3,Гродно,офисные кресла,1,0,0.0,0.0,0.0,новый,реклама,True
5879,2026-08-25,Менеджер 3,Гродно,шкафы,1,0,0.0,0.0,0.0,повторный,партнёр,True
5880,2026-08-25,Менеджер 2,Могилёв,офисные столы,1,1,689.74,202.64,0.07,новый,сайт,True
5881,2026-08-25,Менеджер 5,Витебск,офисные кресла,1,0,0.0,0.0,0.0,повторный,реклама,True
5882,2026-08-25,Менеджер 1,Могилёв,офисные столы,1,1,965.93,257.53,0.013,повторный,звонок,True
5883,2026-08-25,Менеджер 1,Гродно,шкафы,1,0,0.0,0.0,0.0,новый,звонок,True
5884,2026-08-25,Менеджер 5,Витебск,офисные кресла,1,1,537.54,194.85,0.055,повторный,партнёр,True
5885,2026-08-25,Менеджер 5,Витебск,офисные кресла,1,0,0.0,0.0,0.0,новый,партнёр,True
5886,2026-08-25,Менеджер 5,Витебск,офисные кресла,1,0,0.0,0.0,0.0,новый,сайт,True
5887,2026-08-26,Менеджер 5,Могилёв,офисные кресла,1,0,0.0,0.0,0.0,новый,партнёр,True
5888,2026-08-26,Менеджер 1,Витебск,офисные столы,1,0,0.0,0.0,0.0,новый,партнёр,True
5889,2026-08-26,Менеджер 3,Гродно,офисные кресла,1,0,0.0,0.0,0.0,новый,партнёр,True
5890,2026-08-26,Менеджер 2,Брест,офисные столы,1,1,781.25,227.96,0.027,новый,реклама,True
5891,2026-08-26,Менеджер 1,Гомель,офисные кресла,1,0,0.0,0.0,0.0,повторный,партнёр,True
5892,2026-08-26,Менеджер 1,Брест,шкафы,1,0,0.0,0.0,0.0,новый,сайт,True
5893,2026-08-26,Менеджер 1,Могилёв,офисные столы,1,1,712.94,243.25,0.005,повторный,сайт,True
5894,2026-08-26,Менеджер 1,Брест,шкафы,1,0,0.0,0.0,0.0,повторный,звонок,True
5895,2026-08-26,Менеджер 5,Гомель,офисные кресла,1,0,0.0,0.0,0.0,новый,реклама,True
5896,2026-08-26,Менеджер 2,Гродно,офисные кресла,1,0,0.0,0.0,0.0,новый,партнёр,True
5897,2026-08-26,Менеджер 1,Гомель,шкафы,1,0,0.0,0.0,0.0,новый,реклама,True
5898,2026-08-26,Менеджер 4,Могилёв,офисные столы,1,0,0.0,0.0,0.0,новый,реклама,True
5899,2026-08-26,Менеджер 1,Витебск,офисные кресла,1,1,469.75,174.62,0.11,новый,сайт,True
5900,2026-08-26,Менеджер 5,Гродно,офисные столы,1,1,868.59,236.89,0.007,повторный,реклама,True
5901,2026-08-26,Менеджер 2,Могилёв,офисные столы,1,0,0.0,0.0,0.0,повторный,звонок,True
5902,2026-08-26,Менеджер 5,Гомель,шкафы,1,0,0.0,0.0,0.0,повторный,партнёр,True
5903,2026-08-26,Менеджер 2,Витебск,офисные столы,1,1,1065.68,271.04,0.052,новый,реклама,True
5904,2026-08-26,Менеджер 1,Могилёв,офисные кресла,1,0,0.0,0.0,0.0,повторный,звонок,True
5905,2026-08-26,Менеджер 2,Гомель,шкафы,1,0,0.0,0.0,0.0,повторный,звонок,True
5906,2026-08-26,Менеджер 3,Брест,офисные кресла,1,1,599.58,214.28,0.06,новый,звонок,True
5907,2026-08-26,Менеджер 3,Витебск,шкафы,1,0,0.0,0.0,0.0,новый,звонок,True
5908,2026-08-26,Менеджер 1,Гродно,шкафы,1,0,0.0,0.0,0.0,повторный,звонок,True
5909,2026-08-26,Менеджер 2,Брест,офисные кресла,1,0,0.0,0.0,0.0,новый,партнёр,True
5910,2026-08-26,Менеджер 1,Гомель,шкафы,1,1,1437.61,424.76,0.068,новый,сайт,True
5911,2026-08-26,Менеджер 5,Витебск,шкафы,1,1,1188.24,277.81,0.06,новый,звонок,True
5912,2026-08-26,Менеджер 2,Витебск,офисные кресла,1,1,741.39,260.83,0.133,новый,реклама,True
5913,2026-08-26,Менеджер 1,Могилёв,офисные столы,1,1,873.97,248.32,0.077,новый,реклама,True
5914,2026-08-26,Менеджер 1,Гомель,офисные столы,1,0,0.0,0.0,0.0,новый,звонок,True
5915,2026-08-26,Менеджер 4,Брест,шкафы,1,0,0.0,0.0,0.0,новый,реклама,True
5916,2026-08-26,Менеджер 5,Гродно,офисные столы,1,0,0.0,0.0,0.0,новый,звонок,True
5917,2026-08-26,Менеджер 3,Гомель,шкафы,1,1,1125.8,347.44,0.087,новый,партнёр,True
5918,2026-08-26,Менеджер 1,Могилёв,шкафы,1,0,0.0,0.0,0.0,повторный,партнёр,True
5919,2026-08-26,Менеджер 5,Витебск,офисные кресла,1,0,0.0,0.0,0.0,повторный,сайт,True
5920,2026-08-26,Менеджер 4,Брест,офисные столы,1,0,0.0,0.0,0.0,повторный,звонок,True
5921,2026-08-26,Менеджер 3,Могилёв,офисные столы,1,1,878.07,269.87,0.036,повторный,партнёр,True
5922,2026-08-26,Менеджер 1,Брест,офисные кресла,1,1,688.74,251.94,0.124,повторный,реклама,True
5923,2026-08-26,Менеджер 5,Брест,офисные столы,1,0,0.0,0.0,0.0,повторный,сайт,True
5924,2026-08-26,Менеджер 4,Витебск,шкафы,1,0,0.0,0.0,0.0,новый,реклама,True
5925,2026-08-26,Менеджер 1,Брест,офисные столы,1,0,0.0,0.0,0.0,новый,реклама,True
5926,2026-08-26,Менеджер 3,Брест,шкафы,1,0,0.0,0.0,0.0,повторный,звонок,True
5927,2026-08-26,Менеджер 2,Могилёв,шкафы,1,0,0.0,0.0,0.0,новый,сайт,True
5928,2026-08-26,Менеджер 4,Гомель,шкафы,1,1,1316.89,312.11,0.026,новый,звонок,True
5929,2026-08-26,Менеджер 5,Могилёв,шкафы,1,0,0.0,0.0,0.0,новый,реклама,True
5930,2026-08-27,Менеджер 5,Могилёв,шкафы,1,0,0.0,0.0,0.0,повторный,сайт,True
5931,2026-08-27,Менеджер 1,Гродно,шкафы,1,0,0.0,0.0,0.0,повторный,реклама,True
5932,2026-08-27,Менеджер 4,Витебск,шкафы,1,0,0.0,0.0,0.0,повторный,партнёр,True
5933,2026-08-27,Менеджер 1,Брест,шкафы,1,0,0.0,0.0,0.0,новый,звонок,True
5934,2026-08-27,Менеджер 2,Гомель,офисные кресла,1,1,618.75,183.15,0.07,новый,партнёр,True
5935,2026-08-27,Менеджер 3,Гродно,офисные столы,1,0,0.0,0.0,0.0,новый,реклама,True
5936,2026-08-27,Менеджер 3,Гродно,шкафы,1,0,0.0,0.0,0.0,новый,реклама,True
5937,2026-08-27,Менеджер 5,Гомель,офисные кресла,1,0,0.0,0.0,0.0,новый,реклама,True
5938,2026-08-27,Менеджер 3,Могилёв,офисные столы,1,1,627.07,196.52,0.157,повторный,сайт,True
5939,2026-08-27,Менеджер 4,Витебск,шкафы,1,0,0.0,0.0,0.0,новый,партнёр,True
5940,2026-08-27,Менеджер 3,Могилёв,офисные столы,1,0,0.0,0.0,0.0,новый,партнёр,True
5941,2026-08-27,Менеджер 3,Брест,шкафы,1,1,991.8,263.28,0.085,повторный,реклама,True
5942,2026-08-27,Менеджер 3,Витебск,офисные столы,1,0,0.0,0.0,0.0,повторный,сайт,True
5943,2026-08-27,Менеджер 4,Витебск,офисные кресла,1,1,452.55,128.56,0.154,новый,партнёр,True
5944,2026-08-27,Менеджер 4,Гродно,шкафы,1,0,0.0,0.0,0.0,новый,партнёр,True
5945,2026-08-27,Менеджер 2,Гродно,шкафы,1,0,0.0,0.0,0.0,новый,звонок,True
5946,2026-08-27,Менеджер 5,Брест,офисные кресла,1,1,521.39,173.37,0.086,новый,реклама,True
5947,2026-08-27,Менеджер 1,Брест,офисные столы,1,1,708.21,181.97,0.126,новый,реклама,True
5948,2026-08-27,Менеджер 4,Могилёв,офисные столы,1,1,773.46,243.25,0.107,новый,сайт,True
5949,2026-08-27,Менеджер 5,Гомель,офисные кресла,1,1,525.09,162.38,0.063,повторный,реклама,True
5950,2026-08-27,Менеджер 4,Брест,офисные кресла,1,0,0.0,0.0,0.0,новый,звонок,True
5951,2026-08-27,Менеджер 4,Могилёв,шкафы,1,0,0.0,0.0,0.0,новый,партнёр,True
5952,2026-08-27,Менеджер 2,Гродно,офисные столы,1,0,0.0,0.0,0.0,повторный,партнёр,True
5953,2026-08-27,Менеджер 5,Витебск,офисные кресла,1,0,0.0,0.0,0.0,новый,реклама,True
5954,2026-08-27,Менеджер 4,Могилёв,офисные столы,1,0,0.0,0.0,0.0,новый,реклама,True
5955,2026-08-27,Менеджер 2,Гомель,офисные кресла,1,0,0.0,0.0,0.0,новый,партнёр,True
5956,2026-08-27,Менеджер 3,Брест,шкафы,1,0,0.0,0.0,0.0,новый,реклама,True
5957,2026-08-27,Менеджер 1,Гродно,шкафы,1,0,0.0,0.0,0.0,новый,реклама,True
5958,2026-08-27,Менеджер 3,Витебск,офисные кресла,1,1,832.72,237.4,0.072,новый,сайт,True
5959,2026-08-27,Менеджер 4,Могилёв,шкафы,1,1,977.41,284.65,0.061,повторный,реклама,True
5960,2026-08-27,Менеджер 2,Могилёв,офисные столы,1,0,0.0,0.0,0.0,новый,звонок,True
5961,2026-08-27,Менеджер 5,Витебск,шкафы,1,0,0.0,0.0,0.0,новый,партнёр,True
5962,2026-08-27,Менеджер 3,Могилёв,шкафы,1,1,1214.68,377.23,0.012,повторный,сайт,True
5963,2026-08-27,Менеджер 2,Гомель,офисные кресла,1,1,542.93,185.36,0.167,повторный,звонок,True
5964,2026-08-27,Менеджер 2,Гродно,офисные столы,1,0,0.0,0.0,0.0,новый,звонок,True
5965,2026-08-27,Менеджер 1,Витебск,офисные столы,1,0,0.0,0.0,0.0,повторный,партнёр,True
5966,2026-08-27,Менеджер 5,Брест,офисные кресла,1,0,0.0,0.0,0.0,новый,реклама,True
5967,2026-08-27,Менеджер 2,Брест,офисные кресла,1,0,0.0,0.0,0.0,новый,партнёр,True
5968,2026-08-27,Менеджер 2,Брест,шкафы,1,0,0.0,0.0,0.0,новый,сайт,True
5969,2026-08-27,Менеджер 4,Витебск,офисные кресла,1,1,543.2,204.51,0.054,новый,реклама,True
5970,2026-08-27,Менеджер 4,Гомель,шкафы,1,0,0.0,0.0,0.0,новый,партнёр,True
5971,2026-08-27,Менеджер 4,Могилёв,офисные кресла,1,0,0.0,0.0,0.0,новый,звонок,True
5972,2026-08-27,Менеджер 4,Гомель,шкафы,1,1,1285.77,327.05,0.088,новый,сайт,True
5973,2026-08-27,Менеджер 4,Гомель,офисные столы,1,0,0.0,0.0,0.0,новый,реклама,True
5974,2026-08-27,Менеджер 1,Гомель,офисные кресла,1,0,0.0,0.0,0.0,новый,реклама,True
5975,2026-08-27,Менеджер 1,Витебск,офисные столы,1,0,0.0,0.0,0.0,новый,сайт,True
5976,2026-08-27,Менеджер 2,Витебск,офисные столы,1,1,948.87,252.99,0.068,новый,партнёр,True
5977,2026-08-28,Менеджер 2,Гомель,офисные кресла,1,0,0.0,0.0,0.0,новый,реклама,True
5978,2026-08-28,Менеджер 5,Витебск,офисные кресла,1,0,0.0,0.0,0.0,повторный,сайт,True
5979,2026-08-28,Менеджер 3,Гомель,офисные кресла,1,1,650.24,234.43,0.104,новый,сайт,True
5980,2026-08-28,Менеджер 4,Могилёв,шкафы,1,0,0.0,0.0,0.0,новый,сайт,True
5981,2026-08-28,Менеджер 4,Гомель,офисные столы,1,0,0.0,0.0,0.0,новый,реклама,True
5982,2026-08-28,Менеджер 5,Могилёв,офисные столы,1,1,775.77,253.9,0.056,повторный,реклама,True
5983,2026-08-28,Менеджер 5,Гомель,офисные столы,1,0,0.0,0.0,0.0,повторный,сайт,True
5984,2026-08-28,Менеджер 2,Могилёв,шкафы,1,1,1212.58,347.15,0.105,новый,реклама,True
5985,2026-08-28,Менеджер 1,Могилёв,офисные кресла,1,0,0.0,0.0,0.0,новый,партнёр,True
5986,2026-08-28,Менеджер 1,Гомель,офисные столы,1,0,0.0,0.0,0.0,новый,партнёр,True
5987,2026-08-28,Менеджер 3,Брест,офисные кресла,1,0,0.0,0.0,0.0,новый,реклама,True
5988,2026-08-28,Менеджер 3,Брест,офисные столы,1,0,0.0,0.0,0.0,новый,звонок,True
5989,2026-08-28,Менеджер 2,Гродно,шкафы,1,1,1481.38,359.57,0.079,новый,звонок,True
5990,2026-08-28,Менеджер 4,Брест,офисные столы,1,0,0.0,0.0,0.0,новый,звонок,True
5991,2026-08-28,Менеджер 3,Гродно,офисные кресла,1,1,490.83,157.37,0.099,повторный,партнёр,True
5992,2026-08-28,Менеджер 2,Витебск,шкафы,1,1,1098.12,325.17,0.035,новый,звонок,True
5993,2026-08-28,Менеджер 5,Гомель,шкафы,1,0,0.0,0.0,0.0,повторный,реклама,True
5994,2026-08-28,Менеджер 2,Гродно,офисные столы,1,1,883.6,269.42,0.156,новый,партнёр,True
5995,2026-08-28,Менеджер 5,Брест,шкафы,1,0,0.0,0.0,0.0,повторный,реклама,True
5996,2026-08-28,Менеджер 2,Могилёв,шкафы,1,1,1024.55,293.45,0.117,повторный,сайт,True
5997,2026-08-28,Менеджер 5,Гомель,офисные кресла,1,1,788.27,289.63,0.068,новый,сайт,True
5998,2026-08-28,Менеджер 4,Могилёв,офисные столы,1,0,0.0,0.0,0.0,повторный,реклама,True
5999,2026-08-28,Менеджер 4,Витебск,шкафы,1,0,0.0,0.0,0.0,новый,сайт,True
6000,2026-08-28,Менеджер 4,Витебск,офисные столы,1,1,1155.24,350.89,0.093,новый,звонок,True
6001,2026-08-28,Менеджер 4,Гродно,офисные кресла,1,1,508.87,175.75,0.122,новый,сайт,True
6002,2026-08-28,Менеджер 4,Витебск,офисные кресла,1,0,0.0,0.0,0.0,новый,сайт,True
6003,2026-08-28,Менеджер 5,Витебск,офисные столы,1,1,771.57,243.82,0.082,повторный,партнёр,True
6004,2026-08-28,Менеджер 1,Могилёв,шкафы,1,0,0.0,0.0,0.0,новый,партнёр,True
6005,2026-08-28,Менеджер 1,Витебск,шкафы,1,0,0.0,0.0,0.0,повторный,звонок,True
6006,2026-08-28,Менеджер 1,Гродно,офисные кресла,1,0,0.0,0.0,0.0,новый,реклама,True
6007,2026-08-28,Менеджер 4,Гродно,офисные кресла,1,0,0.0,0.0,0.0,повторный,партнёр,True
6008,2026-08-28,Менеджер 5,Могилёв,шкафы,1,1,1080.39,260.24,0.032,новый,реклама,True
6009,2026-08-28,Менеджер 2,Гродно,офисные кресла,1,1,828.44,291.46,0.086,новый,сайт,True
6010,2026-08-28,Менеджер 3,Брест,офисные кресла,1,0,0.0,0.0,0.0,новый,сайт,True
6011,2026-08-28,Менеджер 3,Могилёв,офисные кресла,1,0,0.0,0.0,0.0,новый,звонок,True
6012,2026-08-28,Менеджер 4,Гомель,шкафы,1,1,1423.15,399.63,0.099,новый,реклама,True
6013,2026-08-28,Менеджер 4,Гомель,офисные столы,1,1,967.98,256.43,0.037,повторный,звонок,True
6014,2026-08-28,Менеджер 1,Витебск,офисные кресла,1,0,0.0,0.0,0.0,новый,сайт,True
6015,2026-08-28,Менеджер 1,Брест,офисные столы,1,1,929.18,314.36,0.036,повторный,сайт,True
6016,2026-08-28,Менеджер 1,Гомель,офисные столы,1,0,0.0,0.0,0.0,повторный,звонок,True
6017,2026-08-28,Менеджер 3,Гродно,офисные столы,1,1,1092.86,297.84,0.102,новый,звонок,True
6018,2026-08-28,Менеджер 2,Витебск,офисные столы,1,1,991.28,267.85,0.113,новый,сайт,True
6019,2026-08-28,Менеджер 2,Могилёв,шкафы,1,0,0.0,0.0,0.0,новый,звонок,True
6020,2026-08-28,Менеджер 1,Могилёв,офисные кресла,1,0,0.0,0.0,0.0,новый,звонок,True
6021,2026-08-28,Менеджер 5,Витебск,офисные кресла,1,1,480.27,180.93,0.031,новый,звонок,True
6022,2026-08-28,Менеджер 1,Гомель,шкафы,1,1,1061.13,273.56,0.041,новый,сайт,True
6023,2026-08-28,Менеджер 3,Гомель,офисные кресла,1,0,0.0,0.0,0.0,новый,сайт,True
6024,2026-08-29,Менеджер 1,Гродно,офисные столы,1,1,865.55,262.49,0.059,новый,сайт,True
6025,2026-08-29,Менеджер 5,Витебск,офисные столы,1,0,0.0,0.0,0.0,новый,сайт,True
6026,2026-08-29,Менеджер 4,Гомель,офисные кресла,1,0,0.0,0.0,0.0,новый,звонок,True
6027,2026-08-29,Менеджер 1,Витебск,офисные столы,1,0,0.0,0.0,0.0,новый,сайт,True
6028,2026-08-29,Менеджер 2,Гомель,шкафы,1,1,1233.18,349.19,0.027,новый,реклама,True
6029,2026-08-29,Менеджер 5,Гродно,офисные столы,1,1,1012.64,271.03,0.104,новый,сайт,True
6030,2026-08-29,Менеджер 1,Витебск,офисные столы,1,0,0.0,0.0,0.0,повторный,партнёр,True
6031,2026-08-29,Менеджер 1,Гомель,офисные кресла,1,0,0.0,0.0,0.0,повторный,партнёр,True
6032,2026-08-29,Менеджер 1,Витебск,офисные кресла,1,0,0.0,0.0,0.0,новый,партнёр,True
6033,2026-08-29,Менеджер 5,Гомель,офисные столы,1,0,0.0,0.0,0.0,повторный,звонок,True
6034,2026-08-29,Менеджер 5,Гомель,офисные кресла,1,0,0.0,0.0,0.0,новый,партнёр,True
6035,2026-08-29,Менеджер 1,Гомель,шкафы,1,0,0.0,0.0,0.0,новый,сайт,True
6036,2026-08-29,Менеджер 2,Могилёв,офисные кресла,1,0,0.0,0.0,0.0,новый,сайт,True
6037,2026-08-29,Менеджер 4,Могилёв,шкафы,1,0,0.0,0.0,0.0,новый,партнёр,True
6038,2026-08-29,Менеджер 4,Витебск,офисные кресла,1,0,0.0,0.0,0.0,новый,партнёр,True
6039,2026-08-29,Менеджер 4,Гродно,шкафы,1,0,0.0,0.0,0.0,повторный,звонок,True
6040,2026-08-29,Менеджер 3,Брест,офисные кресла,1,0,0.0,0.0,0.0,повторный,сайт,True
6041,2026-08-29,Менеджер 1,Витебск,офисные кресла,1,0,0.0,0.0,0.0,повторный,партнёр,True
6042,2026-08-29,Менеджер 2,Могилёв,шкафы,1,0,0.0,0.0,0.0,повторный,реклама,True
6043,2026-08-29,Менеджер 3,Витебск,офисные кресла,1,0,0.0,0.0,0.0,новый,реклама,True
6044,2026-08-29,Менеджер 4,Могилёв,офисные кресла,1,0,0.0,0.0,0.0,новый,партнёр,True
6045,2026-08-29,Менеджер 2,Брест,офисные кресла,1,0,0.0,0.0,0.0,повторный,реклама,True
6046,2026-08-29,Менеджер 3,Витебск,офисные кресла,1,0,0.0,0.0,0.0,новый,звонок,True
6047,2026-08-29,Менеджер 4,Могилёв,офисные кресла,1,0,0.0,0.0,0.0,новый,звонок,True
6048,2026-08-29,Менеджер 2,Брест,офисные столы,1,0,0.0,0.0,0.0,повторный,партнёр,True
6049,2026-08-29,Менеджер 2,Витебск,офисные столы,1,1,859.08,264.43,0.079,повторный,реклама,True
6050,2026-08-29,Менеджер 1,Могилёв,шкафы,1,1,1100.74,294.78,0.046,новый,сайт,True
6051,2026-08-29,Менеджер 1,Гомель,офисные кресла,1,0,0.0,0.0,0.0,новый,реклама,True
6052,2026-08-29,Менеджер 3,Гродно,офисные кресла,1,0,0.0,0.0,0.0,новый,звонок,True
6053,2026-08-29,Менеджер 4,Гомель,офисные кресла,1,0,0.0,0.0,0.0,новый,реклама,True
6054,2026-08-29,Менеджер 2,Брест,офисные столы,1,0,0.0,0.0,0.0,новый,сайт,True
6055,2026-08-29,Менеджер 4,Могилёв,офисные кресла,1,0,0.0,0.0,0.0,новый,партнёр,True
6056,2026-08-29,Менеджер 5,Гомель,шкафы,1,0,0.0,0.0,0.0,новый,звонок,True
6057,2026-08-29,Менеджер 2,Гродно,офисные кресла,1,1,704.85,256.75,0.07,новый,звонок,True
6058,2026-08-29,Менеджер 3,Брест,офисные кресла,1,1,682.11,204.83,0.107,новый,партнёр,True
6059,2026-08-29,Менеджер 1,Могилёв,шкафы,1,0,0.0,0.0,0.0,новый,сайт,True
6060,2026-08-29,Менеджер 3,Гродно,офисные кресла,1,1,579.54,193.08,0.086,повторный,звонок,True
6061,2026-08-29,Менеджер 1,Гродно,офисные столы,1,0,0.0,0.0,0.0,повторный,звонок,True
6062,2026-08-29,Менеджер 3,Витебск,офисные кресла,1,0,0.0,0.0,0.0,новый,звонок,True
6063,2026-08-29,Менеджер 1,Брест,шкафы,1,0,0.0,0.0,0.0,новый,партнёр,True
6064,2026-08-29,Менеджер 5,Гомель,офисные столы,1,1,897.83,250.18,0.121,повторный,реклама,True
6065,2026-08-29,Менеджер 4,Брест,офисные кресла,1,0,0.0,0.0,0.0,новый,реклама,True
6066,2026-08-29,Менеджер 5,Могилёв,офисные кресла,1,0,0.0,0.0,0.0,повторный,реклама,True
6067,2026-08-29,Менеджер 4,Гродно,офисные столы,1,1,887.37,219.94,0.089,новый,сайт,True
6068,2026-08-29,Менеджер 2,Гродно,офисные кресла,1,0,0.0,0.0,0.0,новый,партнёр,True
6069,2026-08-29,Менеджер 2,Гродно,офисные кресла,1,0,0.0,0.0,0.0,новый,сайт,True
6070,2026-08-29,Менеджер 2,Могилёв,офисные кресла,1,1,797.38,282.37,0.0,новый,сайт,True
6071,2026-08-30,Менеджер 5,Гомель,офисные кресла,1,1,582.64,181.25,0.087,новый,партнёр,True
6072,2026-08-30,Менеджер 4,Брест,офисные столы,1,0,0.0,0.0,0.0,новый,сайт,True
6073,2026-08-30,Менеджер 1,Гродно,офисные столы,1,0,0.0,0.0,0.0,повторный,сайт,True
6074,2026-08-30,Менеджер 1,Брест,офисные столы,1,0,0.0,0.0,0.0,новый,реклама,True
6075,2026-08-30,Менеджер 5,Гродно,офисные столы,1,0,0.0,0.0,0.0,повторный,реклама,True
6076,2026-08-30,Менеджер 2,Витебск,офисные кресла,1,0,0.0,0.0,0.0,повторный,сайт,True
6077,2026-08-30,Менеджер 3,Гродно,офисные столы,1,1,893.08,224.57,0.044,новый,реклама,True
6078,2026-08-30,Менеджер 1,Могилёв,офисные кресла,1,0,0.0,0.0,0.0,повторный,реклама,True
6079,2026-08-30,Менеджер 5,Гродно,шкафы,1,0,0.0,0.0,0.0,повторный,сайт,True
6080,2026-08-30,Менеджер 1,Брест,офисные столы,1,1,764.61,224.7,0.0,новый,реклама,True
6081,2026-08-30,Менеджер 3,Гомель,шкафы,1,0,0.0,0.0,0.0,повторный,звонок,True
6082,2026-08-30,Менеджер 5,Гомель,офисные кресла,1,0,0.0,0.0,0.0,новый,партнёр,True
6083,2026-08-30,Менеджер 2,Могилёв,шкафы,1,0,0.0,0.0,0.0,новый,сайт,True
6084,2026-08-30,Менеджер 3,Гомель,офисные кресла,1,1,574.83,213.84,0.088,новый,звонок,True
6085,2026-08-30,Менеджер 5,Гродно,офисные столы,1,1,991.55,274.96,0.085,новый,сайт,True
6086,2026-08-30,Менеджер 5,Гомель,офисные столы,1,0,0.0,0.0,0.0,повторный,партнёр,True
6087,2026-08-30,Менеджер 2,Витебск,офисные столы,1,1,1015.98,327.76,0.041,новый,звонок,True
6088,2026-08-30,Менеджер 5,Могилёв,шкафы,1,1,1545.18,458.94,0.039,новый,партнёр,True
6089,2026-08-30,Менеджер 5,Брест,шкафы,1,0,0.0,0.0,0.0,повторный,партнёр,True
6090,2026-08-30,Менеджер 2,Гомель,офисные кресла,1,0,0.0,0.0,0.0,повторный,сайт,True
6091,2026-08-30,Менеджер 2,Витебск,офисные столы,1,1,922.21,276.32,0.076,новый,сайт,True
6092,2026-08-30,Менеджер 5,Гродно,шкафы,1,0,0.0,0.0,0.0,новый,реклама,True
6093,2026-08-30,Менеджер 2,Витебск,офисные кресла,1,1,692.43,204.6,0.131,повторный,звонок,True
6094,2026-08-30,Менеджер 2,Витебск,шкафы,1,1,1518.63,397.43,0.055,новый,звонок,True
6095,2026-08-30,Менеджер 4,Брест,офисные кресла,1,1,512.04,159.03,0.084,повторный,реклама,True
6096,2026-08-30,Менеджер 4,Могилёв,офисные кресла,1,0,0.0,0.0,0.0,повторный,партнёр,True
6097,2026-08-30,Менеджер 4,Брест,шкафы,1,0,0.0,0.0,0.0,новый,реклама,True
6098,2026-08-30,Менеджер 3,Могилёв,офисные столы,1,0,0.0,0.0,0.0,новый,реклама,True
6099,2026-08-30,Менеджер 1,Гродно,шкафы,1,0,0.0,0.0,0.0,повторный,звонок,True
6100,2026-08-30,Менеджер 2,Гродно,офисные кресла,1,0,0.0,0.0,0.0,новый,сайт,True
6101,2026-08-30,Менеджер 1,Витебск,шкафы,1,1,1346.62,370.71,0.032,повторный,партнёр,True
6102,2026-08-30,Менеджер 3,Гродно,офисные столы,1,0,0.0,0.0,0.0,новый,реклама,True
6103,2026-08-30,Менеджер 4,Витебск,офисные кресла,1,0,0.0,0.0,0.0,новый,реклама,True
6104,2026-08-30,Менеджер 1,Брест,офисные столы,1,0,0.0,0.0,0.0,повторный,звонок,True
6105,2026-08-30,Менеджер 2,Могилёв,офисные столы,1,0,0.0,0.0,0.0,новый,звонок,True
6106,2026-08-30,Менеджер 5,Брест,офисные кресла,1,1,614.47,219.17,0.088,новый,реклама,True
6107,2026-08-30,Менеджер 4,Гродно,шкафы,1,0,0.0,0.0,0.0,новый,сайт,True
6108,2026-08-30,Менеджер 5,Гомель,шкафы,1,1,926.54,267.31,0.04,новый,звонок,True
6109,2026-08-30,Менеджер 4,Гомель,шкафы,1,0,0.0,0.0,0.0,новый,сайт,True
6110,2026-08-30,Менеджер 1,Могилёв,шкафы,1,0,0.0,0.0,0.0,новый,звонок,True
6111,2026-08-30,Менеджер 5,Витебск,офисные кресла,1,0,0.0,0.0,0.0,повторный,реклама,True
6112,2026-08-30,Менеджер 3,Гродно,шкафы,1,1,1128.67,270.9,0.088,новый,звонок,True
6113,2026-08-30,Менеджер 1,Брест,офисные кресла,1,0,0.0,0.0,0.0,новый,реклама,True
6114,2026-08-30,Менеджер 5,Гомель,шкафы,1,1,1111.8,253.07,0.112,новый,сайт,True
6115,2026-08-30,Менеджер 1,Гомель,офисные кресла,1,0,0.0,0.0,0.0,новый,сайт,True
6116,2026-08-30,Менеджер 1,Брест,офисные кресла,1,0,0.0,0.0,0.0,новый,сайт,True
6117,2026-08-30,Менеджер 2,Гомель,шкафы,1,0,0.0,0.0,0.0,новый,партнёр,True
6118,2026-08-30,Менеджер 1,Витебск,офисные столы,1,0,0.0,0.0,0.0,новый,звонок,True
6119,2026-08-30,Менеджер 5,Гродно,шкафы,1,0,0.0,0.0,0.0,новый,реклама,True
6120,2026-08-30,Менеджер 4,Могилёв,офисные кресла,1,1,509.19,193.92,0.044,новый,партнёр,True
6121,2026-08-31,Менеджер 5,Витебск,офисные кресла,1,0,0.0,0.0,0.0,повторный,реклама,True
6122,2026-08-31,Менеджер 1,Витебск,шкафы,1,0,0.0,0.0,0.0,новый,сайт,True
6123,2026-08-31,Менеджер 1,Витебск,офисные кресла,1,1,730.74,259.64,0.094,новый,звонок,True
6124,2026-08-31,Менеджер 5,Могилёв,офисные кресла,1,0,0.0,0.0,0.0,новый,партнёр,True
6125,2026-08-31,Менеджер 1,Гомель,офисные кресла,1,1,849.73,260.03,0.026,повторный,реклама,True
6126,2026-08-31,Менеджер 5,Брест,офисные столы,1,1,666.18,206.36,0.059,повторный,сайт,True
6127,2026-08-31,Менеджер 5,Витебск,шкафы,1,1,1524.23,448.22,0.052,повторный,реклама,True
6128,2026-08-31,Менеджер 2,Витебск,офисные столы,1,0,0.0,0.0,0.0,новый,партнёр,True
6129,2026-08-31,Менеджер 5,Гродно,офисные кресла,1,1,845.58,286.98,0.035,повторный,сайт,True
6130,2026-08-31,Менеджер 3,Гомель,шкафы,1,1,1335.18,326.93,0.089,повторный,звонок,True
6131,2026-08-31,Менеджер 2,Гомель,шкафы,1,1,924.42,273.5,0.112,новый,сайт,True
6132,2026-08-31,Менеджер 4,Могилёв,офисные столы,1,0,0.0,0.0,0.0,повторный,партнёр,True
6133,2026-08-31,Менеджер 2,Витебск,шкафы,1,0,0.0,0.0,0.0,новый,партнёр,True
6134,2026-08-31,Менеджер 3,Витебск,офисные кресла,1,0,0.0,0.0,0.0,новый,реклама,True
6135,2026-08-31,Менеджер 5,Гродно,шкафы,1,0,0.0,0.0,0.0,новый,сайт,True
6136,2026-08-31,Менеджер 4,Гомель,офисные кресла,1,1,769.96,278.47,0.101,повторный,звонок,True
6137,2026-08-31,Менеджер 5,Гомель,офисные кресла,1,1,486.49,143.88,0.101,новый,реклама,True
6138,2026-08-31,Менеджер 3,Брест,офисные столы,1,0,0.0,0.0,0.0,новый,сайт,True
6139,2026-08-31,Менеджер 3,Гомель,офисные столы,1,0,0.0,0.0,0.0,повторный,звонок,True
6140,2026-08-31,Менеджер 5,Витебск,офисные кресла,1,0,0.0,0.0,0.0,новый,партнёр,True
6141,2026-08-31,Менеджер 4,Брест,офисные столы,1,1,1039.39,308.4,0.12,новый,сайт,True
6142,2026-08-31,Менеджер 2,Гомель,офисные кресла,1,0,0.0,0.0,0.0,новый,звонок,True
6143,2026-08-31,Менеджер 1,Брест,офисные кресла,1,0,0.0,0.0,0.0,новый,реклама,True
6144,2026-08-31,Менеджер 2,Брест,офисные столы,1,0,0.0,0.0,0.0,новый,реклама,True
6145,2026-08-31,Менеджер 1,Брест,офисные столы,1,0,0.0,0.0,0.0,повторный,реклама,True
6146,2026-08-31,Менеджер 4,Брест,офисные кресла,1,0,0.0,0.0,0.0,новый,партнёр,True
6147,2026-08-31,Менеджер 1,Брест,офисные столы,1,0,0.0,0.0,0.0,новый,партнёр,True
6148,2026-08-31,Менеджер 3,Брест,офисные кресла,1,0,0.0,0.0,0.0,повторный,реклама,True
6149,2026-08-31,Менеджер 5,Витебск,шкафы,1,0,0.0,0.0,0.0,новый,реклама,True
6150,2026-08-31,Менеджер 5,Могилёв,шкафы,1,1,918.05,253.82,0.033,новый,сайт,True
6151,2026-08-31,Менеджер 4,Гомель,офисные столы,1,1,1109.66,285.66,0.07,повторный,партнёр,True
6152,2026-08-31,Менеджер 3,Брест,офисные кресла,1,0,0.0,0.0,0.0,повторный,сайт,True
6153,2026-08-31,Менеджер 5,Гомель,шкафы,1,0,0.0,0.0,0.0,новый,партнёр,True
6154,2026-08-31,Менеджер 5,Гомель,офисные столы,1,0,0.0,0.0,0.0,новый,сайт,True
6155,2026-08-31,Менеджер 1,Могилёв,офисные кресла,1,1,841.84,278.79,0.057,новый,звонок,True
6156,2026-08-31,Менеджер 5,Витебск,офисные кресла,1,0,0.0,0.0,0.0,новый,сайт,True
6157,2026-08-31,Менеджер 5,Витебск,шкафы,1,1,1238.38,386.47,0.059,повторный,партнёр,True
6158,2026-08-31,Менеджер 1,Витебск,офисные столы,1,0,0.0,0.0,0.0,новый,реклама,True
6159,2026-08-31,Менеджер 2,Витебск,офисные кресла,1,0,0.0,0.0,0.0,повторный,сайт,True
6160,2026-08-31,Менеджер 4,Брест,шкафы,1,0,0.0,0.0,0.0,новый,сайт,True
6161,2026-08-31,Менеджер 1,Гродно,шкафы,1,1,1382.08,356.53,0.06,новый,реклама,True
6162,2026-08-31,Менеджер 5,Гомель,офисные столы,1,1,821.93,214.47,0.067,новый,реклама,True
6163,2026-08-31,Менеджер 2,Брест,офисные кресла,1,0,0.0,0.0,0.0,новый,реклама,True
6164,2026-08-31,Менеджер 3,Гродно,шкафы,1,1,996.12,259.46,0.08,новый,звонок,True
6165,2026-08-31,Менеджер 4,Гродно,шкафы,1,1,1071.35,298.53,0.045,новый,звонок,True
6166,2026-08-31,Менеджер 5,Брест,офисные столы,1,0,0.0,0.0,0.0,новый,партнёр,True
6167,2026-08-31,Менеджер 4,Брест,офисные столы,1,0,0.0,0.0,0.0,повторный,звонок,True
6168,2026-08-31,Менеджер 4,Витебск,шкафы,1,0,0.0,0.0,0.0,повторный,звонок,True
6169,2026-08-31,Менеджер 1,Брест,офисные кресла,1,1,593.09,168.87,0.118,новый,сайт,True
6170,2026-08-31,Менеджер 2,Витебск,шкафы,1,0,0.0,0.0,0.0,новый,сайт,True
6171,2026-08-31,Менеджер 5,Гродно,шкафы,1,0,0.0,0.0,0.0,повторный,реклама,True
6172,2026-08-31,Менеджер 2,Гродно,офисные кресла,1,0,0.0,0.0,0.0,новый,сайт,True
6173,2026-09-01,Менеджер 3,Могилёв,офисные кресла,1,0,0.0,0.0,0.0,новый,реклама,True
6174,2026-09-01,Менеджер 5,Гродно,офисные столы,1,0,0.0,0.0,0.0,новый,партнёр,True
6175,2026-09-01,Менеджер 5,Гродно,офисные столы,1,1,1128.67,345.22,0.087,новый,партнёр,True
6176,2026-09-01,Менеджер 4,Витебск,офисные кресла,1,1,483.83,164.91,0.079,повторный,партнёр,True
6177,2026-09-01,Менеджер 2,Брест,офисные столы,1,0,0.0,0.0,0.0,новый,реклама,True
6178,2026-09-01,Менеджер 1,Гродно,шкафы,1,0,0.0,0.0,0.0,повторный,реклама,True
6179,2026-09-01,Менеджер 1,Могилёв,офисные кресла,1,0,0.0,0.0,0.0,повторный,сайт,True
6180,2026-09-01,Менеджер 2,Витебск,офисные кресла,1,0,0.0,0.0,0.0,повторный,реклама,True
6181,2026-09-01,Менеджер 2,Гродно,офисные кресла,1,0,0.0,0.0,0.0,повторный,сайт,True
6182,2026-09-01,Менеджер 3,Гомель,офисные столы,1,0,0.0,0.0,0.0,повторный,сайт,True
6183,2026-09-01,Менеджер 3,Брест,офисные столы,1,0,0.0,0.0,0.0,новый,партнёр,True
6184,2026-09-01,Менеджер 5,Витебск,шкафы,1,1,1333.3,378.33,0.09,повторный,звонок,True
6185,2026-09-01,Менеджер 4,Гродно,офисные столы,1,0,0.0,0.0,0.0,новый,партнёр,True
6186,2026-09-01,Менеджер 5,Могилёв,офисные столы,1,1,832.86,254.96,0.13,новый,партнёр,True
6187,2026-09-01,Менеджер 3,Гомель,шкафы,1,0,0.0,0.0,0.0,новый,реклама,True
6188,2026-09-01,Менеджер 1,Гродно,офисные кресла,1,0,0.0,0.0,0.0,новый,партнёр,True
6189,2026-09-01,Менеджер 1,Гомель,шкафы,1,0,0.0,0.0,0.0,новый,партнёр,True
6190,2026-09-01,Менеджер 1,Витебск,офисные кресла,1,1,493.34,158.36,0.046,новый,сайт,True
6191,2026-09-01,Менеджер 4,Могилёв,офисные кресла,1,0,0.0,0.0,0.0,новый,звонок,True
6192,2026-09-01,Менеджер 2,Гомель,офисные кресла,1,0,0.0,0.0,0.0,новый,звонок,True
6193,2026-09-01,Менеджер 2,Могилёв,офисные столы,1,0,0.0,0.0,0.0,новый,партнёр,True
6194,2026-09-01,Менеджер 5,Гродно,офисные кресла,1,0,0.0,0.0,0.0,повторный,реклама,True
6195,2026-09-01,Менеджер 5,Брест,офисные кресла,1,0,0.0,0.0,0.0,новый,звонок,True
6196,2026-09-01,Менеджер 5,Брест,офисные столы,1,0,0.0,0.0,0.0,новый,сайт,True
6197,2026-09-01,Менеджер 5,Гомель,шкафы,1,1,1305.49,364.17,0.032,повторный,реклама,True
6198,2026-09-01,Менеджер 2,Витебск,офисные столы,1,1,1049.52,266.52,0.107,новый,реклама,True
6199,2026-09-01,Менеджер 3,Брест,офисные столы,1,0,0.0,0.0,0.0,новый,звонок,True
6200,2026-09-01,Менеджер 4,Брест,офисные кресла,1,0,0.0,0.0,0.0,новый,звонок,True
6201,2026-09-01,Менеджер 5,Гомель,офисные столы,1,1,802.97,205.66,0.076,новый,звонок,True
6202,2026-09-01,Менеджер 1,Гродно,офисные кресла,1,1,814.87,257.71,0.124,повторный,реклама,True
6203,2026-09-01,Менеджер 4,Брест,офисные столы,1,0,0.0,0.0,0.0,новый,сайт,True
6204,2026-09-01,Менеджер 1,Гомель,офисные столы,1,0,0.0,0.0,0.0,повторный,реклама,True
6205,2026-09-01,Менеджер 4,Могилёв,шкафы,1,0,0.0,0.0,0.0,повторный,сайт,True
6206,2026-09-01,Менеджер 4,Гродно,офисные кресла,1,0,0.0,0.0,0.0,новый,реклама,True
6207,2026-09-01,Менеджер 4,Гомель,офисные столы,1,0,0.0,0.0,0.0,повторный,сайт,True
6208,2026-09-01,Менеджер 5,Брест,офисные кресла,1,1,481.18,134.17,0.116,повторный,реклама,True
6209,2026-09-01,Менеджер 5,Витебск,офисные столы,1,0,0.0,0.0,0.0,повторный,реклама,True
6210,2026-09-01,Менеджер 1,Брест,шкафы,1,0,0.0,0.0,0.0,повторный,партнёр,True
6211,2026-09-01,Менеджер 3,Витебск,шкафы,1,1,958.4,244.46,0.027,новый,сайт,True
6212,2026-09-01,Менеджер 4,Гродно,шкафы,1,1,1063.27,324.31,0.115,новый,сайт,True
6213,2026-09-01,Менеджер 2,Гродно,офисные кресла,1,0,0.0,0.0,0.0,новый,партнёр,True
6214,2026-09-01,Менеджер 4,Гомель,шкафы,1,0,0.0,0.0,0.0,повторный,сайт,True
6215,2026-09-01,Менеджер 2,Витебск,офисные кресла,1,1,753.03,215.23,0.035,повторный,звонок,True
6216,2026-09-01,Менеджер 5,Гомель,офисные кресла,1,1,695.26,246.9,0.037,повторный,реклама,True
6217,2026-09-01,Менеджер 4,Гомель,шкафы,1,0,0.0,0.0,0.0,новый,партнёр,True
6218,2026-09-01,Менеджер 5,Могилёв,офисные кресла,1,1,588.83,211.98,0.075,новый,партнёр,True
6219,2026-09-01,Менеджер 2,Брест,шкафы,1,0,0.0,0.0,0.0,новый,звонок,True
6220,2026-09-01,Менеджер 4,Брест,офисные столы,1,0,0.0,0.0,0.0,новый,партнёр,True
6221,2026-09-01,Менеджер 4,Витебск,офисные столы,1,0,0.0,0.0,0.0,новый,партнёр,True
6222,2026-09-01,Менеджер 2,Гомель,шкафы,1,1,1466.38,382.08,0.047,повторный,реклама,True
6223,2026-09-01,Менеджер 4,Могилёв,офисные кресла,1,0,0.0,0.0,0.0,новый,партнёр,True
6224,2026-09-01,Менеджер 2,Гродно,шкафы,1,0,0.0,0.0,0.0,новый,партнёр,True
6225,2026-09-01,Менеджер 4,Гомель,шкафы,1,0,0.0,0.0,0.0,новый,звонок,True
6226,2026-09-02,Менеджер 3,Гомель,офисные столы,1,1,1102.0,280.48,0.048,новый,реклама,True
6227,2026-09-02,Менеджер 3,Брест,шкафы,1,1,1501.32,435.88,0.083,новый,партнёр,True
6228,2026-09-02,Менеджер 4,Гомель,шкафы,1,0,0.0,0.0,0.0,повторный,звонок,True
6229,2026-09-02,Менеджер 2,Гродно,офисные кресла,1,1,749.61,213.54,0.042,повторный,сайт,True
6230,2026-09-02,Менеджер 4,Гомель,шкафы,1,0,0.0,0.0,0.0,повторный,партнёр,True
6231,2026-09-02,Менеджер 3,Могилёв,офисные кресла,1,0,0.0,0.0,0.0,новый,звонок,True
6232,2026-09-02,Менеджер 2,Витебск,офисные столы,1,1,1110.08,274.78,0.09,новый,сайт,True
6233,2026-09-02,Менеджер 1,Брест,офисные столы,1,1,686.61,204.69,0.088,новый,реклама,True
6234,2026-09-02,Менеджер 1,Брест,офисные столы,1,0,0.0,0.0,0.0,новый,звонок,True
6235,2026-09-02,Менеджер 2,Витебск,шкафы,1,0,0.0,0.0,0.0,новый,реклама,True
6236,2026-09-02,Менеджер 4,Гомель,шкафы,1,0,0.0,0.0,0.0,новый,звонок,True
6237,2026-09-02,Менеджер 1,Могилёв,офисные столы,1,1,734.32,217.38,0.108,новый,реклама,True
6238,2026-09-02,Менеджер 1,Могилёв,офисные кресла,1,1,769.25,269.99,0.162,повторный,реклама,True
6239,2026-09-02,Менеджер 1,Брест,офисные кресла,1,1,776.33,220.09,0.08,новый,сайт,True
6240,2026-09-02,Менеджер 3,Могилёв,офисные столы,1,0,0.0,0.0,0.0,новый,реклама,True
6241,2026-09-02,Менеджер 1,Гродно,офисные кресла,1,0,0.0,0.0,0.0,повторный,звонок,True
6242,2026-09-02,Менеджер 5,Гомель,офисные кресла,1,0,0.0,0.0,0.0,новый,реклама,True
6243,2026-09-02,Менеджер 1,Гомель,шкафы,1,0,0.0,0.0,0.0,новый,звонок,True
6244,2026-09-02,Менеджер 5,Витебск,офисные столы,1,0,0.0,0.0,0.0,повторный,сайт,True
6245,2026-09-02,Менеджер 2,Гродно,офисные кресла,1,0,0.0,0.0,0.0,новый,сайт,True
6246,2026-09-02,Менеджер 1,Могилёв,шкафы,1,0,0.0,0.0,0.0,новый,партнёр,True
6247,2026-09-02,Менеджер 1,Витебск,офисные кресла,1,1,755.52,232.17,0.07,повторный,реклама,True
6248,2026-09-02,Менеджер 3,Гродно,шкафы,1,1,1249.7,331.02,0.085,новый,реклама,True
6249,2026-09-02,Менеджер 4,Гомель,шкафы,1,1,913.39,252.39,0.105,новый,сайт,True
6250,2026-09-02,Менеджер 4,Могилёв,офисные кресла,1,0,0.0,0.0,0.0,новый,реклама,True
6251,2026-09-02,Менеджер 1,Брест,офисные столы,1,0,0.0,0.0,0.0,повторный,сайт,True
6252,2026-09-02,Менеджер 4,Брест,шкафы,1,0,0.0,0.0,0.0,новый,партнёр,True
6253,2026-09-02,Менеджер 5,Могилёв,шкафы,1,1,1163.73,332.16,0.042,повторный,реклама,True
6254,2026-09-02,Менеджер 3,Брест,шкафы,1,1,1514.03,374.04,0.051,новый,сайт,True
6255,2026-09-02,Менеджер 5,Брест,офисные столы,1,1,722.7,225.43,0.03,повторный,партнёр,True
6256,2026-09-02,Менеджер 3,Могилёв,шкафы,1,1,972.8,311.12,0.007,новый,партнёр,True
6257,2026-09-02,Менеджер 5,Витебск,офисные кресла,1,1,538.06,159.02,0.014,новый,реклама,True
6258,2026-09-02,Менеджер 3,Гомель,офисные кресла,1,1,507.96,141.8,0.109,новый,сайт,True
6259,2026-09-02,Менеджер 2,Витебск,офисные столы,1,0,0.0,0.0,0.0,новый,сайт,True
6260,2026-09-02,Менеджер 5,Могилёв,шкафы,1,0,0.0,0.0,0.0,повторный,партнёр,True
6261,2026-09-02,Менеджер 3,Гродно,офисные кресла,1,0,0.0,0.0,0.0,новый,партнёр,True
6262,2026-09-02,Менеджер 1,Гомель,офисные столы,1,0,0.0,0.0,0.0,новый,сайт,True
6263,2026-09-02,Менеджер 4,Брест,офисные кресла,1,0,0.0,0.0,0.0,повторный,звонок,True
6264,2026-09-02,Менеджер 2,Могилёв,офисные кресла,1,0,0.0,0.0,0.0,новый,звонок,True
6265,2026-09-02,Менеджер 4,Могилёв,офисные столы,1,0,0.0,0.0,0.0,повторный,реклама,True
6266,2026-09-02,Менеджер 5,Гродно,шкафы,1,0,0.0,0.0,0.0,повторный,звонок,True
6267,2026-09-02,Менеджер 5,Могилёв,шкафы,1,0,0.0,0.0,0.0,новый,партнёр,True
6268,2026-09-02,Менеджер 1,Витебск,шкафы,1,1,1515.08,429.99,0.038,новый,звонок,True
6269,2026-09-02,Менеджер 1,Могилёв,офисные столы,1,0,0.0,0.0,0.0,повторный,звонок,True
6270,2026-09-02,Менеджер 1,Брест,шкафы,1,0,0.0,0.0,0.0,новый,реклама,True
6271,2026-09-02,Менеджер 1,Витебск,шкафы,1,1,1233.09,314.51,0.102,новый,звонок,True
6272,2026-09-02,Менеджер 5,Гродно,офисные кресла,1,1,853.78,321.11,0.033,новый,сайт,True
6273,2026-09-02,Менеджер 3,Гродно,офисные кресла,1,1,652.96,237.6,0.043,повторный,сайт,True
6274,2026-09-02,Менеджер 1,Могилёв,шкафы,1,0,0.0,0.0,0.0,новый,сайт,True
6275,2026-09-02,Менеджер 2,Витебск,шкафы,1,0,0.0,0.0,0.0,повторный,партнёр,True
6276,2026-09-02,Менеджер 5,Витебск,шкафы,1,0,0.0,0.0,0.0,новый,звонок,True
6277,2026-09-02,Менеджер 3,Витебск,офисные кресла,1,0,0.0,0.0,0.0,повторный,сайт,True
6278,2026-09-02,Менеджер 1,Гомель,офисные кресла,1,1,827.3,285.64,0.034,повторный,сайт,True
6279,2026-09-03,Менеджер 2,Могилёв,офисные кресла,1,1,816.2,264.94,0.078,повторный,реклама,True
6280,2026-09-03,Менеджер 5,Гомель,шкафы,1,1,1366.35,388.73,0.033,новый,сайт,True
6281,2026-09-03,Менеджер 5,Брест,шкафы,1,1,1433.38,343.33,0.067,новый,звонок,True
6282,2026-09-03,Менеджер 2,Гомель,шкафы,1,0,0.0,0.0,0.0,новый,партнёр,True
6283,2026-09-03,Менеджер 5,Витебск,офисные столы,1,0,0.0,0.0,0.0,повторный,партнёр,True
6284,2026-09-03,Менеджер 5,Витебск,офисные кресла,1,0,0.0,0.0,0.0,новый,реклама,True
6285,2026-09-03,Менеджер 4,Витебск,офисные столы,1,0,0.0,0.0,0.0,новый,сайт,True
6286,2026-09-03,Менеджер 4,Могилёв,шкафы,1,0,0.0,0.0,0.0,новый,сайт,True
6287,2026-09-03,Менеджер 2,Брест,офисные кресла,1,1,654.8,252.18,0.029,новый,партнёр,True
6288,2026-09-03,Менеджер 4,Витебск,офисные столы,1,1,851.15,236.94,0.109,новый,звонок,True
6289,2026-09-03,Менеджер 1,Витебск,офисные кресла,1,0,0.0,0.0,0.0,новый,партнёр,True
6290,2026-09-03,Менеджер 1,Брест,офисные столы,1,0,0.0,0.0,0.0,новый,сайт,True
6291,2026-09-03,Менеджер 5,Гродно,офисные кресла,1,1,656.44,201.33,0.045,новый,звонок,True
6292,2026-09-03,Менеджер 1,Гродно,офисные кресла,1,0,0.0,0.0,0.0,повторный,звонок,True
6293,2026-09-03,Менеджер 1,Могилёв,шкафы,1,0,0.0,0.0,0.0,новый,звонок,True
6294,2026-09-03,Менеджер 1,Гродно,шкафы,1,0,0.0,0.0,0.0,новый,реклама,True
6295,2026-09-03,Менеджер 1,Гродно,шкафы,1,0,0.0,0.0,0.0,новый,партнёр,True
6296,2026-09-03,Менеджер 5,Брест,офисные столы,1,0,0.0,0.0,0.0,новый,партнёр,True
6297,2026-09-03,Менеджер 5,Брест,офисные столы,1,0,0.0,0.0,0.0,новый,реклама,True
6298,2026-09-03,Менеджер 3,Гродно,шкафы,1,0,0.0,0.0,0.0,новый,звонок,True
6299,2026-09-03,Менеджер 3,Гомель,шкафы,1,1,1325.01,315.37,0.072,новый,партнёр,True
6300,2026-09-03,Менеджер 4,Витебск,офисные кресла,1,0,0.0,0.0,0.0,новый,реклама,True
6301,2026-09-03,Менеджер 3,Витебск,офисные столы,1,1,815.25,260.24,0.058,повторный,реклама,True
6302,2026-09-03,Менеджер 5,Витебск,офисные столы,1,0,0.0,0.0,0.0,новый,реклама,True
6303,2026-09-03,Менеджер 5,Витебск,шкафы,1,0,0.0,0.0,0.0,повторный,звонок,True
6304,2026-09-03,Менеджер 1,Гомель,шкафы,1,0,0.0,0.0,0.0,новый,реклама,True
6305,2026-09-03,Менеджер 4,Брест,офисные столы,1,0,0.0,0.0,0.0,повторный,сайт,True
6306,2026-09-03,Менеджер 2,Гродно,офисные столы,1,0,0.0,0.0,0.0,новый,реклама,True
6307,2026-09-03,Менеджер 1,Брест,офисные столы,1,0,0.0,0.0,0.0,новый,партнёр,True
6308,2026-09-03,Менеджер 5,Могилёв,офисные столы,1,0,0.0,0.0,0.0,новый,звонок,True
6309,2026-09-03,Менеджер 4,Брест,шкафы,1,0,0.0,0.0,0.0,новый,звонок,True
6310,2026-09-03,Менеджер 4,Гомель,шкафы,1,0,0.0,0.0,0.0,новый,сайт,True
6311,2026-09-03,Менеджер 1,Могилёв,офисные кресла,1,1,481.94,138.69,0.077,новый,сайт,True
6312,2026-09-03,Менеджер 1,Гомель,шкафы,1,0,0.0,0.0,0.0,новый,реклама,True
6313,2026-09-03,Менеджер 2,Брест,офисные столы,1,0,0.0,0.0,0.0,новый,звонок,True
6314,2026-09-03,Менеджер 4,Могилёв,офисные кресла,1,0,0.0,0.0,0.0,новый,сайт,True
6315,2026-09-03,Менеджер 1,Витебск,шкафы,1,1,1204.58,356.99,0.177,новый,партнёр,True
6316,2026-09-03,Менеджер 3,Витебск,офисные столы,1,0,0.0,0.0,0.0,повторный,звонок,True
6317,2026-09-03,Менеджер 3,Брест,офисные кресла,1,0,0.0,0.0,0.0,новый,партнёр,True
6318,2026-09-03,Менеджер 3,Гродно,офисные кресла,1,1,786.56,272.07,0.141,новый,реклама,True
6319,2026-09-03,Менеджер 3,Гродно,офисные кресла,1,0,0.0,0.0,0.0,новый,звонок,True
6320,2026-09-03,Менеджер 4,Витебск,шкафы,1,0,0.0,0.0,0.0,новый,партнёр,True
6321,2026-09-03,Менеджер 2,Брест,офисные кресла,1,0,0.0,0.0,0.0,новый,реклама,True
6322,2026-09-03,Менеджер 2,Могилёв,офисные кресла,1,0,0.0,0.0,0.0,повторный,сайт,True
6323,2026-09-03,Менеджер 5,Гомель,офисные кресла,1,0,0.0,0.0,0.0,новый,сайт,True
6324,2026-09-03,Менеджер 5,Гомель,шкафы,1,0,0.0,0.0,0.0,новый,партнёр,True
6325,2026-09-03,Менеджер 3,Гродно,шкафы,1,0,0.0,0.0,0.0,новый,сайт,True
6326,2026-09-03,Менеджер 5,Могилёв,офисные кресла,1,0,0.0,0.0,0.0,новый,реклама,True
6327,2026-09-04,Менеджер 4,Гродно,офисные столы,1,1,696.75,206.6,0.118,повторный,партнёр,True
6328,2026-09-04,Менеджер 5,Витебск,офисные столы,1,0,0.0,0.0,0.0,повторный,звонок,True
6329,2026-09-04,Менеджер 4,Могилёв,офисные кресла,1,1,605.1,223.67,0.113,новый,сайт,True
6330,2026-09-04,Менеджер 2,Гродно,шкафы,1,0,0.0,0.0,0.0,новый,сайт,True
6331,2026-09-04,Менеджер 3,Могилёв,шкафы,1,0,0.0,0.0,0.0,новый,звонок,True
6332,2026-09-04,Менеджер 1,Витебск,офисные кресла,1,0,0.0,0.0,0.0,новый,сайт,True
6333,2026-09-04,Менеджер 4,Витебск,офисные столы,1,0,0.0,0.0,0.0,повторный,реклама,True
6334,2026-09-04,Менеджер 1,Витебск,шкафы,1,0,0.0,0.0,0.0,повторный,звонок,True
6335,2026-09-04,Менеджер 5,Брест,шкафы,1,0,0.0,0.0,0.0,новый,сайт,True
6336,2026-09-04,Менеджер 2,Гродно,офисные столы,1,0,0.0,0.0,0.0,повторный,звонок,True
6337,2026-09-04,Менеджер 4,Гродно,офисные кресла,1,1,610.39,209.4,0.098,повторный,реклама,True
6338,2026-09-04,Менеджер 5,Гомель,офисные столы,1,0,0.0,0.0,0.0,повторный,партнёр,True
6339,2026-09-04,Менеджер 4,Гомель,шкафы,1,0,0.0,0.0,0.0,новый,реклама,True
6340,2026-09-04,Менеджер 4,Могилёв,шкафы,1,0,0.0,0.0,0.0,новый,сайт,True
6341,2026-09-04,Менеджер 1,Гродно,офисные кресла,1,1,799.31,294.36,0.052,новый,реклама,True
6342,2026-09-04,Менеджер 5,Могилёв,офисные кресла,1,0,0.0,0.0,0.0,новый,партнёр,True
6343,2026-09-04,Менеджер 4,Витебск,офисные кресла,1,0,0.0,0.0,0.0,новый,сайт,True
6344,2026-09-04,Менеджер 3,Витебск,офисные кресла,1,0,0.0,0.0,0.0,повторный,партнёр,True
6345,2026-09-04,Менеджер 1,Гомель,офисные кресла,1,0,0.0,0.0,0.0,новый,сайт,True
6346,2026-09-04,Менеджер 2,Могилёв,офисные кресла,1,0,0.0,0.0,0.0,новый,сайт,True
6347,2026-09-04,Менеджер 5,Гомель,офисные кресла,1,0,0.0,0.0,0.0,повторный,реклама,True
6348,2026-09-04,Менеджер 1,Витебск,офисные столы,1,0,0.0,0.0,0.0,повторный,партнёр,True
6349,2026-09-04,Менеджер 1,Витебск,офисные столы,1,0,0.0,0.0,0.0,повторный,звонок,True
6350,2026-09-04,Менеджер 2,Гомель,шкафы,1,0,0.0,0.0,0.0,повторный,сайт,True
6351,2026-09-04,Менеджер 4,Брест,офисные столы,1,1,869.08,284.53,0.076,новый,партнёр,True
6352,2026-09-04,Менеджер 3,Гомель,офисные столы,1,0,0.0,0.0,0.0,новый,сайт,True
6353,2026-09-04,Менеджер 2,Гомель,шкафы,1,1,884.06,265.64,0.05,повторный,партнёр,True
6354,2026-09-04,Менеджер 3,Могилёв,офисные столы,1,1,1046.3,294.13,0.035,новый,партнёр,True
6355,2026-09-04,Менеджер 1,Могилёв,шкафы,1,0,0.0,0.0,0.0,новый,звонок,True
6356,2026-09-04,Менеджер 2,Гомель,офисные столы,1,0,0.0,0.0,0.0,новый,звонок,True
6357,2026-09-04,Менеджер 1,Гродно,офисные кресла,1,1,787.56,227.71,0.016,новый,реклама,True
6358,2026-09-04,Менеджер 4,Гродно,офисные кресла,1,1,747.61,213.26,0.121,новый,реклама,True
6359,2026-09-04,Менеджер 5,Гродно,офисные столы,1,1,776.14,222.18,0.067,новый,звонок,True
6360,2026-09-04,Менеджер 1,Витебск,шкафы,1,1,1247.75,341.41,0.008,новый,звонок,True
6361,2026-09-04,Менеджер 2,Могилёв,офисные столы,1,1,918.39,303.49,0.059,новый,сайт,True
6362,2026-09-04,Менеджер 4,Гродно,офисные столы,1,0,0.0,0.0,0.0,повторный,сайт,True
6363,2026-09-04,Менеджер 1,Гомель,офисные столы,1,0,0.0,0.0,0.0,новый,партнёр,True
6364,2026-09-04,Менеджер 2,Гродно,шкафы,1,0,0.0,0.0,0.0,повторный,партнёр,True
6365,2026-09-04,Менеджер 5,Гродно,шкафы,1,1,1243.17,338.99,0.063,повторный,реклама,True
6366,2026-09-04,Менеджер 2,Гродно,офисные столы,1,0,0.0,0.0,0.0,повторный,реклама,True
6367,2026-09-04,Менеджер 1,Могилёв,шкафы,1,0,0.0,0.0,0.0,новый,реклама,True
6368,2026-09-04,Менеджер 2,Витебск,офисные столы,1,0,0.0,0.0,0.0,новый,звонок,True
6369,2026-09-04,Менеджер 3,Брест,офисные столы,1,0,0.0,0.0,0.0,новый,реклама,True
6370,2026-09-04,Менеджер 3,Могилёв,офисные кресла,1,1,607.0,193.71,0.072,повторный,сайт,True
6371,2026-09-05,Менеджер 5,Гомель,офисные столы,1,0,0.0,0.0,0.0,новый,партнёр,True
6372,2026-09-05,Менеджер 5,Брест,шкафы,1,1,1572.62,494.12,0.013,повторный,партнёр,True
6373,2026-09-05,Менеджер 4,Гомель,офисные кресла,1,0,0.0,0.0,0.0,новый,партнёр,True
6374,2026-09-05,Менеджер 2,Могилёв,офисные кресла,1,0,0.0,0.0,0.0,новый,сайт,True
6375,2026-09-05,Менеджер 5,Гродно,шкафы,1,0,0.0,0.0,0.0,повторный,звонок,True
6376,2026-09-05,Менеджер 1,Гомель,офисные кресла,1,0,0.0,0.0,0.0,новый,звонок,True
6377,2026-09-05,Менеджер 1,Могилёв,шкафы,1,0,0.0,0.0,0.0,новый,звонок,True
6378,2026-09-05,Менеджер 1,Брест,офисные кресла,1,0,0.0,0.0,0.0,новый,реклама,True
6379,2026-09-05,Менеджер 3,Гродно,офисные кресла,1,1,753.29,242.32,0.022,новый,реклама,True
6380,2026-09-05,Менеджер 4,Могилёв,офисные кресла,1,0,0.0,0.0,0.0,повторный,звонок,True
6381,2026-09-05,Менеджер 5,Могилёв,офисные кресла,1,1,759.09,254.66,0.052,повторный,звонок,True
6382,2026-09-05,Менеджер 1,Витебск,шкафы,1,0,0.0,0.0,0.0,новый,реклама,True
6383,2026-09-05,Менеджер 1,Гомель,офисные кресла,1,0,0.0,0.0,0.0,новый,реклама,True
6384,2026-09-05,Менеджер 4,Гомель,офисные столы,1,0,0.0,0.0,0.0,новый,звонок,True
6385,2026-09-05,Менеджер 2,Гродно,офисные столы,1,1,830.71,257.96,0.064,новый,звонок,True
6386,2026-09-05,Менеджер 4,Могилёв,офисные столы,1,1,1137.39,307.32,0.042,новый,сайт,True
6387,2026-09-05,Менеджер 2,Витебск,шкафы,1,1,1163.89,287.82,0.032,новый,партнёр,True
6388,2026-09-05,Менеджер 1,Брест,офисные столы,1,0,0.0,0.0,0.0,новый,реклама,True
6389,2026-09-05,Менеджер 5,Могилёв,шкафы,1,0,0.0,0.0,0.0,новый,сайт,True
6390,2026-09-05,Менеджер 5,Могилёв,офисные кресла,1,0,0.0,0.0,0.0,повторный,партнёр,True
6391,2026-09-05,Менеджер 3,Могилёв,офисные столы,1,1,904.92,268.72,0.059,новый,реклама,True
6392,2026-09-05,Менеджер 1,Гродно,офисные кресла,1,1,732.43,259.2,0.158,новый,сайт,True
6393,2026-09-05,Менеджер 2,Витебск,офисные кресла,1,0,0.0,0.0,0.0,новый,звонок,True
6394,2026-09-05,Менеджер 2,Гродно,офисные столы,1,0,0.0,0.0,0.0,новый,сайт,True
6395,2026-09-05,Менеджер 1,Гродно,офисные столы,1,0,0.0,0.0,0.0,новый,реклама,True
6396,2026-09-05,Менеджер 1,Брест,шкафы,1,0,0.0,0.0,0.0,новый,сайт,True
6397,2026-09-05,Менеджер 1,Брест,шкафы,1,0,0.0,0.0,0.0,повторный,сайт,True
6398,2026-09-05,Менеджер 4,Гродно,офисные кресла,1,0,0.0,0.0,0.0,новый,сайт,True
6399,2026-09-05,Менеджер 4,Могилёв,офисные кресла,1,0,0.0,0.0,0.0,повторный,звонок,True
6400,2026-09-05,Менеджер 3,Брест,офисные кресла,1,0,0.0,0.0,0.0,повторный,сайт,True
6401,2026-09-05,Менеджер 2,Витебск,офисные кресла,1,1,683.77,196.75,0.128,повторный,партнёр,True
6402,2026-09-05,Менеджер 4,Гомель,офисные столы,1,0,0.0,0.0,0.0,новый,партнёр,True
6403,2026-09-05,Менеджер 2,Витебск,офисные столы,1,1,688.09,181.03,0.088,новый,реклама,True
6404,2026-09-05,Менеджер 5,Гомель,офисные кресла,1,0,0.0,0.0,0.0,повторный,реклама,True
6405,2026-09-05,Менеджер 4,Могилёв,офисные столы,1,0,0.0,0.0,0.0,повторный,сайт,True
6406,2026-09-05,Менеджер 5,Брест,офисные кресла,1,0,0.0,0.0,0.0,новый,звонок,True
6407,2026-09-05,Менеджер 4,Брест,офисные столы,1,1,981.52,292.23,0.091,новый,сайт,True
6408,2026-09-05,Менеджер 4,Гомель,офисные кресла,1,0,0.0,0.0,0.0,повторный,сайт,True
6409,2026-09-05,Менеджер 5,Могилёв,офисные столы,1,0,0.0,0.0,0.0,новый,партнёр,True
6410,2026-09-05,Менеджер 5,Гродно,офисные кресла,1,1,596.87,207.35,0.079,новый,звонок,True
6411,2026-09-05,Менеджер 3,Гродно,офисные столы,1,0,0.0,0.0,0.0,новый,звонок,True
6412,2026-09-05,Менеджер 1,Гродно,офисные столы,1,0,0.0,0.0,0.0,повторный,сайт,True
6413,2026-09-05,Менеджер 1,Могилёв,офисные столы,1,0,0.0,0.0,0.0,новый,реклама,True
6414,2026-09-06,Менеджер 4,Витебск,шкафы,1,0,0.0,0.0,0.0,новый,сайт,True
6415,2026-09-06,Менеджер 2,Брест,офисные столы,1,0,0.0,0.0,0.0,новый,реклама,True
6416,2026-09-06,Менеджер 5,Гомель,шкафы,1,0,0.0,0.0,0.0,новый,сайт,True
6417,2026-09-06,Менеджер 3,Гродно,офисные столы,1,1,999.09,301.45,0.029,повторный,партнёр,True
6418,2026-09-06,Менеджер 5,Витебск,шкафы,1,0,0.0,0.0,0.0,новый,звонок,True
6419,2026-09-06,Менеджер 1,Витебск,офисные кресла,1,0,0.0,0.0,0.0,новый,сайт,True
6420,2026-09-06,Менеджер 2,Витебск,шкафы,1,0,0.0,0.0,0.0,новый,реклама,True
6421,2026-09-06,Менеджер 3,Брест,шкафы,1,1,1043.99,239.64,0.112,новый,партнёр,True
6422,2026-09-06,Менеджер 1,Брест,офисные столы,1,1,1020.83,252.28,0.079,повторный,партнёр,True
6423,2026-09-06,Менеджер 5,Могилёв,офисные столы,1,0,0.0,0.0,0.0,новый,звонок,True
6424,2026-09-06,Менеджер 3,Могилёв,офисные кресла,1,0,0.0,0.0,0.0,новый,звонок,True
6425,2026-09-06,Менеджер 4,Могилёв,шкафы,1,1,1553.25,402.61,0.072,новый,реклама,True
6426,2026-09-06,Менеджер 3,Брест,офисные кресла,1,1,764.68,274.08,0.083,новый,партнёр,True
6427,2026-09-06,Менеджер 5,Могилёв,офисные кресла,1,0,0.0,0.0,0.0,новый,сайт,True
6428,2026-09-06,Менеджер 4,Брест,офисные кресла,1,0,0.0,0.0,0.0,новый,звонок,True
6429,2026-09-06,Менеджер 5,Могилёв,офисные кресла,1,1,674.23,242.22,0.099,новый,реклама,True
6430,2026-09-06,Менеджер 4,Гомель,шкафы,1,0,0.0,0.0,0.0,новый,сайт,True
6431,2026-09-06,Менеджер 5,Гомель,офисные кресла,1,0,0.0,0.0,0.0,новый,реклама,True
6432,2026-09-06,Менеджер 1,Могилёв,офисные столы,1,0,0.0,0.0,0.0,новый,реклама,True
6433,2026-09-06,Менеджер 4,Могилёв,офисные кресла,1,0,0.0,0.0,0.0,новый,партнёр,True
6434,2026-09-06,Менеджер 4,Брест,офисные столы,1,0,0.0,0.0,0.0,новый,реклама,True
6435,2026-09-06,Менеджер 2,Брест,шкафы,1,0,0.0,0.0,0.0,повторный,реклама,True
6436,2026-09-06,Менеджер 4,Гродно,шкафы,1,1,1347.34,372.36,0.114,новый,партнёр,True
6437,2026-09-06,Менеджер 4,Витебск,шкафы,1,1,1091.98,257.2,0.036,повторный,звонок,True
6438,2026-09-06,Менеджер 3,Гомель,шкафы,1,0,0.0,0.0,0.0,новый,партнёр,True
6439,2026-09-06,Менеджер 1,Брест,офисные столы,1,0,0.0,0.0,0.0,новый,реклама,True
6440,2026-09-06,Менеджер 5,Могилёв,офисные столы,1,0,0.0,0.0,0.0,новый,партнёр,True
6441,2026-09-06,Менеджер 3,Гомель,офисные кресла,1,0,0.0,0.0,0.0,новый,сайт,True
6442,2026-09-06,Менеджер 3,Гомель,шкафы,1,1,1117.8,284.7,0.047,новый,реклама,True
6443,2026-09-06,Менеджер 2,Брест,офисные столы,1,0,0.0,0.0,0.0,новый,партнёр,True
6444,2026-09-06,Менеджер 2,Гродно,шкафы,1,1,1360.05,356.31,0.075,новый,реклама,True
6445,2026-09-06,Менеджер 5,Витебск,офисные столы,1,1,1119.99,361.39,0.116,новый,сайт,True
6446,2026-09-06,Менеджер 4,Могилёв,шкафы,1,0,0.0,0.0,0.0,новый,звонок,True
6447,2026-09-06,Менеджер 1,Гродно,шкафы,1,0,0.0,0.0,0.0,повторный,звонок,True
6448,2026-09-06,Менеджер 2,Гомель,шкафы,1,0,0.0,0.0,0.0,новый,реклама,True
6449,2026-09-06,Менеджер 2,Гомель,шкафы,1,0,0.0,0.0,0.0,новый,партнёр,True
6450,2026-09-06,Менеджер 5,Гомель,шкафы,1,1,1030.16,296.65,0.09,новый,реклама,True
6451,2026-09-06,Менеджер 3,Витебск,офисные кресла,1,0,0.0,0.0,0.0,новый,реклама,True
6452,2026-09-06,Менеджер 2,Гродно,шкафы,1,0,0.0,0.0,0.0,новый,партнёр,True
6453,2026-09-06,Менеджер 2,Гродно,шкафы,1,0,0.0,0.0,0.0,новый,реклама,True
6454,2026-09-06,Менеджер 2,Гомель,шкафы,1,1,1088.71,310.34,0.151,повторный,сайт,True
6455,2026-09-06,Менеджер 5,Гомель,офисные столы,1,1,839.57,245.47,0.103,новый,партнёр,True
6456,2026-09-06,Менеджер 4,Брест,офисные столы,1,0,0.0,0.0,0.0,новый,партнёр,True
6457,2026-09-06,Менеджер 4,Брест,офисные кресла,1,1,561.49,162.96,0.032,новый,партнёр,True
6458,2026-09-06,Менеджер 4,Гомель,офисные кресла,1,0,0.0,0.0,0.0,повторный,звонок,True
6459,2026-09-06,Менеджер 1,Гродно,офисные столы,1,0,0.0,0.0,0.0,новый,звонок,True
6460,2026-09-06,Менеджер 3,Брест,шкафы,1,1,1443.81,422.16,0.096,повторный,сайт,True
6461,2026-09-06,Менеджер 4,Гомель,офисные кресла,1,0,0.0,0.0,0.0,новый,партнёр,True
6462,2026-09-06,Менеджер 2,Брест,офисные кресла,1,0,0.0,0.0,0.0,новый,сайт,True
6463,2026-09-06,Менеджер 3,Гродно,офисные столы,1,1,642.36,204.94,0.112,повторный,реклама,True
6464,2026-09-06,Менеджер 1,Могилёв,офисные столы,1,1,1089.61,330.7,0.092,новый,реклама,True
6465,2026-09-07,Менеджер 3,Гомель,офисные кресла,1,0,0.0,0.0,0.0,повторный,звонок,True
6466,2026-09-07,Менеджер 3,Брест,офисные столы,1,0,0.0,0.0,0.0,повторный,сайт,True
6467,2026-09-07,Менеджер 3,Витебск,офисные столы,1,0,0.0,0.0,0.0,новый,партнёр,True
6468,2026-09-07,Менеджер 2,Гомель,офисные столы,1,0,0.0,0.0,0.0,новый,партнёр,True
6469,2026-09-07,Менеджер 5,Гродно,офисные столы,1,0,0.0,0.0,0.0,новый,партнёр,True
6470,2026-09-07,Менеджер 3,Гродно,офисные кресла,1,0,0.0,0.0,0.0,новый,реклама,True
6471,2026-09-07,Менеджер 1,Могилёв,шкафы,1,0,0.0,0.0,0.0,новый,реклама,True
6472,2026-09-07,Менеджер 5,Могилёв,шкафы,1,0,0.0,0.0,0.0,новый,звонок,True
6473,2026-09-07,Менеджер 5,Могилёв,шкафы,1,0,0.0,0.0,0.0,повторный,сайт,True
6474,2026-09-07,Менеджер 1,Гродно,шкафы,1,0,0.0,0.0,0.0,новый,сайт,True
6475,2026-09-07,Менеджер 3,Витебск,офисные кресла,1,0,0.0,0.0,0.0,повторный,партнёр,True
6476,2026-09-07,Менеджер 1,Витебск,шкафы,1,0,0.0,0.0,0.0,новый,сайт,True
6477,2026-09-07,Менеджер 1,Витебск,шкафы,1,0,0.0,0.0,0.0,новый,партнёр,True
6478,2026-09-07,Менеджер 1,Гомель,офисные кресла,1,0,0.0,0.0,0.0,новый,звонок,True
6479,2026-09-07,Менеджер 2,Могилёв,офисные кресла,1,0,0.0,0.0,0.0,повторный,реклама,True
6480,2026-09-07,Менеджер 3,Гродно,шкафы,1,1,1089.43,333.79,0.053,новый,сайт,True
6481,2026-09-07,Менеджер 2,Гродно,шкафы,1,0,0.0,0.0,0.0,новый,звонок,True
6482,2026-09-07,Менеджер 3,Брест,офисные столы,1,0,0.0,0.0,0.0,новый,сайт,True
6483,2026-09-07,Менеджер 5,Могилёв,шкафы,1,1,1293.11,341.22,0.088,новый,звонок,True
6484,2026-09-07,Менеджер 3,Могилёв,шкафы,1,0,0.0,0.0,0.0,повторный,сайт,True
6485,2026-09-07,Менеджер 5,Витебск,шкафы,1,0,0.0,0.0,0.0,повторный,реклама,True
6486,2026-09-07,Менеджер 1,Витебск,офисные кресла,1,1,742.66,244.16,0.119,повторный,партнёр,True
6487,2026-09-07,Менеджер 4,Могилёв,офисные столы,1,1,788.04,240.83,0.139,новый,сайт,True
6488,2026-09-07,Менеджер 3,Гродно,офисные столы,1,0,0.0,0.0,0.0,повторный,сайт,True
6489,2026-09-07,Менеджер 1,Брест,шкафы,1,1,1378.3,392.89,0.128,новый,реклама,True
6490,2026-09-07,Менеджер 4,Могилёв,офисные столы,1,0,0.0,0.0,0.0,повторный,реклама,True
6491,2026-09-07,Менеджер 3,Гомель,шкафы,1,0,0.0,0.0,0.0,новый,реклама,True
6492,2026-09-07,Менеджер 1,Могилёв,офисные столы,1,0,0.0,0.0,0.0,повторный,реклама,True
6493,2026-09-07,Менеджер 3,Гродно,офисные столы,1,0,0.0,0.0,0.0,новый,реклама,True
6494,2026-09-07,Менеджер 1,Гомель,офисные кресла,1,1,603.05,205.13,0.059,новый,реклама,True
6495,2026-09-07,Менеджер 1,Гомель,офисные столы,1,0,0.0,0.0,0.0,новый,сайт,True
6496,2026-09-07,Менеджер 4,Гомель,шкафы,1,0,0.0,0.0,0.0,новый,партнёр,True
6497,2026-09-07,Менеджер 4,Брест,офисные столы,1,0,0.0,0.0,0.0,новый,партнёр,True
6498,2026-09-07,Менеджер 1,Гродно,офисные столы,1,1,1098.08,356.05,0.067,новый,сайт,True
6499,2026-09-07,Менеджер 3,Брест,шкафы,1,1,916.98,249.09,0.047,повторный,партнёр,True
6500,2026-09-07,Менеджер 1,Витебск,шкафы,1,1,1249.18,311.58,0.118,новый,партнёр,True
6501,2026-09-07,Менеджер 2,Гомель,шкафы,1,0,0.0,0.0,0.0,новый,звонок,True
6502,2026-09-07,Менеджер 5,Витебск,офисные столы,1,0,0.0,0.0,0.0,повторный,партнёр,True
6503,2026-09-07,Менеджер 2,Брест,офисные столы,1,0,0.0,0.0,0.0,новый,сайт,True
6504,2026-09-07,Менеджер 3,Могилёв,офисные кресла,1,0,0.0,0.0,0.0,повторный,партнёр,True
6505,2026-09-07,Менеджер 4,Гродно,офисные кресла,1,1,738.27,257.32,0.09,новый,сайт,True
6506,2026-09-07,Менеджер 1,Брест,офисные кресла,1,0,0.0,0.0,0.0,повторный,партнёр,True
6507,2026-09-07,Менеджер 4,Витебск,офисные кресла,1,0,0.0,0.0,0.0,новый,звонок,True
6508,2026-09-07,Менеджер 5,Витебск,офисные столы,1,0,0.0,0.0,0.0,повторный,партнёр,True
6509,2026-09-08,Менеджер 5,Могилёв,шкафы,1,0,0.0,0.0,0.0,новый,сайт,True
6510,2026-09-08,Менеджер 1,Могилёв,шкафы,1,1,1140.63,296.55,0.123,повторный,сайт,True
6511,2026-09-08,Менеджер 1,Витебск,офисные кресла,1,0,0.0,0.0,0.0,новый,сайт,True
6512,2026-09-08,Менеджер 5,Витебск,офисные кресла,1,1,565.96,215.87,0.04,новый,партнёр,True
6513,2026-09-08,Менеджер 4,Гомель,офисные столы,1,0,0.0,0.0,0.0,новый,сайт,True
6514,2026-09-08,Менеджер 4,Брест,шкафы,1,0,0.0,0.0,0.0,новый,партнёр,True
6515,2026-09-08,Менеджер 5,Гродно,шкафы,1,0,0.0,0.0,0.0,новый,партнёр,True
6516,2026-09-08,Менеджер 3,Могилёв,офисные кресла,1,0,0.0,0.0,0.0,новый,реклама,True
6517,2026-09-08,Менеджер 3,Могилёв,шкафы,1,1,1520.55,368.72,0.098,новый,реклама,True
6518,2026-09-08,Менеджер 2,Брест,шкафы,1,0,0.0,0.0,0.0,повторный,партнёр,True
6519,2026-09-08,Менеджер 5,Гомель,офисные столы,1,0,0.0,0.0,0.0,повторный,сайт,True
6520,2026-09-08,Менеджер 4,Могилёв,офисные кресла,1,0,0.0,0.0,0.0,повторный,звонок,True
6521,2026-09-08,Менеджер 5,Гродно,шкафы,1,1,1319.44,343.36,0.107,новый,партнёр,True
6522,2026-09-08,Менеджер 1,Витебск,офисные кресла,1,0,0.0,0.0,0.0,повторный,партнёр,True
6523,2026-09-08,Менеджер 2,Гомель,шкафы,1,0,0.0,0.0,0.0,повторный,звонок,True
6524,2026-09-08,Менеджер 1,Могилёв,офисные столы,1,0,0.0,0.0,0.0,новый,сайт,True
6525,2026-09-08,Менеджер 2,Брест,шкафы,1,0,0.0,0.0,0.0,новый,звонок,True
6526,2026-09-08,Менеджер 2,Гродно,офисные кресла,1,0,0.0,0.0,0.0,новый,сайт,True
6527,2026-09-08,Менеджер 5,Могилёв,офисные столы,1,1,678.82,177.87,0.065,новый,сайт,True
6528,2026-09-08,Менеджер 4,Могилёв,офисные кресла,1,0,0.0,0.0,0.0,новый,реклама,True
6529,2026-09-08,Менеджер 3,Гродно,офисные столы,1,0,0.0,0.0,0.0,повторный,реклама,True
6530,2026-09-08,Менеджер 3,Гродно,офисные кресла,1,0,0.0,0.0,0.0,повторный,сайт,True
6531,2026-09-08,Менеджер 1,Витебск,шкафы,1,0,0.0,0.0,0.0,повторный,сайт,True
6532,2026-09-08,Менеджер 3,Витебск,офисные столы,1,0,0.0,0.0,0.0,новый,партнёр,True
6533,2026-09-08,Менеджер 4,Брест,офисные кресла,1,1,531.97,190.23,0.026,повторный,сайт,True
6534,2026-09-08,Менеджер 3,Могилёв,офисные кресла,1,0,0.0,0.0,0.0,повторный,реклама,True
6535,2026-09-08,Менеджер 1,Брест,шкафы,1,0,0.0,0.0,0.0,новый,звонок,True
6536,2026-09-08,Менеджер 4,Брест,шкафы,1,1,1142.94,344.53,0.11,новый,звонок,True
6537,2026-09-08,Менеджер 2,Могилёв,шкафы,1,0,0.0,0.0,0.0,новый,реклама,True
6538,2026-09-08,Менеджер 1,Витебск,шкафы,1,0,0.0,0.0,0.0,новый,звонок,True
6539,2026-09-08,Менеджер 5,Брест,офисные кресла,1,0,0.0,0.0,0.0,новый,сайт,True
6540,2026-09-08,Менеджер 2,Гродно,офисные кресла,1,0,0.0,0.0,0.0,повторный,звонок,True
6541,2026-09-08,Менеджер 2,Могилёв,шкафы,1,1,1133.47,274.58,0.112,повторный,партнёр,True
6542,2026-09-08,Менеджер 5,Брест,офисные столы,1,0,0.0,0.0,0.0,повторный,партнёр,True
6543,2026-09-08,Менеджер 3,Гомель,офисные столы,1,0,0.0,0.0,0.0,новый,реклама,True
6544,2026-09-08,Менеджер 1,Гродно,офисные столы,1,0,0.0,0.0,0.0,новый,партнёр,True
6545,2026-09-08,Менеджер 5,Гомель,офисные кресла,1,1,601.29,192.81,0.141,новый,звонок,True
6546,2026-09-08,Менеджер 1,Могилёв,шкафы,1,0,0.0,0.0,0.0,повторный,сайт,True
6547,2026-09-08,Менеджер 1,Витебск,офисные столы,1,0,0.0,0.0,0.0,новый,партнёр,True
6548,2026-09-08,Менеджер 1,Витебск,шкафы,1,1,1040.27,274.22,0.127,новый,партнёр,True
6549,2026-09-08,Менеджер 1,Витебск,шкафы,1,0,0.0,0.0,0.0,новый,сайт,True
6550,2026-09-08,Менеджер 3,Могилёв,офисные столы,1,0,0.0,0.0,0.0,новый,реклама,True
6551,2026-09-08,Менеджер 1,Брест,шкафы,1,0,0.0,0.0,0.0,повторный,реклама,True
6552,2026-09-08,Менеджер 4,Брест,шкафы,1,0,0.0,0.0,0.0,повторный,партнёр,True
6553,2026-09-08,Менеджер 1,Витебск,шкафы,1,1,1229.2,382.7,0.064,повторный,сайт,True
6554,2026-09-08,Менеджер 3,Гомель,офисные кресла,1,0,0.0,0.0,0.0,новый,звонок,True
6555,2026-09-08,Менеджер 2,Брест,офисные кресла,1,0,0.0,0.0,0.0,повторный,реклама,True
6556,2026-09-08,Менеджер 2,Гродно,шкафы,1,1,1266.92,376.48,0.098,новый,сайт,True
6557,2026-09-08,Менеджер 3,Витебск,шкафы,1,0,0.0,0.0,0.0,повторный,сайт,True
6558,2026-09-08,Менеджер 2,Гомель,офисные столы,1,0,0.0,0.0,0.0,повторный,партнёр,True
6559,2026-09-08,Менеджер 5,Гомель,шкафы,1,1,1412.77,351.66,0.043,повторный,звонок,True
6560,2026-09-08,Менеджер 2,Могилёв,офисные столы,1,0,0.0,0.0,0.0,повторный,звонок,True
6561,2026-09-08,Менеджер 4,Брест,офисные столы,1,0,0.0,0.0,0.0,новый,сайт,True
6562,2026-09-09,Менеджер 2,Брест,офисные кресла,1,0,0.0,0.0,0.0,новый,реклама,True
6563,2026-09-09,Менеджер 2,Гродно,офисные столы,1,0,0.0,0.0,0.0,новый,сайт,True
6564,2026-09-09,Менеджер 5,Витебск,шкафы,1,1,1461.68,417.44,0.081,повторный,партнёр,True
6565,2026-09-09,Менеджер 4,Брест,шкафы,1,0,0.0,0.0,0.0,новый,сайт,True
6566,2026-09-09,Менеджер 1,Брест,офисные столы,1,0,0.0,0.0,0.0,новый,звонок,True
6567,2026-09-09,Менеджер 3,Брест,офисные столы,1,0,0.0,0.0,0.0,повторный,партнёр,True
6568,2026-09-09,Менеджер 4,Гродно,офисные кресла,1,0,0.0,0.0,0.0,новый,партнёр,True
6569,2026-09-09,Менеджер 5,Могилёв,шкафы,1,0,0.0,0.0,0.0,новый,партнёр,True
6570,2026-09-09,Менеджер 1,Могилёв,офисные столы,1,0,0.0,0.0,0.0,новый,партнёр,True
6571,2026-09-09,Менеджер 4,Витебск,офисные кресла,1,0,0.0,0.0,0.0,новый,реклама,True
6572,2026-09-09,Менеджер 4,Могилёв,офисные столы,1,1,1143.77,354.51,0.094,новый,сайт,True
6573,2026-09-09,Менеджер 5,Могилёв,офисные столы,1,0,0.0,0.0,0.0,новый,сайт,True
6574,2026-09-09,Менеджер 4,Витебск,шкафы,1,0,0.0,0.0,0.0,новый,сайт,True
6575,2026-09-09,Менеджер 5,Гродно,шкафы,1,0,0.0,0.0,0.0,повторный,звонок,True
6576,2026-09-09,Менеджер 5,Витебск,офисные кресла,1,0,0.0,0.0,0.0,повторный,звонок,True
6577,2026-09-09,Менеджер 1,Могилёв,офисные кресла,1,1,801.46,286.13,0.095,новый,реклама,True
6578,2026-09-09,Менеджер 4,Брест,офисные столы,1,0,0.0,0.0,0.0,новый,сайт,True
6579,2026-09-09,Менеджер 2,Витебск,офисные столы,1,0,0.0,0.0,0.0,новый,партнёр,True
6580,2026-09-09,Менеджер 4,Гродно,шкафы,1,1,882.64,203.26,0.186,новый,реклама,True
6581,2026-09-09,Менеджер 2,Брест,офисные столы,1,0,0.0,0.0,0.0,новый,партнёр,True
6582,2026-09-09,Менеджер 1,Гомель,офисные столы,1,0,0.0,0.0,0.0,новый,звонок,True
6583,2026-09-09,Менеджер 5,Гомель,офисные кресла,1,1,492.79,148.75,0.018,новый,сайт,True
6584,2026-09-09,Менеджер 3,Могилёв,офисные столы,1,1,1069.17,288.43,0.054,повторный,реклама,True
6585,2026-09-09,Менеджер 2,Гродно,офисные столы,1,0,0.0,0.0,0.0,новый,реклама,True
6586,2026-09-09,Менеджер 5,Могилёв,шкафы,1,0,0.0,0.0,0.0,повторный,сайт,True
6587,2026-09-09,Менеджер 4,Могилёв,офисные кресла,1,0,0.0,0.0,0.0,новый,сайт,True
6588,2026-09-09,Менеджер 2,Гомель,офисные столы,1,0,0.0,0.0,0.0,повторный,партнёр,True
6589,2026-09-09,Менеджер 5,Витебск,офисные столы,1,0,0.0,0.0,0.0,новый,партнёр,True
6590,2026-09-09,Менеджер 3,Гродно,шкафы,1,0,0.0,0.0,0.0,повторный,сайт,True
6591,2026-09-09,Менеджер 3,Гомель,офисные столы,1,0,0.0,0.0,0.0,повторный,сайт,True
6592,2026-09-09,Менеджер 1,Могилёв,шкафы,1,1,996.0,266.91,0.069,повторный,реклама,True
6593,2026-09-09,Менеджер 2,Могилёв,шкафы,1,0,0.0,0.0,0.0,повторный,сайт,True
6594,2026-09-09,Менеджер 2,Витебск,шкафы,1,0,0.0,0.0,0.0,новый,звонок,True
6595,2026-09-09,Менеджер 2,Могилёв,офисные столы,1,1,720.46,214.58,0.078,новый,звонок,True
6596,2026-09-09,Менеджер 5,Брест,офисные кресла,1,1,553.87,163.16,0.121,повторный,реклама,True
6597,2026-09-09,Менеджер 2,Могилёв,офисные столы,1,0,0.0,0.0,0.0,повторный,сайт,True
6598,2026-09-09,Менеджер 4,Витебск,шкафы,1,1,1432.67,413.46,0.088,повторный,партнёр,True
6599,2026-09-09,Менеджер 1,Брест,офисные кресла,1,0,0.0,0.0,0.0,новый,сайт,True
6600,2026-09-09,Менеджер 3,Могилёв,офисные кресла,1,0,0.0,0.0,0.0,повторный,звонок,True
6601,2026-09-09,Менеджер 1,Могилёв,офисные кресла,1,1,827.31,269.55,0.077,повторный,партнёр,True
6602,2026-09-09,Менеджер 5,Гомель,шкафы,1,0,0.0,0.0,0.0,новый,звонок,True
6603,2026-09-09,Менеджер 3,Брест,офисные столы,1,0,0.0,0.0,0.0,повторный,сайт,True
6604,2026-09-09,Менеджер 1,Гомель,офисные столы,1,0,0.0,0.0,0.0,новый,звонок,True
6605,2026-09-09,Менеджер 3,Гродно,шкафы,1,0,0.0,0.0,0.0,новый,сайт,True
6606,2026-09-09,Менеджер 4,Гродно,шкафы,1,1,1092.66,265.8,0.122,новый,сайт,True
6607,2026-09-09,Менеджер 3,Могилёв,офисные столы,1,1,791.58,199.79,0.067,новый,звонок,True
6608,2026-09-09,Менеджер 4,Гродно,офисные столы,1,0,0.0,0.0,0.0,повторный,звонок,True
6609,2026-09-09,Менеджер 4,Гродно,офисные кресла,1,0,0.0,0.0,0.0,повторный,реклама,True
6610,2026-09-09,Менеджер 1,Гомель,шкафы,1,0,0.0,0.0,0.0,новый,партнёр,True
6611,2026-09-09,Менеджер 1,Гродно,офисные кресла,1,1,746.87,247.32,0.059,новый,звонок,True
6612,2026-09-09,Менеджер 2,Могилёв,шкафы,1,0,0.0,0.0,0.0,новый,партнёр,True
6613,2026-09-09,Менеджер 5,Гродно,шкафы,1,1,1536.63,368.91,0.07,повторный,звонок,True
6614,2026-09-10,Менеджер 4,Гродно,офисные кресла,1,1,748.78,262.05,0.01,повторный,сайт,True
6615,2026-09-10,Менеджер 5,Могилёв,офисные кресла,1,1,804.63,274.89,0.132,новый,реклама,True
6616,2026-09-10,Менеджер 4,Брест,шкафы,1,0,0.0,0.0,0.0,новый,реклама,True
6617,2026-09-10,Менеджер 3,Гомель,офисные кресла,1,0,0.0,0.0,0.0,новый,партнёр,True
6618,2026-09-10,Менеджер 2,Витебск,офисные столы,1,0,0.0,0.0,0.0,повторный,сайт,True
6619,2026-09-10,Менеджер 4,Витебск,офисные столы,1,0,0.0,0.0,0.0,повторный,партнёр,True
6620,2026-09-10,Менеджер 2,Гродно,шкафы,1,0,0.0,0.0,0.0,новый,сайт,True
6621,2026-09-10,Менеджер 2,Витебск,офисные кресла,1,0,0.0,0.0,0.0,новый,звонок,True
6622,2026-09-10,Менеджер 1,Гомель,офисные кресла,1,1,594.72,212.0,0.046,новый,партнёр,True
6623,2026-09-10,Менеджер 1,Могилёв,шкафы,1,1,1192.82,330.61,0.137,новый,звонок,True
6624,2026-09-10,Менеджер 1,Витебск,офисные кресла,1,1,688.51,256.4,0.09,повторный,партнёр,True
6625,2026-09-10,Менеджер 1,Гродно,шкафы,1,0,0.0,0.0,0.0,новый,партнёр,True
6626,2026-09-10,Менеджер 4,Брест,офисные столы,1,0,0.0,0.0,0.0,новый,реклама,True
6627,2026-09-10,Менеджер 5,Гомель,шкафы,1,0,0.0,0.0,0.0,повторный,сайт,True
6628,2026-09-10,Менеджер 2,Могилёв,офисные кресла,1,0,0.0,0.0,0.0,новый,партнёр,True
6629,2026-09-10,Менеджер 1,Могилёв,шкафы,1,0,0.0,0.0,0.0,новый,сайт,True
6630,2026-09-10,Менеджер 1,Гродно,офисные кресла,1,1,530.71,154.53,0.077,новый,партнёр,True
6631,2026-09-10,Менеджер 3,Брест,шкафы,1,1,1198.99,383.98,0.0,новый,партнёр,True
6632,2026-09-10,Менеджер 4,Гродно,шкафы,1,1,1263.27,286.87,0.118,новый,реклама,True
6633,2026-09-10,Менеджер 3,Витебск,офисные столы,1,1,859.53,287.93,0.067,новый,партнёр,True
6634,2026-09-10,Менеджер 4,Брест,шкафы,1,0,0.0,0.0,0.0,новый,реклама,True
6635,2026-09-10,Менеджер 3,Брест,офисные столы,1,0,0.0,0.0,0.0,новый,сайт,True
6636,2026-09-10,Менеджер 2,Витебск,шкафы,1,1,1186.93,331.32,0.075,новый,партнёр,True
6637,2026-09-10,Менеджер 5,Гомель,офисные столы,1,0,0.0,0.0,0.0,повторный,реклама,True
6638,2026-09-10,Менеджер 2,Витебск,офисные столы,1,0,0.0,0.0,0.0,новый,звонок,True
6639,2026-09-10,Менеджер 5,Брест,офисные кресла,1,0,0.0,0.0,0.0,новый,партнёр,True
6640,2026-09-10,Менеджер 1,Витебск,шкафы,1,0,0.0,0.0,0.0,новый,партнёр,True
6641,2026-09-10,Менеджер 2,Гродно,шкафы,1,1,1235.25,334.55,0.104,повторный,сайт,True
6642,2026-09-10,Менеджер 1,Могилёв,шкафы,1,0,0.0,0.0,0.0,новый,сайт,True
6643,2026-09-10,Менеджер 2,Гомель,шкафы,1,1,1098.86,273.28,0.035,новый,звонок,True
6644,2026-09-10,Менеджер 3,Гродно,офисные кресла,1,0,0.0,0.0,0.0,новый,реклама,True
6645,2026-09-10,Менеджер 4,Витебск,шкафы,1,1,1155.51,312.37,0.086,новый,реклама,True
6646,2026-09-10,Менеджер 1,Брест,офисные столы,1,1,890.83,238.87,0.142,новый,партнёр,True
6647,2026-09-10,Менеджер 4,Витебск,офисные кресла,1,0,0.0,0.0,0.0,повторный,звонок,True
6648,2026-09-10,Менеджер 4,Гомель,шкафы,1,0,0.0,0.0,0.0,новый,реклама,True
6649,2026-09-10,Менеджер 1,Гомель,шкафы,1,0,0.0,0.0,0.0,новый,реклама,True
6650,2026-09-10,Менеджер 3,Брест,шкафы,1,1,1288.11,373.96,0.051,новый,партнёр,True
6651,2026-09-10,Менеджер 4,Гомель,офисные кресла,1,0,0.0,0.0,0.0,новый,звонок,True
6652,2026-09-10,Менеджер 3,Могилёв,шкафы,1,0,0.0,0.0,0.0,новый,звонок,True
6653,2026-09-10,Менеджер 3,Гродно,офисные кресла,1,1,580.13,181.67,0.067,новый,партнёр,True
6654,2026-09-10,Менеджер 1,Витебск,офисные столы,1,0,0.0,0.0,0.0,новый,реклама,True
6655,2026-09-10,Менеджер 1,Гродно,офисные столы,1,0,0.0,0.0,0.0,новый,реклама,True
6656,2026-09-10,Менеджер 3,Гомель,шкафы,1,0,0.0,0.0,0.0,повторный,партнёр,True
6657,2026-09-10,Менеджер 5,Гомель,офисные кресла,1,0,0.0,0.0,0.0,новый,реклама,True
6658,2026-09-10,Менеджер 1,Могилёв,офисные кресла,1,0,0.0,0.0,0.0,новый,звонок,True
6659,2026-09-10,Менеджер 2,Гомель,офисные кресла,1,0,0.0,0.0,0.0,новый,звонок,True
6660,2026-09-10,Менеджер 5,Витебск,шкафы,1,0,0.0,0.0,0.0,повторный,звонок,True
6661,2026-09-11,Менеджер 5,Витебск,шкафы,1,0,0.0,0.0,0.0,новый,сайт,True
6662,2026-09-11,Менеджер 2,Гродно,офисные кресла,1,0,0.0,0.0,0.0,новый,звонок,True
6663,2026-09-11,Менеджер 4,Гродно,офисные кресла,1,0,0.0,0.0,0.0,новый,сайт,True
6664,2026-09-11,Менеджер 4,Могилёв,офисные кресла,1,1,582.16,176.38,0.142,новый,сайт,True
6665,2026-09-11,Менеджер 3,Могилёв,шкафы,1,1,1540.74,449.69,0.051,новый,сайт,True
6666,2026-09-11,Менеджер 4,Витебск,шкафы,1,0,0.0,0.0,0.0,новый,сайт,True
6667,2026-09-11,Менеджер 4,Витебск,шкафы,1,0,0.0,0.0,0.0,повторный,реклама,True
6668,2026-09-11,Менеджер 2,Витебск,офисные столы,1,0,0.0,0.0,0.0,новый,партнёр,True
6669,2026-09-11,Менеджер 1,Гомель,офисные столы,1,0,0.0,0.0,0.0,новый,реклама,True
6670,2026-09-11,Менеджер 4,Гомель,офисные столы,1,0,0.0,0.0,0.0,новый,сайт,True
6671,2026-09-11,Менеджер 4,Могилёв,шкафы,1,0,0.0,0.0,0.0,новый,реклама,True
6672,2026-09-11,Менеджер 4,Витебск,офисные столы,1,0,0.0,0.0,0.0,новый,партнёр,True
6673,2026-09-11,Менеджер 1,Гомель,шкафы,1,0,0.0,0.0,0.0,новый,реклама,True
6674,2026-09-11,Менеджер 4,Могилёв,офисные кресла,1,0,0.0,0.0,0.0,повторный,реклама,True
6675,2026-09-11,Менеджер 5,Могилёв,шкафы,1,0,0.0,0.0,0.0,новый,сайт,True
6676,2026-09-11,Менеджер 1,Гродно,офисные кресла,1,0,0.0,0.0,0.0,повторный,сайт,True
6677,2026-09-11,Менеджер 2,Гродно,офисные кресла,1,1,773.25,226.7,0.105,повторный,сайт,True
6678,2026-09-11,Менеджер 4,Брест,офисные кресла,1,1,610.82,230.92,0.023,новый,сайт,True
6679,2026-09-11,Менеджер 5,Брест,офисные столы,1,0,0.0,0.0,0.0,новый,партнёр,True
6680,2026-09-11,Менеджер 1,Витебск,офисные кресла,1,0,0.0,0.0,0.0,новый,реклама,True
6681,2026-09-11,Менеджер 3,Брест,шкафы,1,0,0.0,0.0,0.0,новый,звонок,True
6682,2026-09-11,Менеджер 2,Могилёв,шкафы,1,0,0.0,0.0,0.0,новый,партнёр,True
6683,2026-09-11,Менеджер 4,Могилёв,офисные кресла,1,1,775.32,276.89,0.116,новый,партнёр,True
6684,2026-09-11,Менеджер 1,Витебск,офисные столы,1,1,923.26,292.61,0.043,новый,реклама,True
6685,2026-09-11,Менеджер 2,Гродно,шкафы,1,0,0.0,0.0,0.0,повторный,партнёр,True
6686,2026-09-11,Менеджер 3,Брест,офисные кресла,1,0,0.0,0.0,0.0,новый,реклама,True
6687,2026-09-11,Менеджер 2,Витебск,шкафы,1,0,0.0,0.0,0.0,новый,звонок,True
6688,2026-09-11,Менеджер 2,Витебск,офисные столы,1,1,1043.58,340.16,0.113,новый,сайт,True
6689,2026-09-11,Менеджер 2,Могилёв,шкафы,1,0,0.0,0.0,0.0,новый,сайт,True
6690,2026-09-11,Менеджер 4,Витебск,офисные кресла,1,0,0.0,0.0,0.0,новый,сайт,True
6691,2026-09-11,Менеджер 5,Брест,шкафы,1,1,1109.9,314.88,0.134,повторный,звонок,True
6692,2026-09-11,Менеджер 2,Гомель,офисные столы,1,0,0.0,0.0,0.0,новый,партнёр,True
6693,2026-09-11,Менеджер 3,Гродно,офисные столы,1,0,0.0,0.0,0.0,повторный,реклама,True
6694,2026-09-11,Менеджер 5,Гомель,шкафы,1,1,1320.9,372.54,0.105,новый,звонок,True
6695,2026-09-11,Менеджер 3,Могилёв,офисные столы,1,0,0.0,0.0,0.0,новый,реклама,True
6696,2026-09-11,Менеджер 3,Гродно,офисные столы,1,1,1074.87,325.12,0.149,новый,сайт,True
6697,2026-09-11,Менеджер 4,Брест,офисные столы,1,0,0.0,0.0,0.0,новый,сайт,True
6698,2026-09-11,Менеджер 2,Могилёв,шкафы,1,0,0.0,0.0,0.0,новый,партнёр,True
6699,2026-09-11,Менеджер 5,Витебск,офисные столы,1,1,812.49,266.77,0.103,новый,партнёр,True
6700,2026-09-11,Менеджер 4,Брест,офисные столы,1,0,0.0,0.0,0.0,новый,реклама,True
6701,2026-09-11,Менеджер 4,Брест,офисные кресла,1,0,0.0,0.0,0.0,новый,сайт,True
6702,2026-09-11,Менеджер 1,Витебск,шкафы,1,1,1439.07,409.56,0.032,новый,партнёр,True
6703,2026-09-11,Менеджер 5,Гомель,офисные кресла,1,0,0.0,0.0,0.0,повторный,звонок,True
6704,2026-09-11,Менеджер 5,Гомель,шкафы,1,1,1126.86,290.08,0.081,новый,звонок,True
6705,2026-09-11,Менеджер 1,Витебск,офисные кресла,1,0,0.0,0.0,0.0,повторный,реклама,True
6706,2026-09-11,Менеджер 2,Могилёв,офисные столы,1,0,0.0,0.0,0.0,новый,звонок,True
6707,2026-09-11,Менеджер 2,Витебск,офисные столы,1,0,0.0,0.0,0.0,новый,партнёр,True
6708,2026-09-11,Менеджер 1,Витебск,офисные кресла,1,0,0.0,0.0,0.0,повторный,партнёр,True
6709,2026-09-11,Менеджер 4,Витебск,офисные столы,1,0,0.0,0.0,0.0,повторный,реклама,True
6710,2026-09-11,Менеджер 5,Гомель,офисные столы,1,1,1060.56,266.1,0.088,новый,партнёр,True
6711,2026-09-11,Менеджер 4,Могилёв,шкафы,1,0,0.0,0.0,0.0,новый,реклама,True
6712,2026-09-11,Менеджер 3,Брест,офисные кресла,1,0,0.0,0.0,0.0,повторный,партнёр,True
6713,2026-09-11,Менеджер 3,Гомель,офисные кресла,1,0,0.0,0.0,0.0,повторный,сайт,True
6714,2026-09-12,Менеджер 4,Могилёв,шкафы,1,0,0.0,0.0,0.0,повторный,реклама,True
6715,2026-09-12,Менеджер 5,Гродно,офисные столы,1,0,0.0,0.0,0.0,повторный,реклама,True
6716,2026-09-12,Менеджер 3,Брест,шкафы,1,0,0.0,0.0,0.0,новый,звонок,True
6717,2026-09-12,Менеджер 2,Гомель,офисные кресла,1,0,0.0,0.0,0.0,новый,звонок,True
6718,2026-09-12,Менеджер 1,Гродно,офисные столы,1,0,0.0,0.0,0.0,новый,партнёр,True
6719,2026-09-12,Менеджер 4,Витебск,офисные кресла,1,0,0.0,0.0,0.0,повторный,звонок,True
6720,2026-09-12,Менеджер 5,Брест,офисные кресла,1,0,0.0,0.0,0.0,новый,звонок,True
6721,2026-09-12,Менеджер 1,Гродно,офисные столы,1,0,0.0,0.0,0.0,повторный,звонок,True
6722,2026-09-12,Менеджер 4,Гомель,шкафы,1,0,0.0,0.0,0.0,повторный,партнёр,True
6723,2026-09-12,Менеджер 1,Гомель,офисные столы,1,0,0.0,0.0,0.0,повторный,звонок,True
6724,2026-09-12,Менеджер 5,Витебск,офисные столы,1,0,0.0,0.0,0.0,новый,звонок,True
6725,2026-09-12,Менеджер 3,Гродно,офисные кресла,1,0,0.0,0.0,0.0,новый,сайт,True
6726,2026-09-12,Менеджер 1,Брест,офисные кресла,1,0,0.0,0.0,0.0,повторный,сайт,True
6727,2026-09-12,Менеджер 3,Могилёв,офисные кресла,1,0,0.0,0.0,0.0,новый,партнёр,True
6728,2026-09-12,Менеджер 2,Витебск,шкафы,1,1,1070.71,340.42,0.023,повторный,реклама,True
6729,2026-09-12,Менеджер 4,Брест,офисные столы,1,0,0.0,0.0,0.0,повторный,реклама,True
6730,2026-09-12,Менеджер 5,Брест,офисные столы,1,1,1133.86,335.85,0.08,новый,сайт,True
6731,2026-09-12,Менеджер 2,Могилёв,офисные столы,1,0,0.0,0.0,0.0,повторный,сайт,True
6732,2026-09-12,Менеджер 1,Витебск,офисные столы,1,0,0.0,0.0,0.0,новый,сайт,True
6733,2026-09-12,Менеджер 5,Гродно,офисные столы,1,1,862.22,251.04,0.163,новый,партнёр,True
6734,2026-09-12,Менеджер 5,Витебск,офисные столы,1,0,0.0,0.0,0.0,новый,звонок,True
6735,2026-09-12,Менеджер 1,Витебск,офисные столы,1,0,0.0,0.0,0.0,повторный,партнёр,True
6736,2026-09-12,Менеджер 3,Брест,шкафы,1,0,0.0,0.0,0.0,новый,сайт,True
6737,2026-09-12,Менеджер 4,Гомель,шкафы,1,0,0.0,0.0,0.0,повторный,сайт,True
6738,2026-09-12,Менеджер 2,Витебск,офисные кресла,1,0,0.0,0.0,0.0,повторный,звонок,True
6739,2026-09-12,Менеджер 5,Могилёв,офисные кресла,1,0,0.0,0.0,0.0,повторный,партнёр,True
6740,2026-09-12,Менеджер 3,Могилёв,шкафы,1,1,1156.25,288.88,0.056,новый,партнёр,True
6741,2026-09-12,Менеджер 5,Брест,офисные кресла,1,0,0.0,0.0,0.0,новый,реклама,True
6742,2026-09-12,Менеджер 2,Брест,офисные кресла,1,0,0.0,0.0,0.0,повторный,звонок,True
6743,2026-09-12,Менеджер 5,Гомель,офисные столы,1,1,849.83,265.66,0.094,новый,звонок,True
6744,2026-09-12,Менеджер 1,Витебск,офисные кресла,1,0,0.0,0.0,0.0,повторный,партнёр,True
6745,2026-09-12,Менеджер 5,Гомель,шкафы,1,0,0.0,0.0,0.0,повторный,реклама,True
6746,2026-09-12,Менеджер 3,Гомель,шкафы,1,1,1193.66,320.6,0.041,повторный,партнёр,True
6747,2026-09-12,Менеджер 3,Витебск,офисные кресла,1,0,0.0,0.0,0.0,новый,партнёр,True
6748,2026-09-12,Менеджер 4,Могилёв,офисные кресла,1,0,0.0,0.0,0.0,новый,звонок,True
6749,2026-09-12,Менеджер 1,Брест,офисные кресла,1,0,0.0,0.0,0.0,новый,реклама,True
6750,2026-09-12,Менеджер 3,Брест,шкафы,1,0,0.0,0.0,0.0,новый,реклама,True
6751,2026-09-12,Менеджер 2,Брест,офисные столы,1,1,981.46,273.89,0.096,новый,партнёр,True
6752,2026-09-12,Менеджер 1,Брест,офисные столы,1,0,0.0,0.0,0.0,новый,реклама,True
6753,2026-09-12,Менеджер 4,Гродно,офисные кресла,1,1,812.24,256.67,0.075,новый,звонок,True
6754,2026-09-12,Менеджер 2,Гомель,офисные столы,1,1,767.88,208.76,0.137,новый,сайт,True
6755,2026-09-12,Менеджер 5,Витебск,офисные кресла,1,1,796.81,256.03,0.074,новый,сайт,True
6756,2026-09-12,Менеджер 2,Гродно,шкафы,1,0,0.0,0.0,0.0,новый,сайт,True
6757,2026-09-12,Менеджер 5,Брест,офисные кресла,1,1,627.59,192.21,0.128,новый,звонок,True
6758,2026-09-12,Менеджер 5,Витебск,шкафы,1,1,1531.64,384.03,0.07,новый,реклама,True
6759,2026-09-12,Менеджер 3,Брест,шкафы,1,0,0.0,0.0,0.0,повторный,сайт,True
6760,2026-09-12,Менеджер 4,Брест,офисные столы,1,0,0.0,0.0,0.0,повторный,сайт,True
6761,2026-09-12,Менеджер 4,Могилёв,шкафы,1,1,1208.06,346.25,0.168,новый,звонок,True
6762,2026-09-12,Менеджер 3,Гомель,офисные столы,1,0,0.0,0.0,0.0,повторный,реклама,True
6763,2026-09-12,Менеджер 5,Могилёв,офисные кресла,1,0,0.0,0.0,0.0,повторный,партнёр,True
6764,2026-09-12,Менеджер 1,Могилёв,шкафы,1,1,1247.49,334.56,0.109,новый,партнёр,True
6765,2026-09-10,Менеджер 3,Брест,шкафы,1,1,1400.0,420.0,0.05,новый,сайт,True
6766,2026-09-09,Менеджер 3,Брест,шкафы,1,1,1400.0,420.0,0.05,новый,сайт,True
